0.33333333333333337, 110
0.5000000000000001, 70
0.6666666666666669, 80
0.777777777777778, 120
1.4444444444444449, 90
1.555555555555556, 80
1.6111111111111116, 100
1.6666666666666672, 110
1.7222222222222228, 70
1.833333333333334, 60
1.8888888888888895, 100
2.055555555555556, 80
2.222222222222222, 80
2.388888888888888, 80
2.7777777777777755, 80
2.888888888888886, 100
3.2222222222222183, 80
3.2777777777777737, 90
3.3888888888888844, 90
3.499999999999995, 70
3.5555555555555505, 90
3.666666666666661, 100
3.777777777777772, 110
3.8333333333333273, 100
3.9999999999999933, 100
4.055555555555549, 60
4.1111111111111045, 120
4.222222222222215, 120
4.388888888888881, 50
4.499999999999992, 60
4.611111111111103, 90
4.8888888888888795, 120
4.99999999999999, 80
5.166666666666656, 100
5.333333333333322, 100
5.4999999999999885, 100
5.72222222222221, 110
5.777777777777765, 90
6.055555555555542, 110
6.166666666666653, 70
6.222222222222208, 60
6.333333333333319, 90
6.611111111111096, 110
6.944444444444428, 70
7.0555555555555385, 90
7.111111111111094, 100
7.222222222222205, 120
7.444444444444426, 120
7.722222222222203, 120
7.888888888888869, 120
7.99999999999998, 100
8.055555555555536, 80
8.388888888888868, 110
8.61111111111109, 90
9.055555555555532, 90
9.333333333333309, 100
9.44444444444442, 120
9.55555555555553, 90
9.722222222222197, 120
9.888888888888863, 120
10.055555555555529, 110
10.111111111111084, 100
10.444444444444416, 90
10.722222222222193, 130
10.833333333333304, 130
10.944444444444414, 100
11.222222222222191, 130
11.999999999999966, 130
12.166666666666632, 130
12.44444444444441, 120
12.833333333333297, 120
12.944444444444407, 110
13.055555555555518, 100
13.166666666666629, 90
13.333333333333295, 110
13.38888888888885, 80
13.555555555555516, 70
13.611111111111072, 130
13.666666666666627, 60
13.833333333333293, 50
14.055555555555515, 60
14.22222222222218, 80
14.277777777777736, 90
14.499999999999957, 120
14.555555555555513, 130
14.611111111111068, 100
14.777777777777734, 80
14.83333333333329, 110
14.9444444444444, 130
15.055555555555511, 70
15.499999999999954, 90
15.66666666666662, 90
15.833333333333286, 110
15.944444444444397, 70
16.16666666666662, 90
16.22222222222218, 100
16.444444444444407, 60
16.61111111111108, 70
16.722222222222193, 60
16.77777777777775, 100
16.833333333333307, 110
17.111111111111093, 110
17.16666666666665, 120
17.277777777777764, 100
17.38888888888888, 90
17.444444444444436, 80
17.499999999999993, 60
17.833333333333336, 90
17.94444444444445, 100
18.222222222222236, 70
18.277777777777793, 80
18.33333333333335, 90
18.388888888888907, 110
18.50000000000002, 120
18.777777777777807, 110
19.166666666666707, 100
19.33333333333338, 70
19.555555555555607, 70
19.66666666666672, 80
19.72222222222228, 110
20.05555555555562, 70
20.111111111111178, 80
20.166666666666735, 120
20.333333333333407, 60
20.66666666666675, 90
20.722222222222307, 100
20.944444444444535, 110
21.000000000000092, 100
21.05555555555565, 70
21.277777777777878, 80
21.44444444444455, 110
21.61111111111122, 70
22.00000000000012, 90
22.055555555555678, 80
22.111111111111235, 100
22.277777777777906, 80
22.555555555555692, 110
22.61111111111125, 80
22.722222222222364, 80
22.888888888889035, 100
23.00000000000015, 80
23.111111111111263, 100
23.666666666666835, 80
23.77777777777795, 90
24.000000000000178, 70
24.16666666666685, 70
24.222222222222406, 80
24.33333333333352, 70
24.388888888889078, 100
24.666666666666863, 100
24.777777777777978, 110
25.055555555555763, 100
25.33333333333355, 90
25.444444444444663, 120
25.611111111111335, 100
25.66666666666689, 80
25.777777777778006, 90
25.88888888888912, 120
25.944444444444677, 130
26.27777777777802, 90
26.44444444444469, 90
26.66666666666692, 100
26.722222222222477, 90
26.83333333333359, 120
27.000000000000263, 100
27.22222222222249, 100
27.333333333333606, 80
27.388888888889163, 120
27.500000000000277, 130
27.61111111111139, 100
27.777777777778063, 90
27.888888888889177, 80
28.333333333333634, 130
28.555555555555863, 120
28.61111111111142, 110
28.77777777777809, 120
29.111111111111434, 110
29.16666666666699, 100
29.333333333333663, 110
29.38888888888922, 120
29.444444444444777, 130
29.55555555555589, 100
29.61111111111145, 90
29.722222222222562, 130
29.888888888889234, 100
30.055555555555905, 90
30.222222222222577, 110
30.33333333333369, 120
30.500000000000362, 80
30.72222222222259, 90
30.777777777778148, 70
31.000000000000377, 90
31.277777777778162, 60
31.33333333333372, 90
31.50000000000039, 110
31.611111111111505, 90
31.88888888888929, 80
31.944444444444848, 60
32.166666666667076, 60
32.22222222222263, 50
32.27777777777819, 80
32.44444444444486, 110
32.50000000000042, 120
32.777777777778205, 100
32.83333333333376, 90
33.22222222222266, 80
33.27777777777822, 70
33.44444444444489, 70
33.83333333333379, 70
33.944444444444905, 80
34.05555555555602, 90
34.16666666666713, 70
34.27777777777825, 60
34.44444444444492, 60
34.55555555555603, 70
34.722222222222705, 90
34.83333333333382, 90
34.888888888889376, 100
35.00000000000049, 110
35.05555555555605, 70
35.111111111111605, 120
35.277777777778276, 100
35.33333333333383, 70
35.500000000000504, 90
35.55555555555606, 60
35.666666666667176, 80
36.00000000000052, 70
36.055555555556076, 60
36.22222222222275, 100
36.277777777778304, 70
36.38888888888942, 80
36.444444444444976, 110
36.61111111111165, 60
36.77777777777832, 60
36.833333333333876, 90
37.00000000000055, 70
37.055555555556104, 100
37.222222222222776, 120
37.444444444445004, 90
37.55555555555612, 80
37.66666666666723, 90
37.72222222222279, 70
37.88888888888946, 90
38.000000000000576, 100
38.11111111111169, 70
38.16666666666725, 50
38.388888888889475, 120
38.50000000000059, 100
38.66666666666726, 100
38.83333333333393, 70
38.94444444444505, 80
39.166666666667275, 100
39.22222222222283, 60
39.33333333333395, 120
39.61111111111173, 100
39.777777777778404, 110
40.166666666667304, 80
40.50000000000065, 80
40.555555555556204, 70
40.722222222222875, 90
40.88888888888955, 80
41.22222222222289, 100
41.38888888888956, 70
41.44444444444512, 80
41.61111111111179, 70
41.666666666667346, 60
41.77777777777846, 50
41.888888888889575, 60
41.94444444444513, 100
42.16666666666736, 100
42.277777777778475, 100
42.444444444445146, 110
42.55555555555626, 120
42.61111111111182, 130
42.77777777777849, 110
42.8888888888896, 80
43.055555555556275, 50
43.2777777777785, 60
43.33333333333406, 80
43.38888888888962, 100
43.55555555555629, 110
43.833333333334075, 50
44.0555555555563, 70
44.16666666666742, 80
44.611111111111875, 60
44.94444444444522, 70
45.000000000000774, 90
45.222222222223, 110
45.33333333333412, 100
45.44444444444523, 80
45.50000000000079, 120
45.72222222222302, 120
45.83333333333413, 100
45.944444444445246, 130
46.11111111111192, 110
46.333333333334146, 100
46.3888888888897, 130
46.555555555556374, 130
46.66666666666749, 130
46.722222222223046, 90
46.944444444445274, 100
47.111111111111946, 110
47.333333333334174, 130
47.38888888888973, 120
47.722222222223074, 100
47.77777777777863, 110
48.00000000000086, 110
48.22222222222309, 90
48.277777777778645, 80
48.38888888888976, 70
48.44444444444532, 110
48.55555555555643, 70
48.77777777777866, 110
49.00000000000089, 80
49.22222222222312, 60
49.444444444445345, 60
49.55555555555646, 80
49.666666666667574, 60
49.77777777777869, 100
49.8888888888898, 60
50.00000000000092, 110
50.16666666666759, 110
50.33333333333426, 100
50.38888888888982, 80
50.444444444445374, 70
50.6666666666676, 70
50.77777777777872, 60
50.88888888888983, 70
51.000000000000945, 50
51.0555555555565, 80
51.27777777777873, 90
51.33333333333429, 60
51.4444444444454, 100
51.50000000000096, 120
51.61111111111207, 90
51.66666666666763, 70
51.8333333333343, 130
52.00000000000097, 120
52.11111111111209, 110
52.2222222222232, 120
52.27777777777876, 100
52.44444444444543, 120
52.6111111111121, 110
52.722222222223216, 130
52.88888888888989, 100
53.111111111112116, 110
53.500000000001016, 110
53.66666666666769, 130
53.83333333333436, 120
53.94444444444547, 110
54.111111111112145, 110
54.38888888888993, 100
54.61111111111216, 90
54.83333333333439, 90
54.9444444444455, 90
55.11111111111217, 100
55.22222222222329, 110
55.3333333333344, 80
55.38888888888996, 70
55.444444444445516, 130
55.50000000000107, 60
55.61111111111219, 90
55.833333333334416, 80
55.88888888888997, 130
56.00000000000109, 90
56.1111111111122, 110
56.222222222223316, 120
56.55555555555666, 110
56.611111111112216, 90
56.72222222222333, 100
56.88888888889, 110
56.94444444444556, 80
57.11111111111223, 90
57.16666666666779, 70
57.388888888890015, 90
57.44444444444557, 110
57.55555555555669, 80
57.72222222222336, 90
57.777777777778915, 110
58.0555555555567, 110
58.33333333333449, 100
58.4444444444456, 100
58.66666666666783, 90
58.777777777778944, 110
58.8333333333345, 60
58.944444444445615, 50
59.166666666667844, 50
59.38888888889007, 50
59.50000000000119, 60
59.555555555556744, 100
59.77777777777897, 70
59.944444444445644, 80
60.0000000000012, 70
60.05555555555676, 100
60.27777777777899, 80
60.333333333334544, 110
60.500000000001215, 60
60.61111111111233, 90
60.666666666667886, 120
60.888888888890115, 100
60.94444444444567, 90
61.1666666666679, 90
61.22222222222346, 100
61.5555555555568, 70
61.72222222222347, 90
62.055555555556815, 70
62.11111111111237, 80
62.27777777777904, 90
62.38888888889016, 100
62.444444444445715, 90
62.55555555555683, 100
62.77777777777906, 90
62.94444444444573, 80
63.16666666666796, 70
63.33333333333463, 90
63.55555555555686, 80
63.72222222222353, 80
63.777777777779086, 90
63.83333333333464, 100
64.00000000000131, 70
64.16666666666798, 60
64.22222222222354, 70
64.2777777777791, 50
64.50000000000132, 90
64.55555555555688, 100
64.61111111111244, 110
64.77777777777911, 100
65.16666666666801, 80
65.22222222222356, 70
65.27777777777912, 90
65.33333333333468, 60
65.38888888889024, 110
65.50000000000135, 100
65.66666666666802, 120
65.94444444444581, 110
66.11111111111248, 100
66.27777777777915, 110
66.66666666666805, 110
66.83333333333472, 90
67.1111111111125, 110
67.16666666666806, 90
67.33333333333474, 120
67.44444444444585, 80
67.55555555555696, 70
67.61111111111252, 120
67.83333333333475, 70
68.00000000000142, 60
68.33333333333476, 60
68.50000000000144, 70
68.6666666666681, 80
68.88888888889034, 100
68.94444444444589, 90
69.16666666666812, 80
69.33333333333479, 80
69.55555555555702, 50
69.8333333333348, 80
69.88888888889036, 60
70.05555555555704, 90
70.16666666666815, 80
70.2222222222237, 100
70.55555555555705, 80
70.77777777777928, 100
70.83333333333483, 110
71.0000000000015, 110
71.05555555555706, 120
71.22222222222373, 100
71.33333333333485, 110
71.66666666666819, 90
71.72222222222375, 100
71.94444444444598, 100
72.11111111111265, 100
72.1666666666682, 110
72.33333333333488, 100
72.5555555555571, 80
72.61111111111266, 100
72.77777777777933, 100
72.944444444446, 80
73.00000000000156, 100
73.05555555555712, 110
73.11111111111268, 120
73.27777777777935, 120
73.61111111111269, 120
73.7222222222238, 100
73.83333333333492, 100
74.05555555555715, 90
74.22222222222382, 70
74.72222222222383, 70
74.83333333333495, 60
75.00000000000162, 80
75.05555555555718, 100
75.22222222222385, 110
75.2777777777794, 100
75.33333333333496, 70
75.50000000000163, 70
75.61111111111275, 70
75.88888888889053, 90
76.0555555555572, 100
76.38888888889055, 90
76.61111111111278, 90
76.66666666666833, 80
76.77777777777945, 110
77.11111111111279, 70
77.2222222222239, 90
77.38888888889058, 70
77.55555555555725, 70
78.0000000000017, 80
78.05555555555726, 90
78.11111111111282, 100
78.22222222222393, 80
78.50000000000172, 110
78.61111111111283, 110
78.7777777777795, 100
78.88888888889062, 80
78.94444444444618, 60
79.05555555555729, 100
79.22222222222396, 90
79.44444444444619, 110
79.5555555555573, 110
79.77777777777953, 120
79.83333333333509, 100
80.11111111111288, 90
80.27777777777955, 110
80.44444444444622, 120
80.77777777777956, 110
80.94444444444623, 120
81.05555555555735, 110
81.16666666666846, 100
81.22222222222402, 90
81.38888888889069, 100
81.44444444444625, 80
81.61111111111292, 60
82.00000000000182, 80
82.2777777777796, 100
82.55555555555739, 90
82.77777777777962, 100
82.88888888889073, 100
83.0555555555574, 80
83.33333333333519, 60
83.55555555555742, 80
83.66666666666853, 60
83.72222222222409, 50
83.88888888889076, 50
83.94444444444632, 90
84.38888888889078, 110
84.44444444444633, 100
84.55555555555745, 90
84.83333333333523, 110
84.94444444444635, 100
85.0000000000019, 120
85.11111111111302, 130
85.16666666666858, 90
85.27777777777969, 80
85.50000000000192, 100
85.61111111111303, 90
85.72222222222415, 80
85.83333333333526, 60
86.1666666666686, 70
86.33333333333528, 90
86.44444444444639, 80
86.50000000000195, 70
86.88888888889085, 80
86.9444444444464, 90
87.05555555555752, 70
87.27777777777975, 90
87.3333333333353, 100
87.50000000000198, 90
87.61111111111309, 70
87.77777777777976, 90
87.94444444444643, 100
88.05555555555755, 60
88.22222222222422, 120
88.27777777777978, 70
88.44444444444645, 130
88.61111111111312, 130
88.83333333333535, 100
88.94444444444646, 60
89.11111111111313, 110
89.38888888889092, 70
89.55555555555759, 60
89.6666666666687, 90
89.83333333333537, 60
89.94444444444649, 90
90.11111111111316, 70
90.33333333333539, 80
90.50000000000206, 60
90.66666666666873, 80
90.72222222222429, 90
90.77777777777985, 100
90.8333333333354, 110
90.94444444444652, 90
91.00000000000207, 120
91.16666666666875, 80
91.2222222222243, 120
91.44444444444653, 60
91.66666666666876, 60
91.72222222222432, 70
91.88888888889099, 80
91.94444444444655, 100
92.33333333333545, 80
92.388888888891, 100
92.66666666666879, 100
92.83333333333546, 80
92.94444444444657, 90
93.27777777777992, 70
93.33333333333547, 60
93.38888888889103, 100
93.50000000000215, 90
93.61111111111326, 80
93.66666666666882, 110
93.83333333333549, 90
94.05555555555772, 70
94.3333333333355, 100
94.38888888889106, 60
94.50000000000217, 50
94.77777777777996, 70
94.83333333333552, 110
94.94444444444663, 90
95.16666666666886, 120
95.27777777777997, 130
95.38888888889109, 120
95.44444444444665, 110
95.55555555555776, 90
95.61111111111332, 110
95.66666666666887, 80
95.83333333333555, 130
95.8888888888911, 120
96.27777777778, 110
96.44444444444667, 100
96.50000000000223, 90
96.61111111111335, 80
96.77777777778002, 70
97.00000000000225, 60
97.16666666666892, 50
97.27777777778003, 50
97.66666666666893, 50
97.77777777778005, 70
97.94444444444672, 50
98.11111111111339, 80
98.16666666666895, 60
98.33333333333562, 70
98.6111111111134, 70
98.66666666666896, 90
98.83333333333563, 90
98.94444444444675, 100
99.33333333333564, 110
99.3888888888912, 60
99.72222222222454, 70
99.7777777777801, 100
99.83333333333566, 110
100.05555555555789, 80
100.166666666669, 70
100.27777777778012, 100
100.50000000000234, 80
100.5555555555579, 90
100.66666666666902, 120
100.77777777778013, 130
101.05555555555792, 130
101.27777777778014, 120
101.3333333333357, 110
101.38888888889126, 100
101.55555555555793, 110
101.77777777778016, 100
101.88888888889127, 100
102.22222222222462, 130
102.27777777778017, 120
102.33333333333573, 90
102.38888888889129, 80
102.55555555555796, 70
102.61111111111352, 80
102.66666666666907, 100
102.83333333333574, 60
103.11111111111353, 60
103.2777777777802, 80
103.50000000000243, 100
103.88888888889133, 100
104.11111111111356, 110
104.22222222222467, 120
104.33333333333579, 80
104.50000000000246, 120
104.61111111111357, 110
104.66666666666913, 70
104.72222222222469, 60
104.88888888889136, 120
104.94444444444692, 60
105.00000000000247, 130
105.16666666666914, 70
105.2222222222247, 80
105.33333333333582, 100
105.50000000000249, 90
105.6111111111136, 60
105.83333333333583, 60
105.94444444444694, 50
106.16666666666917, 50
106.33333333333584, 60
106.3888888888914, 80
106.55555555555807, 60
106.61111111111363, 50
106.7777777777803, 70
106.88888888889142, 90
106.94444444444697, 110
107.00000000000253, 120
107.11111111111364, 130
107.27777777778032, 130
107.38888888889143, 120
107.50000000000254, 120
107.61111111111366, 110
107.83333333333589, 120
108.00000000000256, 120
108.22222222222479, 100
108.3333333333359, 100
108.83333333333591, 90
108.88888888889147, 100
109.05555555555814, 90
109.22222222222481, 80
109.55555555555816, 80
109.77777777778039, 90
109.8888888888915, 100
110.00000000000261, 70
110.33333333333596, 90
110.55555555555819, 70
110.6666666666693, 70
110.83333333333597, 80
111.11111111111376, 90
111.27777777778043, 100
111.33333333333599, 60
111.55555555555821, 70
111.72222222222489, 80
111.77777777778044, 90
111.94444444444711, 100
112.11111111111379, 110
112.16666666666934, 100
112.33333333333601, 90
112.55555555555824, 110
112.6111111111138, 90
112.66666666666936, 80
112.94444444444714, 60
113.22222222222493, 90
113.27777777778049, 100
113.3888888888916, 110
113.44444444444716, 120
113.55555555555827, 110
113.66666666666939, 110
113.88888888889161, 100
114.00000000000273, 90
114.27777777778051, 110
114.38888888889163, 100
114.50000000000274, 110
114.5555555555583, 120
114.66666666666941, 100
114.72222222222497, 90
114.83333333333609, 110
114.88888888889164, 130
114.9444444444472, 80
115.22222222222499, 120
115.3333333333361, 130
115.38888888889166, 110
115.61111111111389, 100
115.722222222225, 70
115.83333333333611, 70
116.1111111111139, 110
116.22222222222501, 70
116.27777777778057, 60
116.5000000000028, 120
116.61111111111391, 130
116.66666666666947, 110
116.77777777778059, 110
116.94444444444726, 100
117.00000000000281, 110
117.16666666666949, 110
117.22222222222504, 70
117.44444444444727, 120
117.55555555555839, 90
117.77777777778061, 100
118.00000000000284, 60
118.27777777778063, 70
118.38888888889174, 90
118.50000000000286, 90
118.61111111111397, 100
118.77777777778064, 80
118.88888888889176, 80
119.05555555555843, 110
119.11111111111398, 80
119.33333333333621, 80
119.44444444444733, 80
119.55555555555844, 60
119.66666666666956, 50
119.94444444444734, 80
120.05555555555846, 110
120.22222222222513, 60
120.33333333333624, 80
120.55555555555847, 70
120.61111111111403, 60
120.7777777777807, 70
121.33333333333627, 70
121.61111111111406, 70
121.66666666666961, 80
121.72222222222517, 60
121.83333333333628, 90
121.9444444444474, 80
122.16666666666963, 60
122.27777777778074, 60
122.55555555555853, 70
122.7222222222252, 60
123.22222222222521, 60
123.27777777778077, 80
123.38888888889188, 90
123.500000000003, 70
123.55555555555856, 100
123.72222222222523, 90
123.77777777778078, 110
124.00000000000301, 80
124.05555555555857, 90
124.11111111111413, 60
124.22222222222524, 120
124.38888888889191, 90
124.55555555555858, 80
124.83333333333637, 70
124.88888888889193, 90
125.0555555555586, 80
125.11111111111416, 100
125.66666666666973, 70
125.8333333333364, 60
126.33333333333641, 70
126.44444444444753, 80
126.50000000000308, 60
126.55555555555864, 50
127.0000000000031, 50
127.11111111111421, 70
127.27777777778088, 70
127.66666666666978, 70
127.83333333333645, 70
128.05555555555867, 60
128.16666666666976, 90
128.27777777778084, 60
128.33333333333638, 100
128.55555555555856, 90
128.66666666666964, 110
128.72222222222518, 80
128.77777777778073, 120
128.83333333333627, 70
128.94444444444736, 70
129.11111111111398, 70
129.16666666666953, 80
129.2777777777806, 70
129.55555555555833, 100
129.72222222222496, 80
129.94444444444713, 110
130.00000000000267, 100
130.05555555555821, 120
130.33333333333593, 90
130.38888888889147, 110
130.5555555555581, 60
130.6666666666692, 120
130.9444444444469, 120
131.16666666666907, 100
131.22222222222462, 90
131.3333333333357, 70
131.38888888889124, 50
131.77777777778005, 100
131.88888888889113, 90
132.16666666666885, 90
132.38888888889102, 80
132.5000000000021, 100
132.55555555555765, 130
132.72222222222427, 120
132.83333333333536, 70
133.000000000002, 120
133.11111111111308, 90
133.55555555555742, 90
133.72222222222405, 90
133.83333333333513, 70
134.0555555555573, 80
134.1666666666684, 70
134.22222222222393, 90
134.33333333333502, 100
134.4444444444461, 90
134.61111111111273, 100
134.77777777777936, 80
134.88888888889045, 110
135.05555555555708, 120
135.11111111111262, 90
135.2222222222237, 110
135.27777777777925, 70
135.50000000000142, 110
135.6111111111125, 90
135.77777777777914, 70
136.0000000000013, 70
136.1111111111124, 60
136.27777777777902, 80
136.3888888888901, 50
136.55555555555674, 80
136.66666666666782, 70
136.72222222222337, 110
136.7777777777789, 60
137.00000000000108, 50
137.22222222222325, 60
137.44444444444542, 80
137.50000000000097, 60
137.5555555555565, 90
137.61111111111205, 100
137.83333333333422, 90
137.9444444444453, 100
138.11111111111194, 60
138.27777777777857, 110
138.38888888888965, 120
138.61111111111182, 70
138.833333333334, 80
139.00000000000063, 80
139.05555555555617, 70
139.16666666666725, 90
139.5000000000005, 80
139.6111111111116, 100
140.0000000000004, 110
140.11111111111148, 100
140.22222222222257, 90
140.50000000000028, 120
140.72222222222246, 110
140.94444444444463, 90
141.1666666666668, 70
141.27777777777789, 80
141.38888888888897, 70
141.50000000000006, 90
141.72222222222223, 70
141.77777777777777, 100
141.9444444444444, 90
141.99999999999994, 60
142.22222222222211, 60
142.4444444444443, 50
142.61111111111092, 70
142.77777777777754, 80
142.94444444444417, 110
143.05555555555526, 90
143.2222222222219, 110
143.55555555555515, 110
143.83333333333286, 70
143.8888888888884, 100
143.9999999999995, 100
144.05555555555503, 120
144.16666666666612, 60
144.2777777777772, 90
144.44444444444383, 60
144.88888888888818, 100
145.1666666666659, 110
145.22222222222143, 90
145.5555555555547, 110
145.61111111111023, 120
145.8333333333324, 90
145.9444444444435, 80
146.11111111111012, 80
146.2222222222212, 70
146.44444444444338, 110
146.61111111111, 110
146.83333333333218, 110
146.94444444444326, 100
147.1111111111099, 90
147.22222222222098, 90
147.27777777777652, 80
147.33333333333206, 70
147.55555555555424, 100
147.61111111110978, 80
147.94444444444304, 80
148.22222222222075, 100
148.38888888888738, 90
148.44444444444292, 80
148.61111111110955, 70
148.9444444444428, 60
149.0555555555539, 60
149.38888888888715, 60
149.4444444444427, 70
149.7222222222204, 70
149.8333333333315, 70
149.88888888888704, 50
149.99999999999812, 50
150.2222222222203, 70
150.27777777777584, 80
150.44444444444247, 50
150.8888888888868, 50
151.22222222222007, 60
151.2777777777756, 70
151.55555555555333, 70
151.7777777777755, 80
151.94444444444213, 90
152.0555555555532, 100
152.1666666666643, 70
152.38888888888647, 110
152.66666666666418, 120
152.8333333333308, 110
153.27777777777516, 120
153.3333333333307, 110
153.55555555555287, 120
153.6111111111084, 110
153.66666666666396, 100
153.77777777777504, 80
153.99999999999721, 110
154.1111111111083, 120
154.55555555555264, 100
154.66666666666373, 90
154.72222222221927, 110
154.94444444444144, 100
155.05555555555253, 100
155.11111111110807, 130
155.22222222221916, 110
155.3888888888858, 120
155.49999999999687, 120
155.61111111110796, 110
155.6666666666635, 80
155.94444444444122, 120
155.99999999999676, 100
156.0555555555523, 90
156.5555555555522, 130
156.66666666666328, 130
156.77777777777436, 120
156.88888888888545, 110
156.944444444441, 100
156.99999999999653, 90
157.16666666666316, 100
157.2222222222187, 80
157.3333333333298, 80
157.38888888888533, 70
157.49999999999642, 130
157.7222222222186, 110
158.16666666666293, 100
158.3888888888851, 90
158.4999999999962, 110
158.55555555555173, 80
158.72222222221836, 90
158.83333333332945, 120
159.11111111110716, 90
159.1666666666627, 70
159.22222222221825, 60
159.33333333332934, 110
159.44444444444042, 90
159.6666666666626, 100
159.77777777777368, 60
159.9444444444403, 90
160.11111111110694, 100
160.3333333333291, 100
160.49999999999574, 80
160.55555555555128, 100
160.66666666666237, 100
160.94444444444008, 70
160.99999999999562, 90
161.2222222222178, 80
161.72222222221768, 100
161.94444444443985, 110
161.9999999999954, 80
162.16666666666202, 80
162.22222222221757, 120
162.44444444443974, 80
162.49999999999528, 70
162.55555555555082, 100
162.6666666666619, 80
162.777777777773, 70
162.83333333332854, 60
162.94444444443963, 70
163.22222222221734, 60
163.33333333332843, 100
163.4444444444395, 100
163.72222222221723, 60
164.16666666666157, 70
164.27777777777266, 80
164.38888888888374, 90
164.49999999999483, 80
164.6111111111059, 100
164.77777777777254, 110
164.88888888888363, 120
165.27777777777243, 90
165.3888888888835, 100
165.61111111110569, 80
165.66666666666123, 70
165.77777777777231, 60
165.94444444443894, 70
165.9999999999945, 80
166.16666666666111, 90
166.22222222221666, 100
166.44444444443883, 100
166.72222222221654, 100
166.88888888888317, 100
166.94444444443872, 90
167.11111111110534, 110
167.22222222221643, 80
167.49999999999415, 80
167.61111111110523, 90
167.72222222221632, 120
168.05555555554957, 120
168.11111111110512, 90
168.2222222222162, 80
168.27777777777175, 100
168.44444444443837, 80
168.49999999999392, 70
168.611111111105, 130
168.77777777777163, 60
168.94444444443826, 80
169.05555555554935, 80
169.27777777777152, 100
169.33333333332706, 90
169.3888888888826, 70
169.4999999999937, 90
169.61111111110478, 60
169.72222222221586, 50
170.05555555554912, 50
170.1666666666602, 70
170.2777777777713, 80
170.555555555549, 60
170.77777777777118, 90
170.9444444444378, 100
170.99999999999335, 90
171.0555555555489, 80
171.27777777777106, 80
171.49999999999324, 110
171.61111111110432, 100
171.7222222222154, 60
171.8333333333265, 90
172.05555555554866, 50
172.1111111111042, 60
172.2222222222153, 70
172.44444444443747, 90
172.6111111111041, 90
172.77777777777072, 70
172.83333333332627, 90
172.94444444443735, 100
173.11111111110398, 90
173.3888888888817, 110
173.44444444443724, 100
173.55555555554832, 100
173.61111111110387, 120
173.7777777777705, 70
173.88888888888158, 100
173.99999999999267, 100
174.0555555555482, 110
174.1666666666593, 130
174.444444444437, 100
174.49999999999255, 80
174.61111111110364, 110
174.8333333333258, 100
174.88888888888135, 110
175.11111111110353, 70
175.16666666665907, 110
175.38888888888124, 110
175.66666666665895, 80
175.7222222222145, 100
175.88888888888113, 100
176.1111111111033, 90
176.16666666665884, 110
176.388888888881, 70
176.4999999999921, 70
176.55555555554764, 60
176.66666666665873, 70
176.7777777777698, 60
176.8888888888809, 70
177.2777777777697, 100
177.72222222221404, 90
177.94444444443621, 110
177.99999999999176, 90
178.0555555555473, 120
178.11111111110284, 80
178.27777777776947, 90
178.61111111110273, 120
178.66666666665827, 110
178.72222222221382, 100
178.77777777776936, 80
178.99999999999153, 120
179.11111111110262, 120
179.16666666665816, 130
179.3333333333248, 130
179.38888888888033, 110
179.49999999999142, 110
179.7222222222136, 90
179.77777777776913, 100
180.1111111111024, 80
180.27777777776902, 100
180.44444444443565, 110
180.61111111110228, 100
180.72222222221336, 100
180.7777777777689, 70
180.83333333332445, 60
180.94444444443553, 90
181.05555555554662, 60
181.22222222221325, 110
181.5555555555465, 120
181.61111111110205, 130
181.83333333332422, 110
182.16666666665748, 100
182.38888888887965, 80
182.55555555554628, 90
182.61111111110182, 100
182.77777777776845, 110
183.05555555554616, 80
183.1111111111017, 70
183.16666666665725, 90
183.2222222222128, 120
183.4999999999905, 80
183.72222222221268, 60
183.94444444443485, 80
184.3888888888792, 70
184.44444444443474, 80
184.55555555554582, 110
184.6666666666569, 120
184.777777777768, 70
184.83333333332354, 60
185.0555555555457, 130
185.1666666666568, 110
185.33333333332342, 130
185.49999999999005, 70
185.5555555555456, 60
185.66666666665668, 80
185.8333333333233, 100
186.05555555554548, 110
186.11111111110102, 90
186.38888888887874, 120
186.49999999998983, 100
186.55555555554537, 90
186.66666666665645, 90
186.88888888887863, 80
187.16666666665634, 60
187.27777777776743, 70
187.61111111110068, 70
187.66666666665623, 90
187.72222222221177, 50
187.7777777777673, 100
187.8888888888784, 110
188.22222222221166, 80
188.44444444443383, 60
188.49999999998937, 80
188.72222222221154, 100
188.77777777776708, 110
188.83333333332263, 120
189.11111111110034, 110
189.22222222221143, 100
189.4444444444336, 100
189.5555555555447, 90
189.66666666665577, 80
189.99999999998903, 90
190.11111111110012, 80
190.2222222222112, 80
190.27777777776674, 70
190.3333333333223, 90
190.38888888887783, 60
190.7222222222111, 60
190.94444444443326, 70
191.16666666665543, 90
191.27777777776652, 70
191.33333333332206, 50
191.4999999999887, 100
191.55555555554423, 90
191.61111111109977, 110
191.66666666665532, 80
191.94444444443303, 70
192.2777777777663, 100
192.44444444443292, 100
192.61111111109955, 90
192.72222222221063, 70
192.83333333332172, 80
192.88888888887726, 110
193.66666666665486, 60
193.7222222222104, 70
194.05555555554366, 80
194.44444444443246, 60
194.499999999988, 80
194.6111111110991, 90
194.66666666665463, 100
194.8888888888768, 60
195.05555555554344, 70
195.16666666665452, 90
195.3888888888767, 100
195.61111111109886, 80
195.6666666666544, 110
195.72222222220995, 70
195.88888888887658, 70
196.0555555555432, 70
196.1666666666543, 80
196.38888888887647, 110
196.5555555555431, 110
196.77777777776527, 100
197.05555555554298, 90
197.16666666665407, 70
197.27777777776515, 60
197.49999999998732, 70
197.83333333332058, 110
198.1111111110983, 120
198.22222222220938, 90
198.27777777776492, 80
198.33333333332047, 100
198.55555555554264, 130
198.66666666665373, 110
199.1666666666536, 110
199.33333333332024, 120
199.38888888887578, 100
199.44444444443133, 90
199.61111111109796, 100
199.77777777776458, 90
199.9444444444312, 80
200.11111111109784, 90
200.4444444444311, 80
200.55555555554218, 90
200.61111111109773, 70
200.8333333333199, 70
200.88888888887544, 80
201.1111111110976, 60
201.16666666665316, 80
201.49999999998641, 70
201.66666666665304, 80
201.7222222222086, 50
201.88888888887521, 100
201.94444444443076, 110
202.22222222220847, 90
202.27777777776402, 120
202.3888888888751, 120
202.44444444443064, 80
202.888888888875, 110
203.38888888887487, 110
203.44444444443042, 100
203.6666666666526, 120
203.72222222220813, 90
203.77777777776367, 130
204.22222222220802, 110
204.27777777776356, 90
204.49999999998573, 110
204.66666666665236, 80
204.77777777776345, 70
204.94444444443008, 80
204.99999999998562, 120
205.1111111110967, 100
205.2222222222078, 110
205.38888888887442, 60
205.4999999999855, 60
205.55555555554105, 50
205.72222222220768, 60
205.83333333331876, 90
205.8888888888743, 110
206.05555555554093, 100
206.22222222220756, 110
206.33333333331865, 80
206.61111111109636, 120
206.777777777763, 120
206.83333333331854, 110
206.88888888887408, 100
206.99999999998516, 110
207.11111111109625, 130
207.27777777776288, 130
207.33333333331842, 90
207.4444444444295, 70
207.72222222220722, 120
207.8333333333183, 130
207.88888888887385, 120
208.05555555554048, 70
208.38888888887374, 120
208.49999999998482, 120
208.6111111110959, 90
208.722222222207, 60
208.83333333331808, 80
209.05555555554025, 120
209.22222222220688, 90
209.33333333331797, 80
209.44444444442905, 70
209.55555555554014, 90
209.66666666665122, 70
209.83333333331785, 60
209.94444444442894, 70
210.05555555554002, 80
210.49999999998437, 90
210.61111111109545, 100
210.666666666651, 70
210.88888888887317, 110
210.9444444444287, 80
211.11111111109534, 70
211.16666666665088, 60
211.49999999998414, 100
211.55555555553968, 90
211.61111111109523, 60
211.8333333333174, 50
211.88888888887294, 100
212.1111111110951, 100
212.27777777776174, 110
212.44444444442837, 90
212.66666666665054, 100
212.83333333331717, 90
212.8888888888727, 110
212.94444444442826, 80
213.05555555553934, 110
213.11111111109489, 60
213.33333333331706, 50
213.44444444442814, 60
213.4999999999837, 80
213.66666666665031, 110
213.7777777777614, 100
213.99999999998357, 90
214.05555555553912, 50
214.11111111109466, 100
214.33333333331683, 70
214.6666666666501, 80
214.72222222220563, 70
214.77777777776117, 100
214.88888888887226, 100
215.11111111109443, 100
215.3333333333166, 90
215.4444444444277, 70
215.49999999998323, 100
215.77777777776095, 60
216.05555555553866, 60
216.33333333331638, 60
216.55555555553855, 50
216.6111111110941, 60
216.72222222220518, 70
216.77777777776072, 80
216.8888888888718, 90
216.94444444442735, 100
217.22222222220506, 80
217.3888888888717, 80
217.44444444442723, 90
217.49999999998278, 110
217.61111111109386, 70
217.99999999998266, 70
218.1666666666493, 60
218.33333333331592, 50
218.444444444427, 70
218.49999999998255, 90
218.8333333333158, 70
218.88888888887135, 80
218.99999999998244, 70
219.05555555553798, 90
219.3333333333157, 50
219.55555555553786, 80
219.66666666664895, 70
219.83333333331558, 60
220.22222222220438, 90
220.388888888871, 80
220.61111111109318, 100
220.7777777777598, 70
220.83333333331535, 60
220.94444444442644, 80
221.05555555553752, 60
221.2777777777597, 100
221.38888888887078, 100
221.5555555555374, 50
221.6666666666485, 70
221.88888888887067, 60
221.9444444444262, 80
222.0555555555373, 60
222.16666666664838, 110
222.27777777775947, 120
222.333333333315, 100
222.49999999998164, 120
222.7222222222038, 110
222.77777777775935, 80
222.99999999998153, 70
223.1111111110926, 80
223.16666666664815, 70
223.2222222222037, 60
223.27777777775924, 90
223.4999999999814, 50
223.6111111110925, 90
223.72222222220358, 50
223.77777777775913, 110
223.8888888888702, 100
223.9999999999813, 60
224.33333333331456, 80
224.44444444442564, 70
224.55555555553673, 70
224.7777777777589, 90
224.88888888886999, 110
225.0555555555366, 90
225.11111111109216, 120
225.33333333331433, 60
225.44444444442541, 70
225.72222222220313, 90
225.77777777775867, 80
226.11111111109193, 90
226.22222222220302, 70
226.27777777775856, 100
226.38888888886964, 80
226.4444444444252, 60
226.833333333314, 120
226.94444444442507, 110
227.05555555553616, 100
227.1111111110917, 90
227.16666666664725, 70
227.33333333331387, 90
227.38888888886942, 100
227.77777777775822, 100
227.9999999999804, 110
228.05555555553593, 100
228.22222222220256, 120
228.33333333331365, 100
228.44444444442473, 100
228.61111111109136, 110
228.6666666666469, 90
228.72222222220245, 80
228.88888888886908, 120
228.94444444442462, 80
228.99999999998016, 70
229.0555555555357, 60
229.11111111109125, 50
229.33333333331342, 100
229.38888888886896, 50
229.66666666664668, 120
229.77777777775776, 110
230.05555555553548, 90
230.27777777775765, 80
230.3333333333132, 70
230.66666666664645, 70
230.722222222202, 100
230.94444444442416, 80
231.05555555553525, 100
231.22222222220188, 90
231.44444444442405, 60
231.61111111109068, 120
231.66666666664622, 130
231.72222222220176, 110
231.8888888888684, 90
232.05555555553502, 90
232.22222222220165, 100
232.33333333331274, 70
232.44444444442382, 80
232.61111111109045, 90
232.666666666646, 120
232.72222222220154, 70
232.9444444444237, 90
233.11111111109034, 70
233.3333333333125, 80
233.49999999997914, 70
233.66666666664577, 70
233.7222222222013, 110
233.94444444442348, 60
233.99999999997902, 90
234.1111111110901, 100
234.27777777775674, 80
234.38888888886783, 60
234.44444444442337, 110
234.55555555553445, 120
234.77777777775663, 100
234.8888888888677, 80
234.9999999999788, 90
235.11111111108988, 120
235.22222222220097, 120
235.33333333331205, 110
235.44444444442314, 100
235.55555555553423, 70
235.7777777777564, 100
235.94444444442303, 90
235.99999999997857, 110
236.0555555555341, 130
236.22222222220074, 120
236.4444444444229, 90
236.61111111108954, 120
236.88888888886726, 120
237.05555555553389, 120
237.11111111108943, 110
237.16666666664497, 100
237.27777777775606, 100
237.4444444444227, 80
237.7222222222004, 100
237.8333333333115, 60
237.99999999997812, 70
238.1111111110892, 80
238.16666666664474, 100
238.2222222222003, 50
238.44444444442246, 50
238.72222222220017, 50
238.77777777775572, 60
238.8888888888668, 60
238.94444444442234, 70
239.11111111108897, 100
239.3888888888667, 100
239.44444444442223, 90
239.61111111108886, 80
239.6666666666444, 110
239.99999999997766, 100
240.0555555555332, 70
240.27777777775538, 60
240.33333333331092, 80
240.61111111108863, 90
240.66666666664418, 120
240.8333333333108, 90
240.88888888886635, 120
241.05555555553298, 90
241.27777777775515, 100
241.38888888886623, 100
241.44444444442178, 130
241.6111111110884, 80
241.77777777775503, 90
241.88888888886612, 100
241.94444444442166, 90
242.1111111110883, 90
242.22222222219938, 60
242.388888888866, 60
242.44444444442155, 90
242.66666666664372, 60
242.8888888888659, 50
242.94444444442144, 80
243.2777777777547, 90
243.38888888886578, 70
243.6666666666435, 80
243.99999999997675, 70
244.11111111108784, 70
244.16666666664338, 80
244.33333333331, 80
244.38888888886555, 90
244.49999999997664, 100
244.55555555553218, 60
244.7222222221988, 70
244.77777777775435, 80
244.8333333333099, 110
245.44444444442087, 90
245.55555555553195, 80
245.77777777775412, 70
245.83333333330967, 60
246.16666666664293, 60
246.22222222219847, 50
246.49999999997618, 60
246.6666666666428, 50
246.72222222219835, 80
246.7777777777539, 90
246.94444444442053, 60
246.99999999997607, 100
247.22222222219824, 50
247.38888888886487, 80
247.4444444444204, 110
247.61111111108704, 80
247.66666666664258, 110
247.99999999997584, 100
248.11111111108693, 120
248.222222222198, 110
248.27777777775356, 80
248.44444444442018, 70
248.66666666664236, 60
248.83333333330899, 90
248.88888888886453, 100
248.94444444442007, 120
249.05555555553116, 70
249.16666666664224, 60
249.2222222221978, 130
249.33333333330887, 130
249.4999999999755, 80
249.77777777775322, 80
249.9999999999754, 80
250.05555555553093, 60
250.3888888888642, 50
250.44444444441973, 80
250.61111111108636, 80
250.83333333330853, 70
250.99999999997516, 50
251.27777777775287, 50
251.5555555555306, 70
251.8333333333083, 80
252.05555555553047, 100
252.49999999997482, 110
252.55555555553036, 120
252.6111111110859, 90
252.66666666664145, 80
252.722222222197, 70
252.77777777775253, 60
252.83333333330808, 130
252.94444444441916, 60
253.1111111110858, 120
253.22222222219688, 110
253.27777777775242, 100
253.4999999999746, 80
253.72222222219676, 100
253.94444444441893, 90
253.99999999997448, 110
254.1666666666411, 110
254.2777777777522, 120
254.49999999997436, 120
254.666666666641, 100
255.11111111108534, 80
255.22222222219642, 90
255.3333333333075, 90
255.4444444444186, 110
255.55555555552968, 70
255.77777777775185, 100
255.8333333333074, 120
255.88888888886294, 130
255.99999999997402, 110
256.1111111110851, 130
256.16666666664065, 80
256.3333333333073, 70
256.55555555552945, 120
256.7777777777516, 90
257.1111111110849, 70
257.2777777777515, 60
257.33333333330705, 80
257.3888888888626, 110
257.5555555555292, 50
257.8888888888625, 70
257.99999999997357, 70
258.0555555555291, 80
258.4444444444179, 60
258.49999999997345, 90
258.7222222221956, 60
258.8333333333067, 80
258.88888888886225, 90
259.38888888886214, 80
259.6111111110843, 90
259.7222222221954, 100
259.9999999999731, 80
260.05555555552866, 100
260.2777777777508, 110
260.499999999973, 70
260.6111111110841, 60
260.6666666666396, 90
260.83333333330626, 100
260.8888888888618, 90
260.9999999999729, 100
261.05555555552843, 120
261.3888888888617, 90
261.44444444441723, 80
261.5555555555283, 110
261.61111111108386, 70
261.7777777777505, 120
261.83333333330603, 80
262.1666666666393, 60
262.444444444417, 90
262.5555555555281, 80
262.7222222221947, 50
262.8333333333058, 80
263.16666666663906, 50
263.2222222221946, 60
263.27777777775015, 90
263.55555555552786, 70
263.6111111110834, 100
263.8888888888611, 90
263.9999999999722, 70
264.16666666663883, 80
264.2777777777499, 80
264.44444444441655, 60
264.55555555552763, 80
264.6666666666387, 60
264.72222222219426, 90
264.8888888888609, 90
264.999999999972, 110
265.0555555555275, 100
265.33333333330523, 90
265.49999999997186, 70
265.88888888886066, 110
265.99999999997175, 100
266.1666666666384, 90
266.4444444444161, 80
266.49999999997164, 90
266.5555555555272, 100
266.66666666663826, 110
266.77777777774935, 120
266.9999999999715, 120
267.2222222221937, 120
267.27777777774924, 110
267.3333333333048, 130
267.4999999999714, 100
267.55555555552695, 80
267.83333333330467, 100
267.94444444441575, 70
268.05555555552684, 70
268.3888888888601, 80
268.5555555555267, 80
268.7777777777489, 80
268.83333333330444, 60
268.9444444444155, 100
269.11111111108215, 80
269.22222222219324, 80
269.4444444444154, 70
269.6666666666376, 50
269.7222222221931, 60
269.8333333333042, 80
269.88888888885975, 90
270.0555555555264, 50
270.16666666663747, 50
270.4444444444152, 90
270.4999999999707, 70
270.55555555552627, 60
270.6111111110818, 100
270.66666666663735, 110
270.8888888888595, 50
270.94444444441507, 70
270.9999999999706, 100
271.16666666663724, 100
271.2777777777483, 70
271.4999999999705, 60
271.6666666666371, 100
271.83333333330376, 110
271.8888888888593, 90
271.94444444441484, 120
272.22222222219256, 110
272.33333333330364, 80
272.61111111108136, 80
272.6666666666369, 100
272.83333333330353, 70
273.0555555555257, 100
273.11111111108124, 60
273.1666666666368, 110
273.3333333333034, 60
273.49999999997004, 90
273.6666666666367, 100
273.77777777774776, 110
273.9444444444144, 110
274.2222222221921, 90
274.38888888885873, 80
274.55555555552536, 80
274.66666666663644, 80
274.8333333333031, 70
274.94444444441416, 90
275.05555555552525, 70
275.2777777777474, 120
275.6666666666362, 100
275.9999999999695, 90
276.055555555525, 100
276.11111111108056, 120
276.1666666666361, 80
276.33333333330273, 100
276.49999999996936, 90
276.88888888885816, 100
276.9444444444137, 90
277.0555555555248, 70
277.11111111108033, 110
277.3333333333025, 60
277.5555555555247, 70
277.66666666663576, 100
277.7222222221913, 120
278.05555555552456, 100
278.27777777774673, 90
278.3888888888578, 110
278.61111111108, 90
278.9999999999688, 100
279.05555555552434, 90
279.1666666666354, 100
279.22222222219096, 120
279.2777777777465, 130
279.3888888888576, 110
279.6666666666353, 120
280.11111111107965, 130
280.22222222219074, 120
280.2777777777463, 130
280.3333333333018, 100
280.38888888885737, 80
280.49999999996845, 70
280.77777777774617, 60
281.0555555555239, 60
281.16666666663497, 80
281.3333333333016, 90
281.38888888885714, 80
281.7222222221904, 100
281.77777777774594, 110
281.94444444441257, 110
282.05555555552365, 90
282.16666666663474, 90
282.3888888888569, 110
282.44444444441245, 120
282.55555555552354, 90
282.7777777777457, 80
282.83333333330125, 70
282.8888888888568, 90
283.22222222219006, 100
283.4444444444122, 90
283.6666666666344, 90
283.72222222218994, 110
283.9444444444121, 100
284.2222222221898, 100
284.38888888885646, 100
284.5555555555231, 90
284.6111111110786, 80
284.66666666663417, 70
284.8333333333008, 110
284.9444444444119, 100
285.16666666663406, 100
285.27777777774514, 110
285.38888888885623, 120
285.4999999999673, 110
285.94444444441166, 70
285.9999999999672, 60
286.05555555552274, 50
286.16666666663383, 80
286.33333333330046, 70
286.44444444441154, 80
286.6666666666337, 100
286.7777777777448, 110
286.83333333330035, 120
287.11111111107806, 100
287.1666666666336, 130
287.2777777777447, 100
287.49999999996686, 120
287.5555555555224, 110
287.6666666666335, 90
287.7777777777446, 80
287.8333333333001, 70
287.9444444444112, 130
288.11111111107783, 80
288.2222222221889, 60
288.3333333333, 50
288.4444444444111, 60
288.6111111110777, 50
288.66666666663326, 80
288.77777777774435, 70
289.05555555552206, 100
289.1111111110776, 110
289.16666666663315, 50
289.3333333332998, 110
289.3888888888553, 100
289.55555555552195, 60
289.66666666663303, 110
289.94444444441075, 90
290.05555555552183, 90
290.1666666666329, 110
290.22222222218846, 90
290.33333333329955, 80
290.44444444441064, 70
290.6666666666328, 50
290.888888888855, 60
290.99999999996606, 80
291.22222222218824, 90
291.4444444444104, 100
291.49999999996595, 110
291.5555555555215, 120
291.8333333332992, 130
291.88888888885475, 80
292.222222222188, 90
292.3333333332991, 100
292.4444444444102, 100
292.55555555552127, 100
292.6111111110768, 80
292.77777777774344, 110
292.833333333299, 70
293.16666666663224, 90
293.2222222221878, 100
293.2777777777433, 120
293.55555555552104, 120
293.8888888888543, 110
294.0555555555209, 100
294.33333333329864, 90
294.72222222218744, 80
294.777777777743, 100
294.88888888885407, 100
295.0555555555207, 90
295.11111111107624, 110
295.2222222221873, 100
295.3333333332984, 70
295.38888888885396, 60
295.6111111110761, 100
295.66666666663167, 90
295.77777777774276, 100
295.88888888885384, 120
296.3333333332982, 100
296.55555555552036, 90
296.66666666663144, 100
296.77777777774253, 90
296.83333333329807, 80
296.8888888888536, 70
296.9999999999647, 80
297.05555555552024, 110
297.16666666663133, 100
297.3888888888535, 110
297.44444444440904, 120
297.4999999999646, 130
297.6111111110757, 130
297.8888888888534, 70
297.9999999999645, 70
298.22222222218664, 80
298.2777777777422, 100
298.5555555555199, 80
298.61111111107545, 110
298.8333333332976, 90
298.99999999996425, 80
299.0555555555198, 110
299.38888888885305, 90
299.4444444444086, 100
299.66666666663076, 120
299.7222222221863, 100
299.88888888885293, 90
299.9444444444085, 100
