7.17857142857, 105
10.8571428571, 105
11.75, 0.31832833912
11.9285714286, 105
12.6785714286, 200
13.4642857143, 0.646370587872
13.7142857143, 63.2237133058
14.2857142857, 200
14.3928571429, 151.667298144
14.5714285714, 0.0607115685016
14.7857142857, 0.000131087011967
15.2857142857, 19.3856821495
15.3214285714, 19.3856821495
15.3214285714, 200
15.3214285714, 19.3856821495
15.3214285714, 200
15.3214285714, 19.3856821495
15.3214285714, 200
15.3214285714, 19.3856821495
15.4285714286, 105
15.4285714286, 106
15.5357142857, 106
15.7142857143, 106
16.0357142857, 96
16.0357142857, 1
16.0714285714, 105
16.3571428571, 96
16.4642857143, 94.3427512902
17.0714285714, 7.9707578195
17.8928571429, 0.0563365287112
18.2857142857, 200
18.4285714286, 72.5088950029
18.5, 0.0669565077215
18.6071428571, 106
19.5357142857, 0.107945578872
20.0357142857, 165.956599493
20.0357142857, 165.956599493
20.0357142857, 200
20.0714285714, 165.956599493
20.0714285714, 200
20.0714285714, 200
20.1071428571, 165.956599493
20.1428571429, 165.956599493
20.1785714286, 106
20.25, 96
20.25, 0.416805813457
20.25, 0.416805813457
20.4285714286, 1
20.6428571429, 19.7700234622
20.7857142857, 53.823726499
20.7857142857, 200
20.7857142857, 53.823726499
20.8214285714, 53.823726499
20.8214285714, 200
20.8928571429, 106
20.9642857143, 96
21.0357142857, 106
21.1071428571, 1
21.1071428571, 0.0708672279809
21.6428571429, 1.58455118436e-05
21.7857142857, 107
21.8571428571, 105
22.75, 200
22.7857142857, 1
22.7857142857, 200
22.8214285714, 1
22.8214285714, 200
22.9642857143, 146.334902189
23.0, 4.65991856031e-06
23.1785714286, 170.611635287
23.3214285714, 200
23.5, 1
23.5, 200
23.5, 1
23.5, 200
23.5714285714, 1
23.8214285714, 1
23.8571428571, 97
23.8928571429, 1
23.8928571429, 1
23.9285714286, 106
24.0, 200
24.0714285714, 97
24.0714285714, 0.0431076795374
24.0714285714, 0.0431076795374
24.1071428571, 0.0431076795374
24.1071428571, 105
24.1071428571, 0.0431076795374
24.1428571429, 97
24.1785714286, 96
24.2857142857, 96
24.6785714286, 83.890896625
25.0, 30.2869884857
25.0, 30.2869884857
25.0357142857, 30.2869884857
25.2857142857, 96
25.3928571429, 0.000889738094777
26.1071428571, 13.0010382625
26.4642857143, 0.108698987742
26.4642857143, 0.108698987742
26.4642857143, 179.966207173
26.6071428571, 0.00133817401464
26.6785714286, 106
27.1071428571, 94.40567961
27.1071428571, 96.6097347831
27.1071428571, 94.40567961
27.1785714286, 95.7534844385
27.1785714286, 95.7534844385
27.1785714286, 95.7534844385
27.2142857143, 105
27.2142857143, 95.7534844385
27.2142857143, 106
27.25, 107
27.3214285714, 105
28.6785714286, 97
28.7857142857, 97
29.0714285714, 200
29.1428571429, 1
29.2142857143, 1
29.2142857143, 200
29.5714285714, 1
30.8571428571, 1
30.9642857143, 173.439468516
31.1428571429, 0.00306433212733
31.6428571429, 43.7228799642
31.6428571429, 200
31.6428571429, 43.7228799642
31.6785714286, 43.7228799642
31.6785714286, 200
31.6785714286, 200
31.7142857143, 43.7228799642
31.7142857143, 200
31.7142857143, 43.7228799642
31.75, 107
32.0357142857, 107
32.0357142857, 25.9641107166
32.2142857143, 0.421584279648
32.2142857143, 0.421584279648
32.9642857143, 1
33.0, 0.654057233648
33.1071428571, 200
33.7142857143, 0.00643816273271
33.7142857143, 107
33.75, 107
33.8214285714, 200
33.8214285714, 107
33.8571428571, 87.2028960912
33.8571428571, 87.2028960912
33.8928571429, 18.5825397228
33.8928571429, 18.5825397228
33.9285714286, 18.5825397228
33.9285714286, 18.5825397228
34.0714285714, 5.00315556833e-08
34.2142857143, 70.1577615486
34.5, 46.3095049537
34.7142857143, 200
34.7857142857, 191.981023281
34.8214285714, 191.981023281
34.9285714286, 1
34.9285714286, 191.981023281
34.9642857143, 191.981023281
35.0357142857, 97
35.1785714286, 97
35.5714285714, 92.2875932569
35.5714285714, 92.2875932569
35.5714285714, 92.2875932569
35.6071428571, 92.2875932569
35.6071428571, 200
35.6428571429, 92.2875932569
35.6428571429, 200
35.75, 108
35.75, 106
35.75, 200
35.7857142857, 97
35.7857142857, 0.403963309888
35.8214285714, 0.403963309888
35.8214285714, 0.403963309888
35.8214285714, 0.403963309888
35.8571428571, 0.403963309888
35.8571428571, 0.403963309888
35.8571428571, 0.403963309888
35.8571428571, 0.403963309888
35.8928571429, 0.403963309888
35.8928571429, 0.403963309888
35.8928571429, 0.403963309888
35.9285714286, 0.403963309888
35.9642857143, 0.016544226578
36.0714285714, 0.403963309888
36.0714285714, 108
36.1071428571, 1
36.1428571429, 1
36.1428571429, 108
36.1428571429, 1
36.1785714286, 96
36.3928571429, 96
36.4285714286, 1
36.5, 0.203942522282
36.6071428571, 96
36.75, 96
37.1428571429, 1
37.1428571429, 96
37.1428571429, 1
37.1428571429, 1
37.1428571429, 1
37.1785714286, 1
37.1785714286, 1
37.1785714286, 97
37.2142857143, 97
37.2142857143, 97
37.2142857143, 97
37.25, 97
37.3214285714, 88.6638241112
37.3214285714, 96
37.3571428571, 88.6638241112
37.3571428571, 97
37.6071428571, 96
38.0357142857, 1
38.1785714286, 0.0812854392491
38.4642857143, 27.0989009142
38.9285714286, 200
39.4642857143, 200
40.6071428571, 38.5437153662
41.3571428571, 200
41.5, 19.1852509657
41.6071428571, 0.0163508049867
41.6428571429, 0.0163508049867
42.0, 0.0590476474937
42.2142857143, 196.067776119
42.25, 163.359178351
42.25, 163.359178351
42.2857142857, 163.359178351
42.3571428571, 108
42.8928571429, 0.212821710675
42.8928571429, 200
42.9642857143, 108
42.9642857143, 166.447495387
42.9642857143, 166.447495387
42.9642857143, 98
42.9642857143, 166.447495387
43.0, 166.447495387
43.0357142857, 130.788478816
43.0357142857, 166.447495387
43.0357142857, 130.788478816
43.0357142857, 166.447495387
43.0714285714, 130.788478816
43.0714285714, 166.447495387
43.0714285714, 130.788478816
43.1428571429, 130.788478816
43.1785714286, 108
43.1785714286, 108
43.1785714286, 200
43.1785714286, 200
43.2857142857, 108
43.3214285714, 112.525932821
43.3214285714, 112.525932821
43.3571428571, 98
43.3571428571, 112.525932821
43.3571428571, 112.525932821
43.4285714286, 97
43.7857142857, 108
43.8214285714, 0.0615743494792
45.1785714286, 200
45.7857142857, 200
45.8214285714, 6.61713318607
45.8928571429, 6.61713318607
46.2857142857, 1
46.2857142857, 200
46.2857142857, 197.522588711
46.2857142857, 197.522588711
46.2857142857, 197.522588711
46.3571428571, 197.522588711
46.3571428571, 0.155911899328
46.3571428571, 200
46.3571428571, 200
46.3571428571, 200
46.3928571429, 0.155911899328
46.3928571429, 200
46.3928571429, 0.155911899328
46.3928571429, 200
46.4285714286, 0.698884003221
46.4642857143, 200
46.4642857143, 108
46.4642857143, 200
46.5, 97
46.5357142857, 108
46.6428571429, 108
46.6785714286, 108
46.7857142857, 0.250099750212
47.25, 1
47.25, 97
47.25, 98
47.25, 1
47.2857142857, 10.4615469424
47.2857142857, 10.4615469424
47.3214285714, 3.80136365573
47.3214285714, 3.80136365573
47.4642857143, 10.4615469424
47.4642857143, 10.4615469424
47.5714285714, 97
48.1428571429, 36.5545629268
48.25, 1
49.0, 0.0126219678135
49.0, 108
49.0357142857, 98
49.0714285714, 1
49.0714285714, 98
49.1071428571, 1
49.1071428571, 98
49.1071428571, 1
49.1071428571, 1
49.1428571429, 1
49.1428571429, 108
49.25, 0.0186641500258
49.25, 97
49.25, 0.0186641500258
49.25, 0.0186641500258
49.3214285714, 12.6021333739
49.3214285714, 12.6021333739
49.3214285714, 12.6021333739
49.4285714286, 97
49.5357142857, 98
49.6071428571, 1
49.6785714286, 1
50.1071428571, 188.914126431
50.6428571429, 1
50.6428571429, 200
50.6785714286, 1
50.6785714286, 200
50.8928571429, 1
50.9642857143, 0.000453473060197
50.9642857143, 200
51.0, 0.000453473060197
51.0, 200
51.0714285714, 0.000453473060197
51.1428571429, 127.918718977
51.3928571429, 1
51.5714285714, 0.403321708981
51.5714285714, 0.403321708981
51.6071428571, 0.403321708981
51.6071428571, 0.272751412374
51.6428571429, 139.334809076
51.6428571429, 139.334809076
51.6785714286, 139.334809076
51.6785714286, 139.334809076
51.6785714286, 139.334809076
51.6785714286, 139.334809076
51.6785714286, 139.334809076
51.7142857143, 139.334809076
51.7142857143, 139.334809076
51.75, 191.901032035
51.75, 191.901032035
51.8214285714, 97
51.8214285714, 0.0307407934875
51.8571428571, 108
51.8571428571, 108
52.0357142857, 97
52.0357142857, 98
52.0714285714, 1
52.1428571429, 97
52.1785714286, 97
52.1785714286, 98
52.2857142857, 98
52.5357142857, 0.174179922129
52.5357142857, 97
52.6428571429, 97
52.6785714286, 98
52.75, 108
53.8214285714, 1
53.9642857143, 1
54.0714285714, 200
54.6071428571, 0.466442238763
54.9642857143, 114.406308955
55.1428571429, 1
56.25, 109.312593316
56.25, 199.954245468
56.2857142857, 108
56.2857142857, 199.954245468
56.4642857143, 108
56.6071428571, 1
56.6785714286, 107.116245209
56.6785714286, 200
56.6785714286, 107.116245209
56.7142857143, 200
56.75, 98
56.75, 108
56.7857142857, 200
56.7857142857, 108
56.8214285714, 108
56.8214285714, 200
56.8571428571, 98
56.8571428571, 108
56.8928571429, 108
57.0, 108
57.0, 108
57.0, 153.080188872
57.0357142857, 134.523692467
57.0357142857, 134.523692467
57.1071428571, 153.080188872
57.2142857143, 108
57.3214285714, 0.428736061122
57.5, 7.46310572025e-05
57.6071428571, 200
57.7142857143, 160.661499009
57.7142857143, 160.661499009
57.7142857143, 160.661499009
57.7142857143, 160.661499009
57.75, 160.661499009
57.75, 200
57.7857142857, 108
57.8214285714, 200
58.0, 108
58.2857142857, 176.774501917
58.5357142857, 200
58.6428571429, 32.2723368086
58.6428571429, 32.2723368086
58.6785714286, 32.2723368086
58.7142857143, 97
58.7142857143, 108
58.7142857143, 200
58.75, 200
58.9642857143, 108
59.1071428571, 98
59.6071428571, 138.769990918
59.6071428571, 138.769990918
59.75, 108
59.7857142857, 108
59.8214285714, 33.8874421876
59.8928571429, 33.8874421876
59.9285714286, 33.8874421876
60.6428571429, 10.9517933247
60.6428571429, 10.9517933247
60.6785714286, 0.00108790096616
60.7142857143, 0.00108790096616
60.7142857143, 98
60.8214285714, 108
60.8214285714, 108
60.8214285714, 100
61.1785714286, 108
61.2857142857, 200
61.75, 0.261203594218
61.9285714286, 1
62.0, 9.49989234928
62.0357142857, 108
62.0357142857, 0.0098919785732
62.0714285714, 0.0098919785732
62.0714285714, 108
62.0714285714, 100
62.1428571429, 0.0098919785732
62.1428571429, 0.0098919785732
62.1428571429, 100
62.1785714286, 98
62.1785714286, 108
62.2142857143, 1
62.25, 98
62.25, 1
62.3214285714, 98
62.3214285714, 98
62.3214285714, 1
62.3214285714, 1
62.3571428571, 108
62.3571428571, 1
62.3571428571, 108
62.3928571429, 1
62.3928571429, 100
62.3928571429, 1
62.3928571429, 1
62.3928571429, 108
62.4285714286, 1
62.4285714286, 98
62.4285714286, 1
62.4285714286, 1
62.4285714286, 108
62.5714285714, 0.00410827507993
62.6071428571, 1
62.75, 98
62.9642857143, 0.120774469127
63.1785714286, 1
63.1785714286, 200
63.1785714286, 1
63.1785714286, 200
63.2142857143, 200
63.2142857143, 1
63.3214285714, 125.970164186
64.9642857143, 88.4344149858
64.9642857143, 88.4344149858
64.9642857143, 88.4344149858
65.0, 1
65.25, 98
65.5, 0.0667349034467
66.3214285714, 159.623798259
66.3571428571, 97.4820306055
66.3571428571, 97.4820306055
66.3571428571, 97.4820306055
66.3571428571, 97.4820306055
66.3928571429, 97.4820306055
66.4642857143, 97.4820306055
66.5, 108
66.5, 108
66.6071428571, 98
66.7142857143, 98
66.7142857143, 35.0708324232
66.7142857143, 98
66.75, 35.0708324232
66.75, 100
66.75, 35.0708324232
66.75, 108
66.75, 35.0708324232
66.7857142857, 35.0708324232
66.7857142857, 108
66.8214285714, 35.0708324232
66.8214285714, 98
66.8928571429, 98
66.9642857143, 0.00489252890573
67.0714285714, 100.429575476
67.25, 0.00225306568265
67.8571428571, 1
68.6428571429, 1
69.1428571429, 2.03809005677e-05
69.1428571429, 200
69.1428571429, 2.03809005677e-05
69.9285714286, 0.394939558077
70.0, 1
70.3928571429, 129.043586943
70.6428571429, 9.18386756379e-08
70.6428571429, 0.234840666028
70.6428571429, 0.234840666028
70.6428571429, 0.234840666028
70.7142857143, 9.18386756379e-08
70.7142857143, 0.234840666028
70.7142857143, 9.18386756379e-08
70.7142857143, 0.234840666028
70.8928571429, 0.122443646126
70.8928571429, 108
71.0, 108
71.0, 0.122443646126
71.0, 0.122443646126
71.0, 0.122443646126
71.0357142857, 108
71.0714285714, 108
71.0714285714, 33.4906558713
71.0714285714, 33.4906558713
71.0714285714, 112
71.1071428571, 33.4906558713
71.1071428571, 112
71.1071428571, 98
71.1428571429, 33.4906558713
71.25, 98
71.2857142857, 98
71.5357142857, 21.0423398117
71.5357142857, 1
71.5357142857, 21.0423398117
71.5357142857, 21.0423398117
71.5714285714, 1
71.5714285714, 108
71.5714285714, 100
71.6428571429, 100
71.6785714286, 1
71.6785714286, 100
71.9642857143, 98
72.0714285714, 163.808483457
72.25, 36.8653634793
72.25, 121.677151903
72.25, 121.677151903
72.3214285714, 36.8653634793
72.3214285714, 121.677151903
72.3214285714, 36.8653634793
72.3214285714, 121.677151903
72.3928571429, 0.0160075714361
72.3928571429, 0.0160075714361
72.3928571429, 0.0160075714361
72.5, 0.0160075714361
72.5357142857, 1
72.5714285714, 98
72.6071428571, 98
72.6785714286, 98
72.8571428571, 200
73.1428571429, 200
73.25, 200
73.5357142857, 0.264863163501
73.9642857143, 1
75.4642857143, 1
75.5357142857, 0.0283146996613
75.7142857143, 1
75.7142857143, 100
75.75, 1
75.75, 98
75.75, 1
75.75, 1
75.75, 1
75.75, 1
75.8214285714, 108
75.9285714286, 98
76.1071428571, 1
76.2857142857, 105.741178431
76.2857142857, 105.741178431
76.2857142857, 105.741178431
76.3928571429, 0.171519087624
76.3928571429, 98
76.4285714286, 0.171519087624
76.4285714286, 0.171519087624
76.4285714286, 105.741178431
76.4285714286, 0.171519087624
76.5, 98
76.5714285714, 98
76.6428571429, 102
77.5357142857, 158.561310157
77.6785714286, 90.2097478315
78.0357142857, 127.95409727
78.1428571429, 127.95409727
78.5, 0.300982676439
78.6428571429, 0.117797032648
79.5714285714, 5.56591266257e-05
79.9285714286, 0.0379003925097
79.9642857143, 0.0877944485645
80.6785714286, 0.00341884085338
80.7142857143, 0.00341884085338
80.8571428571, 1.48907678347e-07
80.9285714286, 1
80.9285714286, 1
81.1428571429, 0.036801059127
81.6071428571, 1
81.6428571429, 0.089320634983
81.6428571429, 0.089320634983
81.7857142857, 98
81.8571428571, 98
82.0714285714, 0.103099986076
82.25, 132.667440723
82.6071428571, 0.2320977216
82.6785714286, 98
82.8214285714, 98
82.8928571429, 1.79179665935e-28
83.0357142857, 0.0396830660284
83.2142857143, 9.10548630359e-44
84.1785714286, 55.1864128442
84.2142857143, 1
84.2142857143, 55.1864128442
84.2142857143, 55.1864128442
84.2142857143, 1
84.3928571429, 73.9672724292
84.5, 73.9672724292
84.5, 73.9672724292
84.5, 1
84.5, 1
84.5357142857, 39.2750924815
84.5357142857, 108
84.5357142857, 104
84.6071428571, 114
84.6428571429, 157.346410305
84.6428571429, 157.346410305
84.6428571429, 157.346410305
84.6785714286, 157.346410305
84.6785714286, 157.346410305
84.7142857143, 0.101297730628
84.7142857143, 114
84.75, 34.0839696767
84.75, 114
85.0, 0.125226770624
85.1785714286, 0.117674546782
85.3571428571, 44.8237085123
85.4642857143, 0.199572984415
86.6785714286, 1
87.2857142857, 1
87.3214285714, 1
87.3214285714, 131.423390593
87.3214285714, 131.423390593
87.3214285714, 131.423390593
87.3571428571, 1
87.3571428571, 131.423390593
87.3928571429, 131.423390593
87.4285714286, 1
87.4642857143, 1
87.4642857143, 131.423390593
87.5357142857, 98
87.5357142857, 102
87.6071428571, 112
87.6428571429, 102
87.6428571429, 1
87.6428571429, 1
87.6785714286, 114
87.6785714286, 108
87.7142857143, 104
87.7142857143, 1
87.7142857143, 1
87.7142857143, 108
87.7142857143, 98
87.8571428571, 98
87.9285714286, 172.965452285
88.0, 74.1586395467
88.1071428571, 115.588089424
88.1071428571, 115.588089424
88.1071428571, 115.588089424
88.1428571429, 0.110339063743
88.1428571429, 0.110339063743
88.1428571429, 115.588089424
88.3571428571, 98
88.8571428571, 200
89.1071428571, 0.0499914579464
89.3214285714, 115.118084116
89.3928571429, 200
89.5714285714, 102
89.6071428571, 0.0143604424853
90.0, 7.15450521579e-05
90.1428571429, 0.000154734239747
90.6428571429, 1
91.1785714286, 1
91.1785714286, 200
91.1785714286, 1
91.1785714286, 200
91.1785714286, 200
91.8928571429, 1
91.8928571429, 1
91.9642857143, 0.69365805926
92.0, 112
92.1071428571, 98
92.1071428571, 53.2987872263
92.1071428571, 53.2987872263
92.1785714286, 56.855919485
92.1785714286, 81.1618325052
92.1785714286, 56.855919485
92.1785714286, 56.855919485
92.1785714286, 102
92.1785714286, 56.855919485
92.1785714286, 56.855919485
92.2142857143, 56.855919485
92.2142857143, 104
92.2142857143, 166.661495639
92.2142857143, 166.661495639
92.3928571429, 0.0987564348776
92.4285714286, 1
92.5714285714, 200
92.6785714286, 0.0310207487106
92.75, 122.66316447
92.8928571429, 58.021200818
92.9285714286, 200
93.0357142857, 115
93.0357142857, 0.55801089175
93.0357142857, 0.55801089175
93.0357142857, 0.55801089175
93.0357142857, 0.55801089175
93.0357142857, 0.55801089175
93.2142857143, 1
93.5357142857, 1
94.0, 0.00145295819488
94.0, 0.00145295819488
94.0714285714, 200
94.1785714286, 40.4287310654
94.1785714286, 0.00602143590942
94.1785714286, 40.4287310654
94.1785714286, 40.4287310654
94.2142857143, 40.4287310654
94.25, 40.4287310654
94.3571428571, 40.4287310654
94.3571428571, 104
94.6071428571, 2.36204749756e-08
95.3214285714, 0.449836426369
95.3928571429, 1
95.8571428571, 168.580492517
96.1071428571, 200
96.1785714286, 0.13486160107
96.2142857143, 0.13486160107
96.2857142857, 112
96.2857142857, 106
96.2857142857, 104
96.2857142857, 200
96.3214285714, 200
96.3214285714, 102
96.3214285714, 200
96.3214285714, 114
96.3214285714, 200
96.3571428571, 107
96.3571428571, 200
96.6071428571, 115
97.0357142857, 125.999980587
97.0357142857, 125.999980587
97.1428571429, 195.552233352
97.1428571429, 195.552233352
97.1785714286, 1
97.1785714286, 112
97.1785714286, 1
97.2142857143, 1
97.2142857143, 114
97.25, 1
97.25, 115
97.2857142857, 106
97.2857142857, 0.0801758053831
97.2857142857, 0.0801758053831
97.2857142857, 114
97.4642857143, 1
97.4642857143, 104
97.4642857143, 98.3761970354
97.4642857143, 98.3761970354
97.4642857143, 98.3761970354
97.5, 106
97.5, 104
97.5357142857, 107
97.6071428571, 114
97.6071428571, 0.585454078168
97.6071428571, 35.3068913984
97.6071428571, 0.585454078168
97.6071428571, 35.3068913984
97.6428571429, 35.3068913984
97.75, 104
97.75, 112
97.7857142857, 106
98.3571428571, 0.000659013978034
98.6071428571, 112
98.6071428571, 107
98.6428571429, 112
98.6428571429, 200
98.6785714286, 107
98.6785714286, 0.636195842443
98.6785714286, 0.636195842443
98.7142857143, 0.636195842443
98.8571428571, 115
99.3571428571, 0.241996693331
99.5357142857, 0.841150748459
99.75, 1
99.8214285714, 200
99.8928571429, 103.421510862
99.8928571429, 200
99.8928571429, 103.421510862
99.8928571429, 103.421510862
99.8928571429, 200
99.9285714286, 103.421510862
99.9285714286, 103.421510862
99.9642857143, 134.6411327
99.9642857143, 115
100.0, 0.0759516372584
100.0, 0.221825019287
100.0, 0.221825019287
100.107142857, 115
100.107142857, 50.3619660363
100.178571429, 50.3619660363
100.25, 50.3619660363
100.964285714, 174.839528006
101.071428571, 17.4208474358
101.142857143, 43.8016385981
101.535714286, 1
101.535714286, 107.057314957
101.535714286, 107.057314957
101.642857143, 104
101.857142857, 0.000711256757749
102.071428571, 0.478908827188
102.571428571, 13.4628770514
102.678571429, 0.000147584287804
102.928571429, 30.4248320819
102.964285714, 200
103.0, 0.116299277211
103.035714286, 115
103.035714286, 115
103.464285714, 1
103.857142857, 0.164610928249
104.25, 1
104.25, 200
104.25, 1
104.25, 200
104.25, 1
104.25, 200
104.357142857, 1
104.535714286, 0.124338028697
104.571428571, 121.202066371
104.642857143, 121.202066371
104.75, 121.202066371
104.821428571, 1
105.642857143, 0.719669933941
107.357142857, 0.531575536146
107.357142857, 0.531575536146
107.5, 1
107.607142857, 4.60758526313
107.75, 1
107.75, 109.881288825
107.75, 109.881288825
107.821428571, 106
108.035714286, 106
108.964285714, 200
109.142857143, 31.1509096393
109.214285714, 0.726822039455
109.678571429, 200
109.821428571, 200
110.071428571, 1
110.107142857, 1
110.107142857, 200
110.107142857, 200
110.285714286, 15.5434036711
110.285714286, 1
110.285714286, 118
110.285714286, 109
110.285714286, 1
110.357142857, 114
110.392857143, 5.02636971725e-17
110.392857143, 109
110.392857143, 5.02636971725e-17
110.392857143, 5.02636971725e-17
110.535714286, 106
110.642857143, 106
110.75, 1
110.75, 0.0921652129013
110.75, 0.0921652129013
110.75, 0.0921652129013
110.785714286, 0.0123806572437
110.785714286, 0.0921652129013
110.785714286, 0.0123806572437
110.928571429, 0.0123806572437
111.071428571, 106
111.071428571, 107
111.107142857, 19.4337187226
111.107142857, 19.4337187226
111.107142857, 114
111.107142857, 19.4337187226
111.142857143, 19.4337187226
111.142857143, 118
111.25, 107
111.25, 1
111.25, 1
111.25, 1
111.25, 118
111.321428571, 107
111.321428571, 107
111.428571429, 0.0158776175734
111.428571429, 107
111.428571429, 114
111.464285714, 115
111.464285714, 114
111.642857143, 106
112.25, 0.103417751549
112.321428571, 0.103417751549
112.678571429, 118
112.714285714, 200
112.714285714, 107
112.714285714, 107
112.75, 114
112.785714286, 114
112.857142857, 115
112.857142857, 109
112.892857143, 115
113.0, 118
113.0, 115
113.785714286, 0.0608016044984
113.892857143, 200
113.964285714, 1
113.964285714, 200
114.0, 1
114.0, 200
114.392857143, 1
114.428571429, 0.000306584866318
114.607142857, 200
114.607142857, 200
114.642857143, 200
114.75, 200
114.75, 200
114.785714286, 136.508458135
114.785714286, 136.508458135
114.821428571, 200
114.821428571, 1
114.857142857, 0.109565027218
114.857142857, 0.109565027218
114.857142857, 0.109565027218
114.892857143, 0.109565027218
114.892857143, 0.109565027218
114.892857143, 0.109565027218
115.107142857, 1.63866490359e-08
115.178571429, 125.211292103
115.285714286, 107
115.321428571, 107
115.321428571, 109
115.321428571, 2.01082257963e-05
115.321428571, 107
115.321428571, 2.01082257963e-05
115.357142857, 2.01082257963e-05
115.357142857, 109
115.392857143, 120
115.464285714, 106
115.607142857, 106
115.678571429, 0.180971340946
115.714285714, 0.180971340946
116.071428571, 1
116.321428571, 86.5134986107
116.321428571, 86.5134986107
116.321428571, 200
116.392857143, 120
116.428571429, 114
116.428571429, 200
116.464285714, 200
116.464285714, 200
116.464285714, 106
116.5, 200
116.571428571, 114
116.964285714, 120
117.464285714, 0.0311576892011
117.75, 1
118.0, 200
118.0, 200
118.071428571, 200
118.178571429, 200
118.535714286, 84.7671195832
119.107142857, 200
119.142857143, 200
119.785714286, 0.414747340638
120.0, 0.0856205518705
120.821428571, 0.0618261155987
120.892857143, 200
121.035714286, 200
121.25, 178.418675272
121.25, 199.795992645
121.25, 199.795992645
121.25, 199.795992645
121.285714286, 200
121.321428571, 109
121.357142857, 200
121.464285714, 107
121.464285714, 13.0753360065
121.464285714, 13.0753360065
121.464285714, 13.0753360065
121.535714286, 120
122.035714286, 27.3325564324
122.178571429, 200
122.214285714, 200
122.357142857, 200
123.428571429, 121
123.464285714, 177.620306226
123.535714286, 121
123.535714286, 0.839882568675
123.535714286, 0.839882568675
123.785714286, 1
124.285714286, 45.972024876
124.642857143, 1
125.035714286, 69.0717417197
125.035714286, 200
125.035714286, 69.0717417197
125.071428571, 200
125.107142857, 200
125.107142857, 118
125.142857143, 120
125.178571429, 107
125.178571429, 200
125.285714286, 121
125.285714286, 200
125.285714286, 120
125.285714286, 200
125.285714286, 200
125.285714286, 200
125.321428571, 109
125.321428571, 200
125.357142857, 200
125.571428571, 121
125.964285714, 200
126.0, 0.158604995575
126.0, 0.158604995575
126.0, 200
126.035714286, 0.158604995575
126.035714286, 200
126.035714286, 121
126.071428571, 121
126.142857143, 118
126.142857143, 200
126.178571429, 121
126.214285714, 107
126.214285714, 200
126.321428571, 111
126.392857143, 120
126.392857143, 200
126.392857143, 107
126.392857143, 200
126.428571429, 174.333056036
126.428571429, 174.333056036
126.464285714, 107
126.464285714, 118
126.5, 111
126.5, 121
126.5, 200
126.5, 200
126.571428571, 107
126.571428571, 200
126.75, 121
127.0, 157.851790985
127.357142857, 200
128.321428571, 0.635051131122
128.535714286, 119.111662558
128.607142857, 75.3986171243
128.821428571, 0.0552898987583
128.821428571, 0.0552898987583
128.892857143, 33.4623210103
129.142857143, 0.0173540002917
129.428571429, 13.8457616528
129.75, 0.238087994254
130.071428571, 1
130.285714286, 0.0141341032627
130.464285714, 0.925226515047
130.964285714, 1
131.107142857, 108.539632463
131.428571429, 107
131.464285714, 0.014978963484
131.571428571, 192.142852273
131.571428571, 192.142852273
131.642857143, 107
131.642857143, 200
131.678571429, 200
131.75, 121
131.857142857, 121
131.857142857, 200
131.857142857, 121
131.892857143, 121
131.892857143, 121
131.928571429, 122
131.928571429, 86.7338261682
131.928571429, 86.7338261682
131.964285714, 86.7338261682
131.964285714, 86.7338261682
132.0, 86.7338261682
132.0, 86.7338261682
132.0, 86.7338261682
132.0, 86.7338261682
132.321428571, 45.4883358899
132.928571429, 143.857813014
132.964285714, 143.857813014
133.035714286, 190.829386057
133.035714286, 25.1283206881
133.035714286, 25.1283206881
133.035714286, 190.829386057
133.071428571, 25.1283206881
133.071428571, 190.829386057
133.071428571, 190.829386057
133.142857143, 122
133.178571429, 111
133.178571429, 190.829386057
133.178571429, 111
133.178571429, 190.829386057
133.214285714, 111
133.25, 112
133.321428571, 122
133.392857143, 122
133.5, 0.0932115347993
133.535714286, 0.0932115347993
133.535714286, 200
133.678571429, 2.00041732802e-05
134.035714286, 200
134.535714286, 21.7766291605
135.0, 0.00152759696943
136.214285714, 3.33873203266
136.464285714, 109
136.571428571, 0.36030764338
136.714285714, 109.026374192
137.357142857, 200
137.785714286, 95.4055761494
137.785714286, 95.4055761494
137.964285714, 115.333632808
138.5, 155.480582789
139.107142857, 1
139.107142857, 168.963440351
139.107142857, 168.963440351
139.142857143, 1
139.142857143, 168.963440351
139.178571429, 1
139.178571429, 121
139.214285714, 111
139.214285714, 112
139.25, 112
139.678571429, 1
139.678571429, 111
139.678571429, 26.3353529123
139.678571429, 26.3353529123
139.678571429, 26.3353529123
139.714285714, 26.3353529123
139.714285714, 112
139.714285714, 26.3353529123
139.714285714, 26.3353529123
139.714285714, 112
139.785714286, 118
139.785714286, 121
139.821428571, 1
139.857142857, 0.179492338026
139.892857143, 111
140.035714286, 111
140.107142857, 87.5052397648
140.107142857, 87.5052397648
140.142857143, 1
140.214285714, 87.5052397648
140.214285714, 1
140.214285714, 87.5052397648
140.214285714, 1
140.214285714, 87.5052397648
140.25, 121
140.25, 53.9121361518
140.285714286, 122
140.321428571, 0.333154005495
140.321428571, 112
140.321428571, 0.333154005495
140.321428571, 112
140.392857143, 112
140.464285714, 0.597284385949
140.535714286, 111
140.714285714, 41.8414389457
141.107142857, 9.07061956694e-06
141.321428571, 165.296129121
141.535714286, 0.539745911027
141.535714286, 0.539745911027
141.571428571, 200
142.714285714, 200
142.75, 1
143.5, 1
144.357142857, 0.066442410161
144.392857143, 0.066442410161
145.178571429, 56.5029122841
145.392857143, 45.6513616236
145.642857143, 0.356264935263
145.642857143, 0.356264935263
145.642857143, 0.356264935263
145.642857143, 0.0296121536646
145.642857143, 0.356264935263
145.642857143, 0.0296121536646
145.678571429, 0.209185520223
145.75, 111
145.928571429, 112
146.75, 0.72698924676
146.785714286, 0.199492000522
146.785714286, 158.72187746
146.785714286, 0.199492000522
146.785714286, 158.72187746
146.821428571, 158.72187746
146.857142857, 111
146.892857143, 112
147.071428571, 0.128995000064
147.071428571, 112
147.071428571, 112
147.071428571, 0.128995000064
147.071428571, 118
147.071428571, 0.128995000064
147.071428571, 121
147.107142857, 118
147.142857143, 0.128995000064
147.178571429, 0.0752365994309
147.178571429, 0.0752365994309
147.214285714, 0.0752365994309
147.214285714, 0.0752365994309
147.214285714, 0.0752365994309
147.214285714, 0.0752365994309
147.214285714, 0.0752365994309
147.25, 0.0752365994309
147.321428571, 200
147.607142857, 1
147.642857143, 40.5580091401
147.75, 0.0229750501626
148.357142857, 160.982468898
148.464285714, 0.0966550412685
148.678571429, 94.782475239
149.142857143, 5.61041742724e-67
149.178571429, 5.61041742724e-67
150.357142857, 0.178970685264
150.5, 200
151.321428571, 1
151.428571429, 1
151.607142857, 200
151.964285714, 1
152.214285714, 0.0363559144917
152.214285714, 0.0363559144917
152.25, 0.0363559144917
152.25, 0.0363559144917
152.428571429, 1
152.535714286, 111
152.607142857, 111
152.714285714, 0.0665776605084
152.785714286, 200
152.857142857, 200
153.142857143, 9.83068559644
153.142857143, 9.83068559644
153.142857143, 200
153.142857143, 9.83068559644
153.142857143, 200
153.178571429, 9.83068559644
153.178571429, 122
153.214285714, 200
153.214285714, 122
153.25, 200
153.25, 200
153.25, 200
153.428571429, 122
153.928571429, 1
153.928571429, 1
154.035714286, 116.848723408
154.785714286, 136.20253518
154.821428571, 136.20253518
154.821428571, 200
154.821428571, 136.20253518
154.857142857, 136.20253518
154.857142857, 200
154.892857143, 200
154.928571429, 122
154.928571429, 200
154.964285714, 112
154.964285714, 200
154.964285714, 112
155.178571429, 122
155.285714286, 0.0185934941568
156.071428571, 200
156.25, 200
156.321428571, 200
156.607142857, 1
156.678571429, 1
156.678571429, 200
156.714285714, 1
156.714285714, 200
156.75, 1
156.75, 200
156.785714286, 1
156.785714286, 200
157.071428571, 100.035279321
157.285714286, 1
157.535714286, 15.8720246322
157.642857143, 15.8720246322
157.785714286, 0.023648249003
158.25, 17.3203247353
158.285714286, 103.365937046
158.357142857, 0.0835045665129
158.357142857, 92.5792008736
158.535714286, 111
158.785714286, 3.86244517806
159.571428571, 0.0620603958841
159.607142857, 0.0620603958841
159.714285714, 0.374391642644
159.821428571, 0.374391642644
160.035714286, 175.999696864
160.035714286, 175.999696864
160.178571429, 0.00688692668048
160.214285714, 0.0630084295592
160.214285714, 0.0630084295592
160.392857143, 1
160.428571429, 1
160.785714286, 1
160.964285714, 136.113857192
161.0, 29.1958246527
161.107142857, 29.1958246527
161.607142857, 61.4233548208
161.75, 0.14216347495
161.821428571, 1.24585826247e-07
161.928571429, 0.0673614258288
162.642857143, 54.1432647963
163.0, 200
163.321428571, 0.0346008364796
163.392857143, 111.258860886
163.75, 1
164.107142857, 197.378166038
165.107142857, 1
165.5, 1
165.785714286, 111
166.5, 96.8691711973
167.178571429, 0.00105970581264
167.25, 0.52691321926
167.285714286, 0.52691321926
167.5, 200
167.5, 0.610714803761
167.535714286, 0.610714803761
167.785714286, 145.569453251
167.785714286, 145.569453251
167.892857143, 0.000229319966726
167.964285714, 111
167.964285714, 0.178088622063
168.0, 110
168.035714286, 112
168.142857143, 110
168.428571429, 170.115435248
168.464285714, 0.0019986133792
168.5, 112
168.571428571, 110
168.678571429, 200
168.857142857, 1
168.857142857, 1
168.857142857, 200
168.928571429, 1
168.928571429, 200
168.928571429, 1
168.928571429, 1
168.928571429, 200
168.928571429, 1
168.928571429, 200
169.107142857, 34.5818920252
169.357142857, 0.20346362465
169.392857143, 200
169.428571429, 138.031034464
169.428571429, 138.031034464
169.5, 1
169.5, 138.031034464
169.535714286, 138.031034464
169.607142857, 110
169.75, 110
170.071428571, 110
170.321428571, 77.8695926345
170.321428571, 1
170.357142857, 0.0127044814053
170.392857143, 0.0127044814053
170.392857143, 0.0127044814053
170.428571429, 0.0127044814053
170.464285714, 110
170.607142857, 110
171.071428571, 69.2124450835
171.642857143, 195.508276445
172.464285714, 0.00013239946005
172.607142857, 1
172.714285714, 1
172.714285714, 200
172.75, 1
172.785714286, 61.9601232001
172.857142857, 0.0143132125012
172.857142857, 61.9601232001
172.892857143, 61.9601232001
172.964285714, 110
173.035714286, 110
173.071428571, 200
173.107142857, 200
173.214285714, 200
173.357142857, 200
173.5, 200
173.607142857, 1
173.607142857, 1
173.607142857, 0.00450706015266
173.642857143, 0.00450706015266
173.928571429, 200
174.142857143, 200
174.142857143, 199.455364218
174.142857143, 199.455364218
174.142857143, 200
174.178571429, 199.455364218
174.178571429, 200
174.25, 119
174.357142857, 119
174.535714286, 1
174.642857143, 0.155081700626
175.464285714, 3.0410228837
175.5, 117
175.5, 200
175.5, 110
175.535714286, 110
175.535714286, 83.6518846855
175.535714286, 83.6518846855
175.535714286, 83.6518846855
175.571428571, 83.6518846855
175.571428571, 83.6518846855
175.571428571, 83.6518846855
175.607142857, 83.6518846855
175.642857143, 83.6518846855
175.928571429, 119
175.964285714, 117
175.964285714, 200
175.964285714, 200
175.964285714, 200
176.428571429, 119
176.785714286, 1
177.214285714, 64.635300422
177.464285714, 0.707374627302
177.5, 0.0776410540329
177.5, 0.0776410540329
177.5, 0.0776410540329
177.714285714, 99.0893906968
177.714285714, 99.0893906968
177.75, 1
177.785714286, 1
177.785714286, 105
177.785714286, 106
177.821428571, 116.873373369
177.821428571, 116.873373369
177.821428571, 116.873373369
177.821428571, 116.873373369
177.857142857, 116.873373369
177.857142857, 119
177.928571429, 119
177.964285714, 119
178.25, 200
178.964285714, 169.729586767
178.964285714, 169.729586767
179.0, 169.729586767
179.321428571, 105
180.428571429, 0.194903065276
180.428571429, 0.194903065276
180.428571429, 0.194903065276
180.464285714, 0.167337923035
180.464285714, 0.167337923035
180.464285714, 119
180.535714286, 110
180.821428571, 105
181.714285714, 1
181.928571429, 4.5926226242e-05
182.178571429, 149.314794352
182.464285714, 0.000256053353556
182.785714286, 34.4430624721
182.821428571, 34.4430624721
183.0, 0.00263868748346
183.142857143, 1
183.178571429, 1
183.178571429, 200
183.25, 1
183.357142857, 61.6157540893
184.071428571, 89.7340237878
184.071428571, 89.7340237878
184.071428571, 89.7340237878
184.107142857, 0.0777952196016
184.142857143, 89.7340237878
184.214285714, 105
184.5, 105
185.035714286, 200
185.107142857, 1
185.178571429, 1
185.428571429, 200
185.535714286, 1
186.285714286, 0.0789350663806
186.321428571, 105
186.357142857, 1
186.357142857, 117
186.357142857, 117
186.392857143, 1
186.607142857, 101
186.607142857, 101
186.607142857, 101
186.642857143, 0.000443215557525
186.642857143, 101
186.678571429, 101
186.714285714, 101
186.714285714, 101
186.714285714, 1
186.714285714, 101
186.75, 1
186.75, 101
186.785714286, 70.6820564864
186.785714286, 70.6820564864
186.821428571, 70.6820564864
186.821428571, 105
186.821428571, 70.6820564864
186.821428571, 70.6820564864
186.892857143, 105
187.071428571, 101
187.357142857, 1
187.464285714, 30.8023061547
187.535714286, 105
187.535714286, 109.273979096
187.535714286, 109.273979096
187.535714286, 109.273979096
187.571428571, 109.273979096
187.571428571, 117
187.607142857, 109.273979096
187.857142857, 119
187.964285714, 6.12844006693
188.214285714, 1
189.0, 26.9224209635
189.035714286, 0.0188762964232
189.178571429, 0.0558266307214
189.785714286, 1
190.678571429, 200
190.892857143, 1
190.892857143, 200
190.892857143, 1
190.892857143, 200
190.928571429, 1
190.928571429, 200
191.464285714, 0.0268399826313
191.464285714, 0.0268399826313
191.464285714, 0.0268399826313
191.464285714, 117
191.5, 105
191.5, 0.0268399826313
191.5, 117
191.535714286, 100
191.535714286, 0.0268399826313
191.535714286, 117
191.535714286, 100
191.571428571, 0.0268399826313
191.571428571, 0.0268399826313
191.571428571, 0.0268399826313
191.607142857, 0.0268399826313
191.607142857, 117
191.642857143, 0.0268399826313
191.678571429, 100
191.892857143, 0.37143626822
191.892857143, 100
191.892857143, 100
191.892857143, 0.37143626822
191.892857143, 0.37143626822
191.892857143, 0.37143626822
191.892857143, 101
192.178571429, 0.0175911835452
192.464285714, 51.4527702857
192.5, 51.4527702857
192.75, 200
192.785714286, 200
192.857142857, 100
192.857142857, 100
192.857142857, 100
192.892857143, 58.0962050466
192.892857143, 200
192.892857143, 200
192.892857143, 200
192.928571429, 117
192.928571429, 119
192.964285714, 101
192.964285714, 117
193.107142857, 119
193.178571429, 119
193.178571429, 200
193.178571429, 119
193.178571429, 200
193.178571429, 200
193.214285714, 119
193.214285714, 200
193.25, 119
193.25, 117
193.25, 200
193.25, 200
193.321428571, 119
193.428571429, 117
193.5, 0.163766141626
194.321428571, 167.892816556
194.321428571, 167.892816556
194.464285714, 41.3372668714
194.607142857, 100
195.071428571, 1
196.321428571, 1
197.214285714, 34.5578976492
197.214285714, 34.5578976492
197.214285714, 1
197.214285714, 34.5578976492
197.25, 1
197.25, 1
197.285714286, 1
197.5, 0.000284369089226
197.535714286, 100
197.535714286, 100
197.535714286, 1
197.571428571, 1
197.571428571, 19.3861113149
197.571428571, 19.3861113149
197.607142857, 100
197.892857143, 100
198.035714286, 87.8758364647
198.892857143, 47.7537925922
198.928571429, 0.141213191257
198.928571429, 108
198.964285714, 0.141213191257
198.964285714, 0.141213191257
198.964285714, 0.141213191257
199.035714286, 117
199.214285714, 119
199.642857143, 0.0913385999494
199.714285714, 200
200.0, 1
