16.875, 106
18.125, 106
18.25, 66.1402681729
18.375, 66.1402681729
19.125, 106
19.375, 106
19.5, 106
19.625, 106
19.75, 106
19.875, 106
20.0, 106
20.125, 106
20.25, 106
20.375, 106
20.5, 106
20.625, 106
20.75, 106
20.75, 106
20.875, 96
21.0, 96
21.125, 96
21.25, 96
21.375, 96
21.5, 96
21.625, 96
21.75, 107
21.875, 107
22.0, 107
22.125, 107
22.25, 107
22.375, 107
22.5, 107
22.5, 107
22.625, 0.0321400918204
22.625, 0.0321400918204
22.75, 0.0321400918204
22.75, 0.0321400918204
22.875, 0.0321400918204
22.875, 0.0321400918204
23.0, 0.0321400918204
23.0, 96
23.125, 96
23.25, 107
23.375, 107
23.5, 107
23.5, 106
23.625, 107
23.75, 107
23.875, 107
23.875, 107
24.0, 96
24.125, 107
24.25, 107
24.375, 107
24.5, 107
24.625, 107
24.75, 107
24.75, 107
24.875, 96
25.0, 107
25.125, 107
25.125, 106
25.25, 107
25.375, 107
25.5, 107
25.625, 107
25.75, 107
25.875, 107
26.0, 107
26.125, 107
26.25, 107
26.375, 107
26.5, 107
26.625, 107
26.75, 107
26.875, 107
27.0, 107
27.125, 107
27.25, 107
27.25, 107
27.375, 96
27.5, 107
27.5, 107
27.625, 27.7865456112
27.625, 27.7865456112
27.75, 27.7865456112
27.75, 27.7865456112
27.875, 27.7865456112
27.875, 27.7865456112
28.0, 96
28.125, 107
28.25, 107
28.25, 106
28.375, 107
28.375, 107
28.5, 96
28.625, 107
28.75, 107
28.75, 96
28.875, 107
29.0, 107
29.0, 96
29.125, 107
29.25, 107
29.25, 96
29.375, 107
29.5, 107
29.625, 107
29.75, 107
29.75, 106
29.875, 107
29.875, 107
30.0, 96
30.125, 107
30.125, 96
30.25, 107
30.25, 96
30.375, 107
30.375, 96
30.375, 200
30.5, 107
30.5, 96
30.625, 107
30.625, 96
30.75, 107
30.75, 96
30.75, 200
30.875, 107
30.875, 96
31.0, 107
31.0, 96
31.125, 107
31.125, 96
31.25, 107
31.25, 107
31.375, 107
31.375, 107
31.5, 107
31.5, 107
31.625, 107
31.625, 106
31.75, 107
31.75, 106
31.875, 107
31.875, 106
32.0, 107
32.0, 106
32.125, 107
32.125, 106
32.25, 107
32.25, 106
32.375, 107
32.375, 106
32.375, 200
32.5, 107
32.5, 106
32.625, 107
32.625, 106
32.75, 107
32.75, 106
32.875, 107
32.875, 106
33.0, 107
33.0, 106
33.125, 107
33.125, 106
33.25, 107
33.25, 106
33.25, 107
33.375, 96
33.375, 97
33.5, 96
33.5, 97
33.625, 96
33.625, 97
33.75, 96
33.875, 107
33.875, 106
34.0, 107
34.0, 106
34.125, 107
34.125, 106
34.25, 107
34.25, 106
34.375, 107
34.375, 1.17656773434e-14
34.375, 1.17656773434e-14
34.5, 1.17656773434e-14
34.5, 1.17656773434e-14
34.625, 96
34.75, 107
34.75, 106
34.875, 107
34.875, 106
35.0, 107
35.0, 106
35.125, 107
35.125, 106
35.25, 107
35.25, 106
35.25, 106
35.375, 107
35.375, 96
35.5, 107
35.5, 96
35.625, 107
35.625, 96
35.625, 67.4675252695
35.75, 67.4675252695
35.75, 67.4675252695
35.875, 67.4675252695
35.875, 67.4675252695
36.0, 67.4675252695
36.0, 1
36.0, 96
36.125, 96
36.125, 97
36.25, 96
36.25, 97
36.375, 96
36.375, 97
36.5, 96
36.5, 97
36.625, 96
36.625, 97
36.75, 96
36.75, 97
36.875, 96
36.875, 97
37.0, 96
37.0, 97
37.125, 96
37.125, 97
37.25, 96
37.25, 97
37.375, 96
37.375, 97
37.5, 96
37.5, 97
37.625, 96
37.625, 97
37.75, 96
37.875, 107
37.875, 106
38.0, 107
38.0, 106
38.125, 107
38.125, 106
38.125, 196.028732802
38.25, 107
38.25, 106
38.375, 107
38.375, 106
38.5, 107
38.5, 106
38.625, 107
38.625, 106
38.75, 107
38.75, 106
38.875, 107
38.875, 106
39.0, 107
39.0, 106
39.125, 107
39.125, 106
39.25, 107
39.25, 106
39.375, 110.866637226
39.375, 110.866637226
39.5, 110.866637226
39.5, 110.866637226
39.625, 110.866637226
39.625, 110.866637226
39.75, 110.866637226
39.75, 110.866637226
39.75, 107
39.875, 107
39.875, 106
40.0, 107
40.0, 106
40.125, 107
40.125, 106
40.25, 107
40.25, 106
40.375, 107
40.375, 106
40.5, 107
40.5, 106
40.5, 107
40.625, 96
40.625, 97
40.75, 107
40.75, 96
40.875, 107
40.875, 96
41.0, 107
41.0, 96
41.125, 107
41.125, 96
41.25, 107
41.25, 96
41.375, 107
41.375, 96
41.5, 107
41.5, 96
41.625, 107
41.625, 96
41.625, 107
41.75, 96
41.75, 97
41.875, 96
41.875, 97
42.0, 96
42.0, 97
42.125, 96
42.125, 97
42.25, 107
42.25, 96
42.375, 107
42.375, 96
42.5, 107
42.5, 96
42.625, 107
42.625, 96
42.75, 107
42.75, 96
42.875, 107
42.875, 96
43.0, 107
43.0, 96
43.0, 200
43.125, 107
43.125, 96
43.25, 107
43.25, 96
43.375, 107
43.375, 96
43.375, 106
43.5, 107
43.5, 96
43.625, 107
43.625, 96
43.75, 107
43.75, 96
43.875, 107
43.875, 96
44.0, 107
44.0, 96
44.0, 97
44.125, 107
44.125, 96
44.25, 107
44.25, 99
44.375, 107
44.375, 99
44.5, 107
44.5, 99
44.625, 107
44.625, 99
44.75, 107
44.75, 99
44.875, 107
44.875, 99
45.0, 107
45.0, 99
45.0, 107
45.125, 97
45.125, 99
45.125, 1
45.25, 97
45.25, 99
45.375, 97
45.375, 99
45.5, 97
45.5, 99
45.625, 97
45.625, 99
45.75, 97
45.75, 99
45.875, 97
45.875, 99
46.0, 97
46.0, 99
46.125, 97
46.125, 99
46.25, 97
46.25, 99
46.375, 97
46.375, 99
46.5, 97
46.5, 99
46.625, 97
46.625, 99
46.75, 97
46.75, 99
46.875, 97
46.875, 99
47.0, 97
47.0, 99
47.125, 107
47.125, 99
47.25, 107
47.25, 99
47.375, 107
47.375, 97
47.375, 99
47.5, 97
47.5, 99
47.625, 183.042917943
47.625, 183.042917943
47.75, 183.042917943
47.75, 183.042917943
47.875, 183.042917943
47.875, 0.340840979206
47.875, 0.340840979206
48.0, 97
48.0, 99
48.125, 97
48.125, 99
48.25, 97
48.25, 99
48.375, 97
48.375, 99
48.5, 97
48.5, 99
48.625, 97
48.625, 99
48.75, 97
48.75, 99
48.875, 97
48.875, 99
49.0, 97
49.0, 99
49.125, 97
49.125, 99
49.25, 97
49.25, 99
49.375, 97
49.375, 97
49.5, 0.44615672307
49.5, 0.44615672307
49.625, 97
49.625, 99
49.75, 97
49.75, 99
49.875, 97
49.875, 99
50.0, 97
50.0, 99
50.125, 97.5107642649
50.125, 99
50.25, 107
50.25, 99
50.375, 107
50.375, 99
50.5, 107
50.5, 99
50.5, 28.5778923217
50.625, 28.5778923217
50.625, 28.5778923217
50.75, 28.5778923217
50.75, 28.5778923217
50.875, 28.5778923217
50.875, 28.5778923217
51.0, 28.5778923217
51.125, 107
51.125, 106
51.25, 107
51.25, 106
51.375, 107
51.375, 106
51.5, 107
51.5, 106
51.5, 106
51.625, 107
51.625, 99
51.75, 107
51.75, 107
51.875, 107
51.875, 107
52.0, 107
52.0, 107
52.0, 107
52.125, 107
52.125, 107
52.25, 107
52.25, 106
52.25, 106
52.375, 107
52.375, 99
52.5, 107
52.5, 99
52.625, 107
52.625, 106
52.75, 107
52.75, 106
52.75, 107
52.875, 97
52.875, 99
53.0, 97
53.0, 99
53.125, 97
53.125, 99
53.25, 97
53.25, 99
53.375, 107
53.375, 99
53.5, 107
53.5, 99
53.625, 107
53.625, 97
53.625, 99
53.75, 97
53.75, 99
53.875, 97
53.875, 99
54.0, 97
54.0, 99
54.125, 97
54.125, 99
54.25, 97
54.25, 99
54.375, 0.792918828185
54.375, 97
54.375, 99
54.5, 97
54.5, 99
54.625, 0.0539457317978
54.625, 97
54.625, 99
54.625, 1
54.75, 97
54.75, 99
54.875, 97
54.875, 99
55.0, 97
55.0, 99
55.125, 97
55.125, 99
55.25, 97
55.25, 99
55.375, 97
55.375, 99
55.5, 1
55.5, 97
55.5, 99
55.625, 97
55.625, 99
55.75, 97
55.75, 99
55.875, 97
55.875, 99
56.0, 97
56.0, 1
56.0, 99
56.125, 97
56.125, 99
56.25, 97
56.25, 99
56.375, 97
56.375, 99
56.5, 1
56.5, 0.252170307966
56.5, 0.252170307966
56.625, 0.252170307966
56.625, 0.252170307966
56.75, 97
56.75, 97
56.75, 99
56.875, 97
56.875, 99
57.0, 97
57.0, 99
57.125, 97
57.25, 110
57.25, 97
57.25, 99
57.375, 97
57.375, 99
57.5, 99
57.5, 100
57.625, 99
57.75, 110
57.75, 107
57.875, 110
57.875, 107
58.0, 110
58.0, 107
58.125, 110
58.125, 99
58.125, 100
58.25, 99
58.25, 100
58.375, 99
58.375, 100
58.5, 99
58.5, 100
58.625, 126.684010741
58.625, 126.684010741
58.75, 126.684010741
58.75, 126.684010741
58.75, 126.684010741
58.875, 110
58.875, 107
59.0, 110
59.0, 107
59.125, 110
59.125, 110
59.25, 110
59.25, 107
59.375, 110
59.375, 99
59.375, 100
59.5, 99
59.5, 100
59.625, 99
59.625, 100
59.75, 99
59.75, 100
59.75, 100
59.875, 100
59.875, 99
59.875, 100
60.0, 99
60.0, 100
60.125, 99
60.125, 100
60.25, 99
60.25, 100
60.375, 99
60.375, 100
60.5, 99
60.5, 100
60.625, 99
60.625, 100
60.75, 99
60.75, 0.000388281397377
60.875, 0.000388281397377
60.875, 99
61.0, 99
61.0, 100
61.125, 99
61.125, 100
61.25, 110
61.25, 99
61.375, 110
61.375, 99
61.5, 110
61.5, 99
61.625, 110
61.625, 99
61.75, 110
61.75, 99
61.875, 110
61.875, 99
62.0, 110
62.0, 27.2953063242
62.0, 27.2953063242
62.125, 27.2953063242
62.125, 27.2953063242
62.25, 110
62.25, 99
62.375, 110
62.375, 99
62.5, 110
62.5, 99
62.625, 110
62.625, 99
62.75, 110
62.75, 110
62.875, 110
62.875, 110
63.0, 110
63.0, 110
63.0, 200
63.125, 110
63.125, 110
63.25, 110
63.25, 110
63.375, 110
63.375, 110
63.5, 110
63.5, 110
63.5, 200
63.625, 110
63.625, 110
63.75, 110
63.75, 99
63.75, 100
63.875, 99
63.875, 99
64.0, 99
64.0, 99
64.125, 99
64.125, 100
64.25, 99
64.25, 100
64.375, 99
64.375, 100
64.5, 99
64.5, 100
64.625, 99
64.625, 100
64.75, 110
64.75, 99
64.875, 110
64.875, 99
65.0, 110
65.0, 99
65.125, 110
65.125, 99
65.25, 110
65.25, 99
65.375, 110
65.375, 99
65.375, 100
65.5, 99
65.5, 100
65.625, 99
65.625, 100
65.75, 99
65.75, 100
65.875, 99
65.875, 100
66.0, 99
66.0, 100
66.125, 99
66.125, 100
66.25, 99
66.25, 100
66.375, 99
66.375, 100
66.5, 99
66.5, 100
66.625, 100
66.625, 99
66.625, 100
66.75, 1
66.75, 99
66.75, 100
66.875, 99
66.875, 100
67.0, 34.4558374078
67.0, 34.4558374078
67.125, 34.4558374078
67.125, 34.4558374078
67.25, 0.728200676217
67.25, 34.4558374078
67.25, 34.4558374078
67.25, 0.728200676217
67.375, 34.4558374078
67.375, 34.4558374078
67.375, 34.4558374078
67.5, 34.4558374078
67.5, 34.4558374078
67.5, 34.4558374078
67.625, 34.4558374078
67.625, 34.4558374078
67.75, 34.4558374078
67.75, 34.4558374078
67.875, 34.4558374078
67.875, 34.4558374078
68.0, 34.4558374078
68.0, 34.4558374078
68.0, 34.4558374078
68.125, 34.4558374078
68.125, 34.4558374078
68.125, 34.4558374078
68.25, 34.4558374078
68.25, 34.4558374078
68.375, 99
68.375, 100
68.5, 99
68.5, 100
68.625, 99
68.625, 100
68.75, 99
68.75, 100
68.875, 99
68.875, 100
69.0, 99
69.0, 100
69.125, 99
69.125, 100
69.25, 99
69.25, 100
69.375, 99
69.375, 100
69.5, 99
69.5, 100
69.625, 1.68365069726e-08
69.625, 1.68365069726e-08
69.75, 1.68365069726e-08
69.75, 1.68365069726e-08
69.875, 1.68365069726e-08
69.875, 1.68365069726e-08
70.0, 99
70.0, 99
70.0, 5.01754842996e-06
70.125, 5.01754842996e-06
70.125, 5.01754842996e-06
70.25, 5.01754842996e-06
70.25, 5.01754842996e-06
70.375, 5.01754842996e-06
70.375, 99
70.375, 100
70.5, 99
70.5, 0.2954084298
70.5, 100
70.625, 99
70.625, 100
70.75, 100
70.75, 102
70.875, 100
70.875, 102
71.0, 100
71.0, 102
71.125, 100
71.125, 102
71.125, 1
71.25, 100
71.25, 102
71.375, 100
71.375, 102
71.5, 100
71.5, 102
71.625, 100
71.625, 102
71.625, 1
71.75, 100
71.75, 102
71.875, 100
71.875, 102
72.0, 100
72.0, 102
72.125, 100
72.125, 102
72.25, 100
72.25, 102
72.375, 100
72.375, 102
72.375, 1
72.5, 49.1037444825
72.5, 49.1037444825
72.5, 49.1037444825
72.625, 49.1037444825
72.625, 49.1037444825
72.625, 49.1037444825
72.75, 14.5460236218
72.75, 14.5460236218
72.875, 14.5460236218
72.875, 14.5460236218
73.0, 14.5460236218
73.0, 14.5460236218
73.125, 14.5460236218
73.125, 14.5460236218
73.25, 14.5460236218
73.25, 14.5460236218
73.375, 14.5460236218
73.375, 14.5460236218
73.5, 14.5460236218
73.5, 14.5460236218
73.5, 14.5460236218
73.625, 110
73.625, 102
73.75, 110
73.75, 110
73.875, 110
73.875, 110
74.0, 110
74.0, 110
74.125, 110
74.125, 110
74.25, 110
74.25, 110
74.375, 110
74.375, 110
74.5, 110
74.5, 110
74.625, 110
74.625, 110
74.75, 110
74.75, 110
74.875, 110
74.875, 110
75.0, 110
75.0, 110
75.125, 124.558071813
75.125, 124.558071813
75.25, 124.558071813
75.25, 124.558071813
75.375, 124.558071813
75.375, 124.558071813
75.5, 124.558071813
75.5, 124.558071813
75.625, 124.558071813
75.625, 124.558071813
75.625, 124.558071813
75.625, 124.558071813
75.75, 124.558071813
75.75, 124.558071813
75.875, 124.558071813
75.875, 124.558071813
75.875, 124.558071813
76.0, 124.558071813
76.0, 124.558071813
76.125, 124.558071813
76.125, 124.558071813
76.25, 110
76.25, 110
76.375, 110
76.375, 110
76.5, 110
76.5, 110
76.625, 110
76.625, 110
76.75, 110
76.75, 110
76.875, 110
76.875, 110
77.0, 110
77.0, 110
77.125, 110
77.125, 110
77.25, 110
77.25, 110
77.375, 110
77.375, 110
77.5, 110
77.5, 110
77.625, 110
77.625, 110
77.75, 110
77.75, 110
77.875, 110
77.875, 110
78.0, 110
78.0, 110
78.125, 110
78.125, 110
78.25, 110
78.25, 110
78.25, 110
78.375, 21.5093799557
78.375, 21.5093799557
78.375, 21.5093799557
78.5, 21.5093799557
78.5, 21.5093799557
78.625, 21.5093799557
78.625, 21.5093799557
78.75, 21.5093799557
78.75, 21.5093799557
78.875, 100
78.875, 100
78.875, 102
79.0, 100
79.0, 102
79.125, 100
79.125, 102
79.25, 100
79.25, 102
79.375, 100
79.375, 102
79.5, 100
79.5, 102
79.625, 100
79.625, 102
79.75, 100
79.75, 102
79.875, 100
79.875, 102
80.0, 100
80.0, 102
80.125, 100
80.125, 102
80.25, 100
80.25, 102
80.375, 100
80.375, 102
80.5, 100
80.5, 102
80.625, 100
80.625, 102
80.75, 100
80.75, 102
80.875, 100
80.875, 102
81.0, 100
81.0, 102
81.125, 100
81.125, 102
81.25, 100
81.25, 102
81.375, 100
81.375, 102
81.5, 100
81.5, 102
81.625, 100
81.625, 102
81.75, 100
81.75, 102
81.875, 100
81.875, 0.0220679489977
81.875, 102
82.0, 100
82.0, 102
82.125, 100
82.125, 102
82.125, 0.0220679489977
82.25, 100
82.25, 102
82.375, 100
82.5, 110
82.5, 110
82.625, 110
82.625, 110
82.75, 110
82.75, 110
82.875, 110
82.875, 110
83.0, 110
83.0, 110
83.125, 110
83.125, 110
83.25, 110
83.25, 110
83.25, 200
83.375, 110
83.375, 110
83.375, 129.527888882
83.5, 110
83.5, 110
83.625, 110
83.625, 110
83.75, 110
83.75, 110
83.875, 110
83.875, 110
84.0, 110
84.0, 110
84.125, 110
84.125, 110
84.125, 110
84.25, 102
84.25, 104
84.375, 102
84.375, 104
84.5, 59.4388110183
84.5, 59.4388110183
84.625, 102
84.625, 104
84.75, 102
84.75, 104
84.875, 102
84.875, 104
85.0, 102
85.0, 104
85.125, 102
85.125, 104
85.25, 102
85.25, 104
85.375, 102
85.375, 104
85.5, 102
85.5, 104
85.625, 110
85.625, 102
85.75, 110
85.75, 110
85.75, 110
85.875, 0.145599629973
85.875, 0.145599629973
86.0, 102
86.0, 104
86.125, 102
86.125, 104
86.25, 102
86.25, 104
86.375, 102
86.375, 104
86.5, 110
86.5, 102
86.625, 110
86.625, 102
86.75, 110
86.75, 102
86.875, 110
86.875, 102
87.0, 110
87.0, 102
87.125, 110
87.125, 110
87.25, 110
87.25, 110
87.25, 110
87.375, 110
87.375, 102
87.5, 110
87.5, 102
87.625, 110
87.625, 102
87.75, 110
87.75, 102
87.875, 110
87.875, 102
88.0, 110
88.0, 102
88.125, 110
88.125, 102
88.25, 102
88.25, 104
88.375, 102
88.375, 104
88.5, 135.532311838
88.5, 135.532311838
88.625, 115
88.625, 110
88.75, 115
88.75, 110
88.875, 115
88.875, 110
89.0, 115
89.0, 110
89.125, 115
89.125, 102
89.125, 104
89.25, 102
89.25, 104
89.375, 102
89.5, 115
89.5, 110
89.5, 115
89.625, 0.336529047629
89.625, 0.336529047629
89.75, 102
89.75, 104
89.875, 102
89.875, 104
90.0, 102
90.0, 104
90.125, 102
90.125, 104
90.25, 102
90.25, 104
90.375, 102
90.375, 104
90.5, 115
90.5, 102
90.625, 115
90.625, 102
90.75, 115
90.75, 102
90.875, 115
90.875, 102
91.0, 115
91.0, 102
91.0, 116
91.125, 115
91.125, 102
91.25, 115
91.25, 102
91.25, 104
91.375, 102
91.375, 104
91.5, 102
91.5, 104
91.625, 102
91.625, 104
91.75, 102
91.75, 104
91.875, 102
91.875, 116
92.0, 115
92.0, 102
92.125, 115
92.125, 102
92.25, 131.886862647
92.25, 131.886862647
92.375, 131.886862647
92.375, 131.886862647
92.5, 131.886862647
92.5, 131.886862647
92.625, 131.886862647
92.625, 131.886862647
92.625, 131.886862647
92.75, 115
92.75, 102
92.75, 116
92.875, 0.00283941336485
92.875, 0.00283941336485
93.0, 0.00283941336485
93.0, 0.00283941336485
93.0, 0.00283941336485
93.125, 0.00283941336485
93.125, 0.00283941336485
93.25, 0.00283941336485
93.25, 0.00283941336485
93.375, 0.00283941336485
93.375, 0.00283941336485
93.375, 0.00283941336485
93.5, 102
93.5, 104
93.625, 115
93.625, 102
93.75, 115
93.75, 102
93.875, 115
93.875, 102
93.875, 104
94.0, 102
94.0, 104
94.125, 102
94.125, 104
94.25, 102
94.25, 0.317302521128
94.375, 0.317302521128
94.375, 102
94.5, 102
94.5, 104
94.625, 102
94.625, 104
94.75, 102
94.75, 0.0234655713603
94.75, 104
94.875, 102
94.875, 104
95.0, 102
95.0, 104
95.125, 102
95.125, 104
95.25, 102
95.25, 104
95.375, 102
95.375, 104
95.5, 102
95.5, 104
95.625, 102
95.625, 104
95.75, 102
95.75, 104
95.875, 102
95.875, 104
96.0, 102
96.0, 1.41798260068e-08
96.125, 1.41798260068e-08
96.25, 116
96.25, 115
96.375, 116
96.375, 102
96.375, 104
96.5, 102
96.5, 104
96.625, 102
96.625, 104
96.75, 102
96.75, 104
96.75, 104
96.875, 104
96.875, 102
96.875, 104
97.0, 102
97.0, 104
97.0, 104
97.125, 102
97.125, 104
97.25, 102
97.25, 104
97.375, 102
97.375, 104
97.5, 102
97.5, 104
97.625, 102
97.625, 104
97.75, 102
97.75, 104
97.875, 102
97.875, 104
98.0, 102
98.0, 104
98.125, 115
98.125, 102
98.25, 115
98.25, 102
98.375, 115
98.375, 115
98.5, 116
98.5, 102
98.5, 116
98.625, 115
98.625, 102
98.75, 115
98.75, 102
98.875, 115
98.875, 102
98.875, 115
99.0, 102
99.0, 104
99.125, 115
99.125, 102
99.25, 115
99.25, 102
99.375, 115
99.375, 102
99.375, 115
99.5, 0.000605261975834
99.5, 102
99.5, 104
99.625, 102
99.625, 104
99.75, 102
99.75, 102
99.875, 102
99.875, 102
100.0, 102
100.0, 102
100.0, 102
100.125, 102
100.125, 102
100.125, 102
100.25, 102
100.25, 104
100.25, 115
100.375, 102
100.375, 104
100.5, 4.41247749665e-06
100.5, 102
100.5, 104
100.625, 115
100.625, 102
100.625, 104
100.75, 102
100.75, 104
100.875, 102
100.875, 104
101.0, 102
101.0, 104
101.125, 102
101.125, 104
101.25, 102
101.25, 102
101.375, 102
101.375, 102
101.5, 115
101.5, 102
101.625, 115
101.625, 102
101.75, 115
101.75, 102
101.875, 115
101.875, 102
102.0, 115
102.0, 102
102.0, 115
102.125, 102
102.125, 104
102.25, 102
102.25, 104
102.375, 102
102.375, 104
102.5, 102
102.5, 104
102.625, 102
102.625, 104
102.75, 102
102.75, 104
102.875, 102
102.875, 104
103.0, 102
103.0, 104
103.125, 1
103.125, 102
103.125, 104
103.25, 102
103.25, 104
103.375, 102
103.375, 104
103.5, 102
103.5, 104
103.625, 102
103.625, 104
103.75, 102
103.75, 104
103.875, 102
103.875, 104
104.0, 102
104.0, 104
104.125, 72.753608801
104.125, 0.0576726449021
104.125, 0.0576726449021
104.25, 0.0576726449021
104.375, 116
104.375, 115
104.5, 116
104.5, 115
104.625, 116
104.625, 115
104.75, 115
104.75, 102
104.75, 104
104.875, 102
104.875, 104
105.0, 102
105.0, 104
105.125, 102
105.25, 118
105.25, 115
105.375, 118
105.375, 115
105.375, 118
105.5, 115
105.5, 102
105.625, 115
105.625, 102
105.75, 115
105.75, 102
105.875, 115
105.875, 102
106.0, 118
106.0, 115
106.0, 118
106.125, 102
106.125, 104
106.25, 102
106.25, 104
106.375, 102
106.5, 118
106.5, 115
106.625, 118
106.625, 115
106.75, 118
106.75, 115
106.875, 118
106.875, 115
107.0, 118
107.0, 115
107.125, 118
107.125, 115
107.25, 118
107.25, 115
107.375, 118
107.375, 115
107.375, 118
107.5, 0.0139812514376
107.5, 0.0139812514376
107.625, 0.0139812514376
107.75, 118
107.75, 115
107.875, 118
107.875, 115
108.0, 118
108.0, 104
108.0, 109
108.125, 104
108.125, 109
108.25, 1
108.25, 104
108.25, 109
108.375, 104
108.375, 109
108.5, 104
108.5, 109
108.625, 104
108.625, 109
108.75, 104
108.75, 109
108.875, 104
108.875, 109
109.0, 104
109.0, 109
109.125, 104
109.125, 109
109.25, 104
109.25, 109
109.375, 104
109.375, 109
109.5, 104
109.5, 109
109.625, 104
109.625, 109
109.75, 104
109.75, 109
109.875, 104
109.875, 109
110.0, 0.208972238962
110.0, 0.208972238962
110.125, 0.123091136086
110.125, 0.208972238962
110.125, 0.208972238962
110.25, 0.208972238962
110.25, 0.208972238962
110.375, 104
110.375, 109
110.5, 104
110.5, 109
110.625, 104
110.625, 109
110.75, 104
110.75, 109
110.875, 104
110.875, 109
111.0, 104
111.0, 109
111.125, 104
111.25, 118
111.25, 115
111.25, 118
111.375, 104
111.375, 109
111.5, 104
111.5, 109
111.625, 104
111.625, 118
111.75, 0.144672509569
111.75, 0.144672509569
111.875, 0.144672509569
111.875, 0.144672509569
112.0, 0.144672509569
112.0, 0.144672509569
112.125, 0.144672509569
112.125, 0.144672509569
112.25, 0.144672509569
112.25, 0.144672509569
112.375, 0.144672509569
112.375, 0.144672509569
112.5, 0.144672509569
112.5, 0.144672509569
112.625, 0.144672509569
112.625, 0.144672509569
112.75, 0.144672509569
112.75, 0.144672509569
112.75, 104
112.875, 104
112.875, 109
113.0, 115
113.0, 109
113.125, 115
113.125, 109
113.25, 115
113.25, 109
113.375, 115
113.375, 109
113.5, 115
113.5, 109
113.625, 115
113.625, 109
113.75, 115
113.75, 109
113.875, 115
113.875, 109
114.0, 115
114.0, 109
114.125, 115
114.125, 109
114.125, 118
114.25, 115
114.25, 109
114.375, 115
114.375, 109
114.5, 115
114.5, 109
114.625, 115
114.625, 109
114.75, 115
114.75, 109
114.875, 115
114.875, 109
115.0, 115
115.0, 109
115.125, 115
115.125, 109
115.125, 109
115.25, 104
115.25, 109
115.375, 104
115.375, 109
115.5, 0.00139258136468
115.5, 0.00139258136468
115.625, 0.0343667623398
115.625, 104
115.625, 109
115.75, 104
115.875, 118
115.875, 118
115.875, 118
116.0, 118
116.0, 115
116.125, 118
116.125, 115
116.25, 118
116.25, 115
116.375, 118
116.375, 115
116.5, 137.456790446
116.5, 137.456790446
116.5, 137.456790446
116.625, 137.456790446
116.625, 137.456790446
116.625, 118
116.625, 115
116.75, 104
116.75, 109
116.875, 104
116.875, 109
117.0, 96.5028799322
117.0, 104
117.0, 109
117.125, 104
117.125, 109
117.25, 96.5028799322
117.25, 104
117.25, 109
117.375, 104
117.375, 109
117.5, 104
117.5, 109
117.625, 104
117.75, 118
117.75, 115
117.875, 118
117.875, 0.0535075591429
117.875, 0.0535075591429
118.0, 0.0535075591429
118.0, 0.0535075591429
118.125, 0.000107049337991
118.125, 0.000107049337991
118.25, 0.000107049337991
118.25, 0.000107049337991
118.375, 104
118.375, 109
118.5, 104
118.5, 109
118.625, 104
118.625, 29.2814229949
118.75, 29.2814229949
118.75, 29.2814229949
118.875, 29.2814229949
118.875, 29.2814229949
119.0, 29.2814229949
119.0, 104
119.125, 121
119.125, 109
119.125, 118
119.25, 121
119.25, 109
119.25, 3.55415969106e-08
119.375, 3.55415969106e-08
119.375, 3.55415969106e-08
119.5, 3.55415969106e-08
119.5, 104
119.625, 104
119.625, 109
119.75, 104
119.75, 109
119.875, 104
119.875, 109
120.0, 104
120.0, 109
120.125, 104
120.125, 109
120.25, 104
120.25, 109
120.375, 0.594122635424
120.375, 0.594122635424
120.5, 104
120.5, 109
120.625, 104
120.625, 109
120.75, 104
120.75, 109
120.875, 104
120.875, 109
121.0, 109
121.0, 111
121.125, 109
121.125, 111
121.25, 109
121.25, 200
121.375, 121
121.375, 118
121.5, 121
121.5, 118
121.625, 121
121.625, 118
121.75, 121
121.75, 118
121.75, 121
121.875, 109
121.875, 111
122.0, 109
122.0, 111
122.125, 121
122.125, 109
122.25, 121
122.25, 79.1642002243
122.25, 79.1642002243
122.375, 121
122.375, 109
122.5, 121
122.5, 109
122.625, 121
122.625, 109
122.75, 121
122.75, 109
122.875, 121
122.875, 109
122.875, 111
123.0, 109
123.0, 111
123.125, 109
123.125, 111
123.25, 109
123.375, 121
123.375, 118
123.5, 121
123.5, 118
123.625, 121
123.625, 118
123.625, 118
123.75, 121
123.75, 109
123.75, 111
123.875, 109
123.875, 111
124.0, 109
124.0, 111
124.125, 109
124.125, 111
124.25, 109
124.25, 111
124.375, 109
124.375, 111
124.5, 109
124.5, 111
124.625, 109
124.625, 111
124.75, 109
124.75, 111
124.875, 109
124.875, 111
125.0, 109
125.0, 111
125.125, 109
125.25, 121
125.25, 118
125.375, 121
125.375, 118
125.375, 200
125.5, 121
125.5, 118
125.625, 121
125.625, 109
125.625, 111
125.75, 109
125.75, 111
125.875, 109
125.875, 111
126.0, 109
126.0, 111
126.125, 109
126.125, 111
126.25, 109
126.25, 118
126.25, 0.775772174319
126.375, 0.775772174319
126.375, 109
126.5, 109
126.5, 111
126.625, 109
126.625, 111
126.75, 109
126.875, 121
126.875, 121
127.0, 121
127.0, 121
127.125, 121
127.125, 118
127.25, 121
127.25, 118
127.375, 121
127.375, 118
127.5, 121
127.5, 118
127.625, 121
127.625, 118
127.75, 121
127.75, 118
127.875, 121
127.875, 118
128.0, 121
128.0, 118
128.125, 121
128.125, 0.00010291952334
128.125, 0.00010291952334
128.25, 0.00010291952334
128.25, 0.00010291952334
128.375, 0.00010291952334
128.375, 0.00010291952334
128.5, 0.00010291952334
128.5, 109
128.5, 111
128.625, 109
128.625, 111
128.75, 109
128.875, 121
128.875, 118
129.0, 121
129.0, 118
129.125, 121
129.125, 118
129.125, 118
129.25, 121
129.25, 109
129.375, 179.441504362
129.375, 179.441504362
129.5, 121
129.5, 109
129.5, 111
129.625, 121
129.625, 109
129.75, 121
129.75, 109
129.875, 150.33659553
129.875, 150.33659553
130.0, 150.33659553
130.0, 150.33659553
130.0, 150.33659553
130.125, 121
130.125, 118
130.25, 121
130.25, 121
130.375, 121
130.375, 109
130.5, 121
130.5, 109
130.5, 111
130.625, 200
130.625, 121
130.625, 109
130.75, 121
130.75, 121
130.75, 121
130.875, 121
130.875, 121
131.0, 121
131.0, 121
131.125, 121
131.125, 121
131.125, 121
131.25, 109
131.25, 111
131.375, 121
131.375, 109
131.375, 121
131.5, 0.00505943780997
131.5, 0.00505943780997
131.625, 121
131.625, 109
131.75, 121
131.75, 109
131.875, 121
131.875, 109
132.0, 121
132.0, 109
132.125, 121
132.125, 109
132.25, 121
132.25, 109
132.375, 121
132.375, 109
132.5, 121
132.5, 109
132.625, 109
132.625, 111
132.75, 0.361149970273
132.75, 109
132.75, 111
132.875, 109
132.875, 111
133.0, 109
133.0, 111
133.125, 109
133.25, 173.541178674
133.25, 173.541178674
133.375, 173.541178674
133.375, 173.541178674
133.5, 122
133.5, 118
133.625, 122
133.625, 118
133.75, 122
133.75, 118
133.75, 118
133.875, 122
133.875, 0.079792052921
133.875, 0.079792052921
134.0, 0.079792052921
134.0, 0.079792052921
134.125, 0.079792052921
134.125, 0.079792052921
134.25, 0.079792052921
134.25, 0.079792052921
134.375, 109
134.375, 111
134.5, 109
134.5, 111
134.625, 109
134.625, 111
134.75, 109
134.75, 111
134.875, 109
134.875, 111
135.0, 109
135.0, 111
135.125, 109
135.125, 111
135.25, 109
135.25, 111
135.375, 109
135.375, 111
135.5, 40.7047757492
135.5, 109
135.5, 111
135.625, 109
135.625, 111
135.75, 109
135.75, 111
135.875, 109
136.0, 122
136.0, 118
136.125, 122
136.125, 118
136.25, 122
136.25, 118
136.375, 122
136.375, 118
136.5, 122
136.5, 118
136.625, 122
136.625, 118
136.625, 118
136.625, 0.209341433848
136.625, 0.209341433848
136.75, 109
136.875, 122
136.875, 118
136.875, 122
137.0, 109
137.0, 111
137.125, 109
137.125, 111
137.25, 109
137.25, 111
137.375, 122
137.375, 109
137.5, 122
137.5, 118
137.625, 122
137.625, 118
137.75, 122
137.75, 118
137.875, 122
137.875, 118
137.875, 118
138.0, 122
138.0, 109
138.125, 122
138.125, 109
138.25, 122
138.25, 109
138.25, 122
138.375, 109
138.375, 111
138.5, 109
138.5, 111
138.625, 109
138.625, 111
138.75, 109
138.75, 111
138.875, 109
138.875, 111
139.0, 109
139.0, 111
139.125, 109
139.125, 111
139.25, 109
139.25, 111
139.375, 16.9706718701
139.375, 109
139.375, 111
139.5, 109
139.5, 111
139.625, 122
139.625, 109
139.75, 122
139.75, 109
139.75, 122
139.875, 109
139.875, 111
140.0, 109
140.0, 111
140.125, 122
140.125, 109
140.25, 122
140.25, 109
140.375, 122
140.375, 109
140.5, 122
140.5, 109
140.5, 0.743529172461
140.625, 0.743529172461
140.625, 109
140.75, 109
140.875, 122
140.875, 118
141.0, 122
141.0, 118
141.125, 200
141.125, 122
141.125, 118
141.125, 122
141.25, 109
141.25, 111
141.375, 109
141.375, 111
141.5, 109
141.5, 111
141.625, 122
141.625, 109
141.75, 122
141.75, 109
141.875, 122
141.875, 112
142.0, 122
142.0, 112
142.125, 122
142.125, 112
142.25, 122
142.25, 122
142.375, 122
142.375, 111
142.375, 112
142.5, 111
142.5, 112
142.625, 111
142.625, 112
142.75, 111
142.75, 112
142.875, 111
142.875, 112
143.0, 111
143.0, 112
143.125, 111
143.25, 122
143.25, 118
143.375, 122
143.375, 118
143.5, 122
143.5, 118
143.625, 122
143.625, 118
143.625, 118
143.75, 122
143.75, 112
143.875, 122
143.875, 112
144.0, 187.547105441
144.0, 187.547105441
144.125, 187.547105441
144.125, 187.547105441
144.125, 187.547105441
144.25, 0.141260848741
144.25, 0.141260848741
144.375, 0.141260848741
144.375, 0.141260848741
144.5, 111
144.5, 112
144.625, 111
144.625, 122
144.75, 0.0265389993032
144.75, 0.0265389993032
144.875, 0.0265389993032
144.875, 0.0265389993032
145.0, 0.0128047257167
145.0, 0.0128047257167
145.0, 0.0128047257167
145.125, 0.0128047257167
145.125, 0.0128047257167
145.25, 0.0128047257167
145.25, 0.0128047257167
145.375, 111
145.375, 112
145.5, 111
145.5, 112
145.625, 112
145.625, 111
145.625, 112
145.75, 111
145.75, 112
145.875, 122
145.875, 112
146.0, 122
146.0, 112
146.125, 122
146.125, 112
146.25, 122
146.25, 112
146.375, 122
146.375, 112
146.5, 122
146.5, 112
146.625, 122
146.625, 112
146.75, 122
146.75, 112
146.875, 122
146.875, 112
147.0, 122
147.0, 112
147.125, 122
147.125, 112
147.25, 122
147.25, 112
147.375, 122
147.375, 112
147.5, 122
147.5, 118
147.625, 122
147.625, 118
147.75, 122
147.75, 118
147.875, 122
147.875, 118
148.0, 122
148.0, 118
148.125, 122
148.125, 111
148.125, 112
148.25, 111
148.375, 122
148.375, 118
148.5, 135.764463217
148.5, 135.764463217
148.625, 200
148.625, 122
148.625, 118
148.625, 118
148.75, 122
148.75, 112
148.875, 122
148.875, 112
148.875, 122
149.0, 111
149.0, 112
149.125, 111
149.125, 112
149.25, 111
149.25, 112
149.375, 111
149.375, 112
149.5, 111
149.5, 112
149.625, 0.172490903162
149.625, 0.172490903162
149.75, 111
149.75, 112
149.875, 122
149.875, 112
150.0, 122
150.0, 112
150.125, 122
150.125, 112
150.25, 122
150.25, 112
150.375, 152.133426658
150.375, 122
150.375, 112
150.5, 122
150.5, 122
150.625, 200
150.625, 122
150.625, 118
150.75, 122
150.75, 118
150.875, 122
150.875, 118
151.0, 122
151.0, 118
151.125, 122
151.125, 112
151.25, 122
151.25, 112
151.375, 122
151.375, 112
151.5, 122
151.5, 112
151.625, 122
151.625, 112
151.75, 122
151.75, 112
151.875, 122
151.875, 112
152.0, 122
152.0, 112
152.125, 122
152.125, 112
152.25, 122
152.25, 112
152.375, 122
152.375, 112
152.375, 122
152.5, 112
152.5, 112
152.625, 112
152.625, 112
152.75, 112
152.75, 112
152.875, 122
152.875, 112
153.0, 122
153.0, 112
153.125, 122
153.125, 112
153.125, 112
153.25, 112
153.25, 112
153.375, 112
153.375, 112
153.5, 112
153.5, 112
153.625, 112
153.625, 112
153.75, 112
153.75, 112
153.875, 122
153.875, 112
153.875, 122
154.0, 112
154.0, 112
154.125, 112
154.125, 112
154.25, 112
154.25, 112
154.375, 112
154.375, 112
154.5, 112
154.5, 112
154.625, 112
154.625, 112
154.75, 112
154.75, 112
154.875, 112
154.875, 112
155.0, 112
155.0, 112
155.125, 122
155.125, 112
155.25, 122
155.25, 112
155.25, 122
155.375, 112
155.375, 112
155.5, 112
155.625, 122
155.625, 122
155.75, 122
155.75, 112
155.75, 112
155.875, 112
155.875, 112
156.0, 112
156.0, 112
156.125, 112
156.125, 122
156.25, 122
156.25, 112
156.375, 122
156.375, 112
156.5, 122
156.5, 112
156.625, 122
156.625, 112
156.75, 122
156.75, 122
156.875, 122
156.875, 122
156.875, 122
157.0, 112
157.0, 112
157.125, 5.55078900895
157.125, 112
157.125, 112
157.25, 112
157.25, 5.55078900895
157.25, 112
157.375, 5.55078900895
157.375, 112
157.375, 112
157.5, 112
157.5, 112
157.625, 112
157.75, 122
157.75, 112
157.75, 112
157.875, 112
157.875, 112
158.0, 112
158.0, 112
158.125, 112
158.125, 112
158.25, 112
158.25, 112
158.375, 112
158.375, 112
158.5, 112
158.5, 112
158.625, 112
158.625, 112
158.75, 112
158.75, 112
158.875, 112
158.875, 112
159.0, 1
159.0, 112
159.0, 112
159.125, 112
159.125, 112
159.25, 112
159.25, 112
159.375, 112
159.375, 112
159.5, 35.5929383206
159.5, 35.5929383206
159.625, 112
159.625, 112
159.75, 112
159.75, 112
159.875, 112
159.875, 112
160.0, 112
160.0, 112
160.125, 112
160.125, 112
160.25, 112
160.25, 112
160.375, 0.000419704676947
160.375, 0.000419704676947
160.5, 0.000419704676947
160.5, 0.000419704676947
160.625, 112
160.75, 122
160.75, 120
160.875, 122
160.875, 120
161.0, 122
161.0, 112
161.0, 112
161.0, 0.00153928074023
161.125, 112
161.125, 112
161.25, 0.0496249081943
161.25, 0.0496249081943
161.375, 0.0496249081943
161.375, 0.0496249081943
161.375, 0.0496249081943
161.5, 0.0496249081943
161.5, 0.0496249081943
161.5, 0.0496249081943
161.625, 0.0496249081943
161.625, 0.0496249081943
161.75, 112
161.75, 112
161.875, 112
161.875, 112
162.0, 112
162.0, 112
162.125, 112
162.25, 122
162.25, 112
162.25, 112
162.375, 112
162.5, 122
162.5, 120
162.625, 122
162.625, 120
162.625, 122
162.75, 112
162.75, 112
162.875, 112
162.875, 112
163.0, 112
163.0, 112
163.125, 112
163.125, 112
163.25, 112
163.25, 112
163.375, 112
163.375, 112
163.5, 112
163.5, 112
163.625, 112
163.625, 112
163.75, 112
163.75, 112
163.875, 112
163.875, 112
164.0, 112
164.0, 112
164.125, 0.331394944724
164.125, 0.331394944724
164.25, 0.331394944724
164.25, 0.331394944724
164.25, 0.331394944724
164.375, 112
164.375, 112
164.5, 112
164.5, 112
164.625, 112
164.625, 112
164.75, 0.0805779229494
164.75, 0.0805779229494
164.75, 0.0805779229494
164.875, 0.0805779229494
164.875, 0.0805779229494
164.875, 0.0805779229494
164.875, 0.0805779229494
165.0, 112
165.125, 122
165.125, 120
165.25, 122
165.25, 120
165.375, 122
165.375, 120
165.5, 122
165.5, 112
165.5, 112
165.625, 112
165.625, 112
165.75, 112
165.75, 112
165.875, 112
165.875, 112
166.0, 112
166.0, 112
166.125, 112
166.125, 112
166.125, 112
166.25, 112
166.25, 112
166.375, 112
166.375, 112
166.5, 112
166.5, 112
166.625, 112
166.625, 112
166.75, 112
166.75, 112
166.875, 112
166.875, 112
167.0, 112
167.0, 112
167.125, 112
167.125, 112
167.25, 112
167.25, 112
167.375, 112
167.375, 112
167.5, 112
167.5, 112
167.625, 112
167.625, 112
167.75, 112
167.75, 112
167.875, 112
167.875, 112
168.0, 112
168.0, 112
168.125, 112
168.125, 112
168.25, 112
168.25, 112
168.375, 1
168.375, 112
168.375, 112
168.5, 112
168.5, 112
168.625, 112
168.625, 112
168.75, 112
168.75, 112
168.875, 112
169.0, 122
169.0, 120
169.125, 122
169.125, 120
169.25, 122
169.25, 120
169.375, 122
169.375, 112
169.375, 112
169.5, 112
169.5, 112
169.625, 112
169.625, 112
169.75, 0.110468843033
169.75, 0.110468843033
169.75, 0.110468843033
169.875, 0.110468843033
169.875, 0.110468843033
169.875, 0.110468843033
170.0, 0.110468843033
170.0, 0.110468843033
170.125, 0.110468843033
170.125, 0.110468843033
170.25, 112
170.25, 112
170.375, 112
170.375, 112
170.5, 0.216990548017
170.5, 112
170.5, 112
170.625, 0.216990548017
170.625, 112
170.625, 112
170.75, 122
170.75, 112
170.875, 122
170.875, 112
170.875, 112
171.0, 112
171.0, 112
171.125, 112
171.125, 112
171.25, 112
171.25, 112
171.375, 112
171.375, 112
171.5, 112
171.5, 112
171.625, 27.7546202361
171.625, 27.7546202361
171.625, 27.7546202361
171.75, 1
171.75, 0.0728197976701
171.75, 0.0728197976701
171.875, 0.0728197976701
171.875, 0.0728197976701
172.0, 0.0728197976701
172.0, 112
172.125, 112
172.125, 112
172.25, 112
172.25, 112
172.375, 112
172.375, 112
172.5, 112
172.5, 112
172.625, 112
172.625, 112
172.75, 112
172.75, 112
172.875, 112
172.875, 112
173.0, 112
173.0, 112
173.125, 112
173.125, 112
173.125, 112
173.25, 112
173.25, 112
173.375, 112
173.375, 112
173.5, 112
173.5, 112
173.5, 112
173.625, 112
173.625, 112
173.75, 112
173.75, 112
173.875, 112
173.875, 112
174.0, 112
174.0, 112
174.125, 78.2269932607
174.125, 112
174.125, 112
174.25, 112
174.25, 112
174.375, 112
174.375, 112
174.5, 112
174.5, 112
174.625, 112
174.625, 112
174.75, 112
174.75, 112
174.875, 112
174.875, 112
175.0, 112
175.0, 112
175.125, 112
175.125, 112
175.25, 122
175.25, 112
175.375, 122
175.375, 112
175.5, 122
175.5, 112
175.625, 122
175.625, 112
175.75, 122
175.75, 112
175.75, 112
175.875, 112
175.875, 112
176.0, 112
176.0, 112
176.125, 112
176.125, 112
176.25, 112
176.25, 112
176.375, 112
176.375, 112
176.5, 112
176.5, 112
176.5, 112
176.625, 112
176.625, 112
176.75, 112
176.875, 122
176.875, 120
177.0, 122
177.0, 120
177.125, 122
177.125, 120
177.25, 122
177.25, 120
177.25, 122
177.375, 112
177.375, 112
177.5, 112
177.5, 112
177.625, 112
177.625, 112
177.75, 112
177.75, 112
177.875, 0.543966938267
177.875, 0.543966938267
178.0, 112
178.0, 112
178.125, 122
178.125, 112
178.25, 122
178.25, 104
178.25, 112
178.375, 104
178.375, 112
178.5, 0.174450397008
178.5, 104
178.5, 112
178.625, 104
178.625, 112
178.75, 104
178.75, 112
178.75, 122
178.875, 104
178.875, 112
179.0, 122
179.0, 112
179.125, 122
179.125, 120
179.25, 122
179.25, 120
179.375, 122
179.375, 120
179.5, 122
179.5, 120
179.5, 122
179.625, 104
179.625, 112
179.75, 104
179.75, 112
179.875, 104
179.875, 112
180.0, 104
180.0, 112
180.125, 104
180.125, 112
180.25, 104
180.25, 112
180.375, 110.141179773
180.375, 112
180.5, 122
180.5, 104
180.5, 112
180.625, 104
180.625, 112
180.75, 104
180.75, 112
180.875, 104
180.875, 112
181.0, 104
181.0, 112
181.125, 104
181.125, 112
181.25, 104
181.25, 112
181.375, 104
181.375, 112
181.5, 122
181.5, 122
181.625, 122
181.625, 122
181.625, 122
181.75, 103
181.75, 104
181.875, 103
181.875, 104
182.0, 103
182.0, 104
182.125, 103
182.125, 104
182.25, 103
182.25, 104
182.375, 103
182.375, 104
182.5, 103
182.625, 120
182.625, 113
182.75, 120
182.75, 0.036182800534
182.75, 0.036182800534
182.75, 0.036182800534
182.875, 0.036182800534
182.875, 0.036182800534
183.0, 0.036182800534
183.0, 0.036182800534
183.0, 0.036182800534
183.125, 103
183.125, 104
183.25, 103
183.25, 104
183.375, 103
183.375, 103
183.5, 66.4829387901
183.5, 66.4829387901
183.5, 103
183.625, 103
183.625, 103
183.75, 103
183.75, 103
183.875, 103
183.875, 103
184.0, 103
184.0, 103
184.125, 103
184.125, 104
184.25, 103
184.25, 1
184.25, 104
184.375, 103
184.375, 104
184.5, 103
184.5, 104
184.625, 103
184.625, 104
184.75, 103
184.75, 104
184.875, 103
184.875, 104
185.0, 103
185.0, 104
185.125, 103
185.125, 104
185.25, 103
185.25, 104
185.375, 103
185.375, 104
185.5, 103
185.5, 104
185.625, 103
185.75, 120
185.75, 113
185.875, 120
185.875, 113
185.875, 120
186.0, 113
186.0, 103
186.125, 113
186.125, 103
186.25, 113
186.25, 103
186.375, 113
186.375, 103
186.5, 113
186.5, 103
186.625, 113
186.625, 103
186.625, 104
186.75, 103
186.75, 104
186.875, 103
186.875, 104
187.0, 103
187.0, 104
187.125, 103
187.125, 104
187.125, 113
187.25, 103
187.375, 120
187.375, 103
187.375, 104
187.5, 103
187.5, 104
187.625, 103
187.75, 120
187.75, 103
187.75, 104
187.875, 103
187.875, 104
188.0, 103
188.125, 120
188.125, 113
188.25, 120
188.25, 113
188.375, 120
188.375, 113
188.5, 120
188.5, 113
188.625, 120
188.625, 113
188.625, 120
188.75, 103
188.75, 104
188.875, 114.443975356
188.875, 114.443975356
189.0, 120
189.0, 114.443975356
189.0, 120
189.125, 103
189.125, 104
189.25, 66.0622453006
189.25, 66.0622453006
189.375, 66.0622453006
189.375, 66.0622453006
189.5, 66.0622453006
189.5, 66.0622453006
189.625, 103
189.625, 104
189.75, 103
189.75, 104
189.875, 103
189.875, 104
190.0, 103
190.0, 103
190.125, 103
190.125, 103
190.25, 103
190.25, 104
190.375, 103
190.375, 104
190.5, 103
190.5, 104
190.625, 103
190.625, 104
190.75, 103
190.75, 104
190.875, 113
190.875, 103
191.0, 113
191.0, 103
191.125, 113
191.125, 103
191.25, 113
191.25, 103
191.375, 113
191.375, 103
191.5, 113
191.5, 103
191.5, 113
191.625, 103
191.625, 104
191.75, 103
191.75, 104
191.875, 0.264395900217
191.875, 0.264395900217
192.0, 0.264395900217
192.0, 0.264395900217
192.125, 0.264395900217
192.125, 0.264395900217
192.25, 0.264395900217
192.25, 0.264395900217
192.375, 0.264395900217
192.375, 0.264395900217
192.5, 0.264395900217
192.5, 0.264395900217
192.625, 103
192.625, 104
192.75, 103
192.75, 104
192.875, 103
192.875, 104
193.0, 103
193.0, 104
193.125, 103
193.125, 104
193.25, 103
193.25, 104
193.375, 113
193.375, 103
193.375, 103
193.5, 103
193.5, 103
193.625, 103
193.625, 104
193.75, 103
193.75, 104
193.875, 103
193.875, 104
194.0, 103
194.0, 103
194.125, 113
194.125, 103
194.25, 113
194.25, 103
194.25, 137.482056617
194.375, 113
194.375, 103
194.375, 113
194.5, 101.471312391
194.5, 101.471312391
194.625, 101.471312391
194.625, 101.471312391
194.75, 101.471312391
194.75, 101.471312391
194.875, 101.471312391
194.875, 101.471312391
194.875, 101.471312391
195.0, 103
195.0, 1
195.0, 104
195.125, 103
195.125, 104
195.25, 103
195.25, 104
195.375, 103
195.375, 104
195.5, 103
195.5, 104
195.625, 103
195.75, 120
195.75, 103
195.75, 104
195.875, 113
195.875, 103
196.0, 113
196.0, 103
196.125, 113
196.125, 103
196.125, 104
196.25, 103
196.25, 104
196.375, 103
196.375, 104
196.5, 103
196.5, 104
196.625, 103
196.625, 104
196.75, 0.0329679637956
196.75, 103
196.75, 104
196.875, 103
196.875, 104
197.0, 103
197.125, 120
197.125, 120
197.125, 120
197.25, 120
197.25, 120
197.25, 120
197.375, 103
197.375, 104
197.5, 103
197.5, 104
197.625, 137.237592663
197.625, 103
197.625, 104
197.75, 103
197.75, 104
197.875, 103
197.875, 104
198.0, 103
198.0, 104
198.125, 103
198.125, 104
198.25, 103
198.25, 104
198.375, 103
198.375, 104
198.5, 103
198.5, 104
198.625, 103
198.625, 120
198.75, 194.571743988
198.75, 194.571743988
198.875, 120
198.875, 103
198.875, 104
199.0, 103
199.0, 104
199.125, 138.07024574
199.125, 138.07024574
199.25, 120
199.25, 103
199.25, 104
199.375, 103
199.375, 104
199.5, 126.160325659
199.5, 126.160325659
199.625, 126.160325659
199.625, 126.160325659
199.625, 120
199.75, 103
199.75, 104
199.875, 103
199.875, 104
200.0, 103
200.0, 104
200.125, 103
200.125, 104
200.25, 103
200.25, 104
200.375, 103
200.5, 120
200.5, 113
200.625, 120
200.625, 113
200.75, 120
200.75, 113
200.75, 120
200.875, 113
200.875, 103
200.875, 104
201.0, 103
201.0, 104
201.125, 16.371367269
201.125, 103
201.125, 104
201.25, 103
201.25, 104
201.375, 103
201.375, 104
201.5, 103
201.5, 104
201.625, 103
201.625, 104
201.75, 103
201.75, 120
201.875, 103
201.875, 104
202.0, 103
202.0, 104
202.125, 113
202.125, 103
202.25, 113
202.25, 103
202.25, 113
202.375, 103
202.375, 104
202.5, 103
202.625, 120
202.625, 113
202.75, 120
202.75, 113
202.75, 120
202.875, 103
202.875, 104
203.0, 103
203.0, 104
203.125, 103
203.125, 104
203.25, 103
203.25, 104
203.375, 103
203.375, 104
203.5, 103
203.5, 104
203.625, 103
203.625, 104
203.75, 103
203.75, 104
203.875, 103
203.875, 104
204.0, 103
204.0, 104
204.125, 103
204.125, 104
204.25, 103
204.25, 104
204.375, 103
204.375, 104
204.5, 103
204.5, 104
204.625, 103
204.625, 104
204.75, 103
204.75, 104
204.875, 103
204.875, 104
205.0, 103
205.0, 104
205.125, 103
205.125, 104
205.25, 103
205.25, 104
205.375, 103
205.375, 104
205.5, 103
205.5, 104
205.625, 103
205.625, 104
205.75, 103
205.75, 104
205.875, 103
205.875, 104
206.0, 103
206.0, 104
206.125, 103
206.125, 104
206.25, 103
206.25, 104
206.375, 0.0607635878816
206.375, 0.0607635878816
206.5, 0.0607635878816
206.5, 0.0607635878816
206.625, 0.0607635878816
206.625, 0.0607635878816
206.75, 0.0607635878816
206.75, 0.0607635878816
206.875, 103
206.875, 103
206.875, 104
207.0, 103
207.0, 120
207.125, 9.80336853795e-10
207.125, 9.80336853795e-10
207.25, 9.80336853795e-10
207.25, 9.80336853795e-10
207.25, 9.80336853795e-10
207.375, 9.80336853795e-10
207.375, 105.574437927
207.375, 105.574437927
207.375, 105.574437927
207.5, 120
207.5, 106
207.625, 120
207.625, 103
207.625, 104
207.75, 106
207.75, 103
207.75, 106
207.875, 103
207.875, 1
207.875, 104
208.0, 103
208.0, 104
208.125, 103
208.25, 120
208.25, 103
208.25, 104
208.375, 103
208.375, 104
208.5, 103
208.5, 104
208.625, 106
208.625, 103
208.75, 106
208.75, 103
208.875, 106
208.875, 103
209.0, 106
209.0, 103
209.125, 106
209.125, 103
209.25, 106
209.25, 103
209.375, 106
209.375, 103
209.5, 106
209.5, 106
209.625, 120
209.625, 106
209.625, 200
209.75, 120
209.75, 106
209.75, 191.47920505
209.875, 120
209.875, 106
210.0, 200
210.0, 120
210.0, 106
210.125, 120
210.125, 106
210.25, 120
210.25, 106
210.375, 120
210.375, 106
210.5, 120
210.5, 106
210.625, 120
210.625, 106
210.625, 120
210.75, 103
210.75, 103
210.875, 103
210.875, 104
211.0, 103
211.0, 1
211.0, 104
211.125, 103
211.125, 104
211.25, 106
211.25, 103
211.375, 106
211.375, 103
211.5, 106
211.5, 103
211.5, 106
211.625, 103
211.625, 104
211.75, 95
211.75, 103
211.875, 95
211.875, 103
212.0, 106
212.0, 103
212.125, 106
212.125, 103
212.25, 106
212.25, 103
212.375, 106
212.375, 103
212.5, 106
212.5, 103
212.625, 106
212.625, 103
212.75, 106
212.75, 103
212.875, 106
212.875, 0.0567046816858
212.875, 103
213.0, 106
213.0, 95
213.0, 103
213.125, 95
213.125, 103
213.25, 1
213.25, 95
213.25, 103
213.375, 95
213.375, 1
213.375, 103
213.5, 1
213.5, 95
213.5, 103
213.625, 95
213.625, 103
213.75, 95
213.75, 103
213.875, 95
213.875, 103
214.0, 95
214.0, 103
214.125, 95
214.125, 103
214.25, 95
214.25, 103
214.375, 95
214.375, 103
214.5, 95
214.5, 103
214.625, 106
214.625, 106
214.75, 106
214.75, 106
214.875, 106
214.875, 106
215.0, 106
215.0, 105
215.125, 106
215.125, 105
215.25, 106
215.25, 105
215.375, 106
215.375, 105
215.375, 106
215.5, 95
215.5, 103
215.625, 95
215.625, 103
215.75, 95
215.75, 103
215.875, 95
215.875, 103
216.0, 95
216.0, 103
216.125, 95
216.125, 103
216.25, 106
216.25, 103
216.375, 106
216.375, 103
216.5, 106
216.5, 95
216.5, 103
216.625, 85.5562830042
216.625, 85.5562830042
216.75, 85.5562830042
216.75, 44.2680212474
216.75, 95
216.75, 103
216.875, 95
216.875, 103
217.0, 95
217.0, 103
217.125, 95
217.125, 103
217.25, 95
217.25, 103
217.375, 95
217.375, 103
217.5, 95
217.5, 103
217.625, 95
217.625, 103
217.75, 95
217.75, 103
217.875, 200
217.875, 95
217.875, 103
218.0, 95
218.0, 103
218.125, 95
218.125, 103
218.25, 95
218.25, 103
218.375, 95
218.375, 103
218.5, 95
218.5, 103
218.625, 95
218.625, 103
218.75, 95
218.875, 106
218.875, 105
219.0, 106
219.0, 105
219.125, 106
219.125, 105
219.25, 106
219.25, 105
219.375, 106
219.375, 105
219.5, 106
219.5, 105
219.5, 106
219.625, 95
219.625, 103
219.75, 95
219.875, 106
219.875, 105
220.0, 106
220.0, 105
220.125, 106
220.125, 105
220.25, 106
220.25, 105
220.375, 106
220.375, 105
220.5, 106
220.5, 105
220.625, 106
220.625, 105
220.625, 106
220.75, 95
220.75, 103
220.875, 95
220.875, 0.313544327287
221.0, 0.313544327287
221.0, 0.313544327287
221.125, 0.313544327287
221.125, 0.313544327287
221.125, 95
221.25, 106
221.25, 103
221.375, 106
221.375, 103
221.5, 106
221.5, 103
221.625, 106
221.625, 103
221.75, 106
221.75, 95
221.75, 103
221.875, 95
221.875, 103
222.0, 95
222.0, 103
222.125, 95
222.125, 103
222.25, 95
222.25, 103
222.375, 95
222.375, 103
222.5, 95
222.5, 103
222.625, 95
222.625, 103
222.75, 95
222.75, 103
222.875, 95
222.875, 103
223.0, 95
223.0, 103
223.125, 95
223.25, 106
223.25, 105
223.25, 196.924773462
223.25, 105
223.375, 106
223.375, 103
223.375, 103
223.5, 95
223.5, 103
223.625, 95
223.625, 103
223.75, 95
223.75, 103
223.875, 95
223.875, 103
224.0, 95
224.0, 103
224.125, 95
224.125, 103
224.25, 95
224.25, 103
224.375, 95
224.375, 103
224.5, 95
224.625, 106
224.625, 105
224.75, 106
224.75, 95
224.75, 103
224.875, 95
224.875, 103
225.0, 95
225.0, 103
225.125, 95
225.125, 103
225.25, 95
225.25, 103
225.375, 95
225.375, 103
225.5, 95
225.5, 103
225.625, 95
225.625, 103
225.75, 95
225.75, 103
225.875, 95
225.875, 103
225.875, 19.2750195236
226.0, 95
226.0, 103
226.125, 106
226.125, 103
226.25, 106
226.25, 103
226.375, 106
226.375, 103
226.5, 106
226.5, 103
226.5, 0.23152826898
226.625, 0.23152826898
226.625, 0.23152826898
226.625, 0.23152826898
226.75, 0.23152826898
226.75, 95
226.875, 106
226.875, 103
227.0, 106
227.0, 105
227.125, 106
227.125, 105
227.25, 106
227.25, 95
227.25, 103
227.375, 95
227.375, 103
227.5, 95
227.5, 103
227.625, 95
227.625, 103
227.75, 95
227.75, 103
227.875, 0.0216266559401
227.875, 99
227.875, 103
228.0, 99
228.0, 103
228.125, 99
228.125, 103
228.25, 106
228.25, 103
228.375, 106
228.375, 103
228.5, 106
228.5, 103
228.5, 106
228.625, 99
228.625, 103
228.75, 99
228.75, 103
228.875, 99
228.875, 103
229.0, 99
229.0, 103
229.125, 99
229.125, 103
229.25, 99
229.25, 103
229.375, 99
229.375, 103
229.5, 99
229.625, 106
229.625, 105
229.75, 106
229.75, 105
229.875, 163.282029009
229.875, 163.282029009
230.0, 163.282029009
230.0, 163.282029009
230.0, 163.282029009
230.125, 106
230.125, 105
230.25, 106
230.25, 105
230.375, 106
230.375, 105
230.5, 106
230.5, 105
230.625, 106
230.625, 99
230.625, 103
230.75, 99
230.75, 103
230.875, 99
230.875, 103
231.0, 99
231.0, 103
231.125, 99
231.125, 103
231.25, 99
231.25, 103
231.375, 99
231.375, 103
231.5, 99
231.5, 103
231.625, 99
231.625, 103
231.75, 200
231.75, 99
231.75, 103
231.875, 99
231.875, 103
232.0, 99
232.0, 103
232.125, 99
232.125, 103
232.25, 99
232.375, 106
232.375, 105
232.375, 105
232.375, 67.2556507445
232.5, 67.2556507445
232.5, 67.2556507445
232.5, 67.2556507445
232.625, 67.2556507445
232.625, 67.2556507445
232.625, 67.2556507445
232.75, 99
232.75, 103
232.875, 99
232.875, 103
233.0, 99
233.0, 103
233.125, 99
233.125, 103
233.25, 99
233.25, 103
233.375, 99
233.375, 103
233.5, 99
233.5, 103
233.625, 99
233.75, 106
233.75, 105
233.875, 106
233.875, 105
234.0, 106
234.0, 105
234.125, 106
234.125, 105
234.125, 105
234.125, 0.0354301404956
234.125, 0.0354301404956
234.25, 99
234.25, 103
234.375, 99
234.375, 103
234.5, 99
234.5, 103
234.625, 99
234.625, 103
234.75, 99
234.75, 103
234.875, 99
234.875, 99
235.0, 99
235.0, 99
235.125, 99
235.125, 99
235.25, 99
235.25, 99
235.375, 99
235.375, 99
235.5, 99
235.5, 103
235.625, 106
235.625, 103
235.75, 106
235.75, 103
235.875, 106
235.875, 103
236.0, 106
236.0, 103
236.0, 106
236.125, 99
236.125, 103
236.25, 99
236.25, 103
236.375, 99
236.375, 103
236.5, 99
236.5, 103
236.625, 99
236.625, 103
236.75, 99
236.75, 103
236.875, 99
236.875, 103
237.0, 99
237.0, 103
237.125, 99
237.125, 103
237.25, 99
237.375, 115
237.375, 105
237.5, 115
237.5, 105
237.625, 115
237.625, 105
237.75, 115
237.75, 105
237.875, 115
237.875, 105
238.0, 115
238.0, 105
238.0, 105
238.0, 0.058272750564
238.125, 0.058272750564
238.125, 0.058272750564
238.25, 0.058272750564
238.25, 0.058272750564
238.375, 0.058272750564
238.375, 0.058272750564
238.5, 0.058272750564
238.5, 0.058272750564
238.5, 0.058272750564
238.625, 0.058272750564
238.625, 99
238.75, 99
238.75, 103
238.875, 99
239.0, 117
239.0, 115
239.125, 117
239.125, 115
239.25, 117
239.25, 115
239.375, 117
239.375, 115
239.375, 0.00553308499254
239.375, 0.00553308499254
239.5, 0.00553308499254
239.5, 0.00553308499254
239.625, 0.00553308499254
239.625, 0.00553308499254
239.75, 0.00553308499254
239.75, 0.00553308499254
239.875, 0.00553308499254
239.875, 0.00553308499254
240.0, 99
240.125, 117
240.125, 117
240.25, 117
240.25, 117
240.375, 117
240.375, 117
240.5, 117
240.5, 115
240.625, 117
240.625, 0.0614593717228
240.625, 0.0614593717228
240.75, 99
240.875, 142.213053489
240.875, 142.213053489
241.0, 142.213053489
241.0, 142.213053489
241.125, 142.213053489
241.125, 142.213053489
241.125, 117
241.25, 99
241.25, 103
241.375, 99
241.375, 103
241.5, 99
241.5, 103
241.625, 99
241.625, 103
241.75, 99
241.75, 103
241.875, 99
241.875, 103
242.0, 99
242.0, 103
242.125, 99
242.125, 103
242.25, 99
242.25, 103
242.375, 99
242.375, 103
242.5, 99
242.5, 103
242.625, 99
242.625, 103
242.75, 99
242.75, 103
242.75, 0.0572960658189
242.875, 99
242.875, 103
243.0, 99
243.125, 117
243.125, 115
243.25, 117
243.25, 99
243.25, 99
243.375, 99
243.375, 99
243.5, 99
243.5, 111
243.625, 99
243.625, 111
243.75, 99
243.75, 111
243.875, 99
243.875, 111
244.0, 99
244.0, 111
244.125, 99
244.125, 111
244.25, 99
244.25, 111
244.375, 99
244.375, 111
244.5, 99
244.5, 111
244.625, 99
244.625, 111
244.75, 140.323174598
244.75, 140.323174598
244.875, 117
244.875, 115
245.0, 117
245.0, 99
245.0, 111
245.125, 99
245.125, 111
245.25, 99
245.25, 111
245.375, 99
245.5, 117
245.5, 115
245.625, 117
245.625, 115
245.75, 117
245.75, 115
245.75, 117
245.875, 115
245.875, 111
246.0, 117
246.0, 115
246.125, 117
246.125, 115
246.25, 117
246.25, 115
246.375, 117
246.375, 115
246.5, 117
246.5, 115
246.625, 117
246.625, 115
246.625, 117
246.75, 99
246.75, 111
246.875, 99
246.875, 111
246.875, 115
247.0, 99
247.0, 111
247.125, 99
247.125, 111
247.25, 0.0665011238898
247.25, 99
247.25, 111
247.375, 99
247.5, 124
247.5, 115
247.625, 124
247.625, 115
247.75, 124
247.75, 115
247.875, 124
247.875, 115
248.0, 124
248.0, 115
248.125, 124
248.125, 4.59121363095
248.125, 4.59121363095
248.25, 4.59121363095
248.25, 4.59121363095
248.375, 99
248.375, 111
248.5, 99
248.5, 111
248.625, 99
248.625, 111
248.75, 99
248.75, 111
248.875, 99
248.875, 111
249.0, 169.986045627
249.0, 169.986045627
249.125, 169.986045627
249.125, 169.986045627
249.25, 169.986045627
249.25, 169.986045627
249.375, 169.986045627
249.375, 169.986045627
249.5, 169.986045627
249.5, 169.986045627
249.5, 124
249.625, 99
249.625, 111
249.75, 50.5354712441
249.75, 0.0291598037431
249.75, 50.5354712441
249.875, 50.5354712441
249.875, 50.5354712441
250.0, 50.5354712441
250.0, 50.5354712441
250.0, 50.5354712441
250.125, 50.5354712441
250.125, 50.5354712441
250.25, 99
250.25, 111
250.375, 99
250.375, 15.8309769099
250.5, 15.8309769099
250.5, 99
250.625, 99
250.625, 111
250.75, 99
250.75, 111
250.875, 99
250.875, 111
251.0, 99
251.0, 111
251.125, 99
251.125, 111
251.25, 99
251.25, 111
251.375, 99
251.375, 111
251.375, 60.693526471
251.5, 99
251.5, 111
251.5, 1
251.625, 99
251.625, 111
251.75, 99
251.75, 111
251.875, 99
251.875, 111
252.0, 99
252.0, 111
252.125, 99
252.125, 111
252.25, 99
252.25, 111
252.375, 99
252.375, 111
252.5, 0.365025041586
252.5, 0.365025041586
252.625, 99
252.625, 111
252.75, 99
252.75, 111
252.875, 99
252.875, 111
253.0, 99
253.0, 111
253.125, 99
253.125, 111
253.25, 99
253.25, 111
253.375, 129
253.375, 111
253.375, 1
253.5, 129
253.5, 111
253.625, 129
253.625, 111
253.75, 129
253.75, 111
253.875, 129
253.875, 111
254.0, 129
254.0, 99
254.0, 111
254.125, 99
254.125, 111
254.25, 99
254.25, 111
254.375, 99
254.375, 111
254.5, 0.0883553331146
254.625, 129
254.625, 124
254.75, 129
254.75, 124
254.75, 124
254.875, 129
254.875, 111
255.0, 129
255.0, 111
255.125, 129
255.125, 111
255.25, 129
255.25, 129
255.25, 129
255.375, 129
255.375, 129
255.5, 129
255.5, 129
255.5, 129
255.625, 129
255.625, 99
255.75, 129
255.75, 124
255.875, 129
255.875, 124
255.875, 129
256.0, 99
256.0, 111
256.125, 99
256.125, 1
256.125, 0.0126407296079
256.25, 0.0126407296079
256.25, 0.0126407296079
256.375, 0.0126407296079
256.375, 0.0126407296079
256.375, 0.0126407296079
256.5, 0.0126407296079
256.5, 99
256.625, 99
256.625, 111
256.75, 99
256.75, 111
256.875, 99
256.875, 111
257.0, 99
257.0, 111
257.125, 99
257.125, 111
257.25, 99
257.25, 111
257.375, 99
257.375, 111
257.5, 99
257.5, 111
257.625, 99
257.625, 111
257.75, 99
257.75, 111
257.875, 99
257.875, 111
258.0, 99
258.0, 111
258.125, 111
258.125, 99
258.125, 111
258.25, 99
258.25, 111
258.375, 99
258.375, 111
258.5, 99
258.5, 111
258.625, 99
258.625, 111
258.75, 129
258.75, 99
258.75, 111
258.875, 99
258.875, 111
259.0, 99
259.0, 111
259.125, 111
259.125, 125
259.25, 111
259.25, 125
259.375, 111
259.375, 125
259.5, 111
259.5, 125
259.625, 111
259.625, 125
259.75, 111
259.75, 125
259.875, 111
259.875, 125
260.0, 111
260.0, 125
260.125, 111
260.125, 125
260.25, 111
260.25, 125
260.375, 111
260.375, 125
260.5, 0.0567288856351
260.5, 0.0567288856351
260.625, 0.0567288856351
260.625, 0.0567288856351
260.75, 0.0567288856351
260.75, 0.0567288856351
260.75, 0.0567288856351
260.875, 0.0050488761113
260.875, 0.0050488761113
261.0, 0.0050488761113
261.0, 0.0050488761113
261.125, 0.0050488761113
261.25, 129
261.25, 124
261.375, 129
261.375, 124
261.5, 129
261.5, 124
261.5, 129
261.625, 111
261.75, 129
261.75, 124
261.875, 129
261.875, 124
262.0, 129
262.0, 124
262.125, 129
262.125, 124
262.25, 176.656932316
262.25, 176.656932316
262.25, 176.656932316
262.375, 176.656932316
262.375, 129
262.5, 129
262.5, 111
262.5, 125
262.625, 111
262.625, 129
262.75, 111
262.75, 125
262.875, 111
262.875, 125
263.0, 111
263.0, 125
263.125, 111
263.125, 125
263.25, 111
263.25, 125
263.375, 111
263.375, 125
263.5, 111
263.5, 125
263.625, 1
263.625, 111
263.625, 125
263.75, 111
263.75, 125
263.875, 1
263.875, 111
263.875, 125
264.0, 111
264.0, 125
264.125, 111
264.125, 125
264.25, 111
264.25, 125
264.375, 1
264.375, 111
264.375, 125
264.5, 111
264.5, 125
264.625, 0.0159377033146
264.625, 0.0159377033146
264.75, 0.0159377033146
264.75, 0.0159377033146
264.875, 129
264.875, 111
265.0, 129
265.0, 111
265.125, 129
265.125, 111
265.25, 129
265.25, 111
265.375, 129
265.375, 111
265.5, 129
265.5, 111
265.625, 129
265.625, 111
265.75, 129
265.75, 111
265.875, 129
265.875, 111
266.0, 129
266.0, 111
266.0, 125
266.125, 111
266.125, 125
266.25, 111
266.25, 56.6260859372
266.375, 56.6260859372
266.375, 56.6260859372
266.5, 56.6260859372
266.5, 86.8597070585
266.5, 86.8597070585
266.625, 86.8597070585
266.625, 86.8597070585
266.625, 111
266.75, 111
266.75, 125
266.875, 111
266.875, 125
267.0, 111
267.0, 125
267.125, 111
267.125, 125
267.25, 111
267.25, 111
267.375, 129
267.375, 111
267.375, 125
267.5, 111
267.5, 125
267.625, 111
267.75, 129
267.75, 124
267.875, 129
267.875, 0.0319728296104
267.875, 0.0319728296104
268.0, 0.0319728296104
268.0, 0.0319728296104
268.125, 0.0319728296104
268.125, 0.0319728296104
268.25, 0.0319728296104
268.25, 0.0319728296104
268.375, 0.0319728296104
268.375, 0.0319728296104
268.5, 0.0319728296104
268.5, 0.0319728296104
268.625, 111
268.75, 129
268.75, 124
268.875, 129
268.875, 111
268.875, 125
269.0, 111
269.0, 125
269.125, 111
269.125, 125
269.25, 111
269.25, 125
269.375, 111
269.375, 125
269.5, 111
269.5, 125
269.625, 111
269.625, 125
269.75, 129
269.75, 111
269.875, 129
269.875, 111
270.0, 129
270.0, 111
270.125, 129
270.125, 111
270.125, 125
270.25, 111
270.25, 125
270.375, 0.010096801699
270.375, 0.010096801699
270.5, 0.010096801699
270.5, 0.010096801699
270.625, 111
270.625, 125
270.75, 0.00520588901177
270.75, 111
270.75, 125
270.875, 111
270.875, 125
271.0, 129
271.0, 111
271.0, 129
271.125, 0.0114530615283
271.125, 0.0114530615283
271.25, 0.0114530615283
271.25, 0.0114530615283
271.375, 111
271.375, 125
271.5, 111
271.625, 129
271.625, 124
271.75, 129
271.75, 124
271.875, 129
271.875, 129
272.0, 129
272.0, 0.017835939606
272.0, 0.017835939606
272.125, 0.017835939606
272.125, 0.017835939606
272.125, 0.017835939606
272.25, 0.017835939606
272.25, 0.017835939606
272.375, 111
272.375, 125
272.375, 1
272.5, 111
272.5, 125
272.625, 111
272.625, 125
272.75, 111
272.75, 125
272.75, 129
272.875, 111
272.875, 125
273.0, 198.560346893
273.0, 198.560346893
273.0, 129
273.125, 129
273.125, 111
273.125, 125
273.25, 111
273.25, 125
273.375, 111
273.375, 125
273.5, 111
273.5, 125
273.5, 200
273.625, 111
273.625, 125
273.75, 111
273.75, 125
273.875, 111
273.875, 125
274.0, 111
274.0, 125
274.125, 111
274.125, 125
274.125, 1
274.25, 111
274.25, 111
274.375, 111
274.375, 111
274.375, 125
274.5, 111
274.5, 61.4467356912
274.625, 61.4467356912
274.625, 61.4467356912
274.625, 61.4467356912
274.625, 61.4467356912
274.75, 61.4467356912
274.75, 61.4467356912
274.875, 61.4467356912
274.875, 98.1793366326
275.0, 98.1793366326
275.0, 98.1793366326
275.125, 125
275.125, 125
275.25, 125
275.375, 125
275.375, 131
275.5, 125
275.625, 125
275.75, 129
275.875, 129
275.875, 124
275.875, 131
275.875, 129
276.0, 125
276.125, 125
276.25, 125
276.375, 125
276.5, 125
276.625, 129
276.625, 124
276.75, 129
276.875, 129
277.0, 129
277.125, 129
277.125, 129
277.25, 131
277.25, 193.181279774
277.25, 193.181279774
277.375, 129
277.5, 129
277.625, 129
277.75, 129
277.875, 129
278.0, 129
278.125, 129
278.25, 129
278.375, 129
278.5, 129
278.5, 129
278.625, 125
278.75, 129
278.75, 131
278.875, 129
278.875, 131
279.0, 129
279.125, 129
279.25, 129
279.25, 131
279.375, 129
279.375, 124
279.5, 129
279.625, 129
279.625, 125
279.625, 124
279.75, 125
279.75, 131
279.875, 125
280.0, 125
280.125, 131
280.125, 125
280.25, 125
280.375, 129
280.5, 129
280.625, 129
280.75, 129
280.875, 129
280.875, 129
281.0, 131
281.0, 125
281.125, 129
281.25, 129
281.25, 131
281.375, 129
281.5, 129
281.625, 129
281.625, 124
281.625, 131
281.75, 129
281.75, 124
281.875, 129
282.0, 129
282.125, 129
282.125, 131
282.25, 129
282.375, 129
282.5, 129
282.625, 129
282.625, 125
282.75, 125
282.75, 124
282.875, 131
282.875, 125
282.875, 124
283.0, 0.0943546373508
283.0, 0.0943546373508
283.125, 124
283.125, 125
283.25, 124
283.25, 0.142273266654
283.375, 0.142273266654
283.375, 125
283.5, 124
283.5, 125
283.625, 131
283.625, 125
283.75, 125
283.875, 125
284.0, 125
284.125, 125
284.125, 124
284.25, 125
284.25, 124
284.375, 139
284.375, 131
284.5, 124
284.5, 125
284.625, 125
284.75, 125
284.75, 124
284.875, 0.554235353976
284.875, 0.554235353976
284.875, 0.554235353976
285.0, 125
285.125, 139
285.125, 127.279670684
285.25, 125
285.375, 139
285.375, 131
285.375, 124.937531109
285.5, 125
285.625, 124
285.625, 125
285.75, 125
285.875, 139
285.875, 131
286.0, 125
286.125, 125
286.25, 125
286.375, 125
286.5, 125
286.625, 125
286.75, 139
286.75, 131
286.875, 124
286.875, 124
286.875, 125
287.0, 125
287.125, 125
287.25, 125
287.25, 125
287.375, 124
287.375, 0.00259992664895
287.375, 0.00259992664895
287.5, 125
287.5, 131
287.625, 124
287.625, 124
287.625, 125
287.75, 125
287.875, 125
288.0, 124
288.0, 125
288.125, 125
288.125, 131
288.25, 125
288.375, 125
288.375, 124
288.5, 125
288.625, 125
288.75, 125
288.875, 124
288.875, 125
288.875, 124
289.0, 125
289.125, 125
289.125, 124
289.125, 125
289.25, 125
289.375, 125
289.5, 124
289.5, 125
289.5, 124
289.625, 125
289.75, 131
289.75, 125
289.875, 125
290.0, 124
290.0, 125
290.125, 125
290.25, 124
290.25, 125
290.375, 125
290.5, 124.419445043
290.5, 125
290.625, 125
290.75, 125
290.875, 125
291.0, 125
291.0, 131
291.125, 124.6112792
291.25, 125
291.375, 125
291.5, 124.383788262
291.5, 125
291.625, 125
291.75, 125
291.875, 125
292.0, 125
292.125, 125
292.25, 131
292.25, 125
292.375, 124
292.375, 125
292.5, 140.924976202
292.5, 140.924976202
292.625, 140.924976202
292.625, 140.924976202
292.75, 139
292.75, 139
292.875, 139
292.875, 139
292.875, 139
293.0, 139
293.0, 131
293.125, 125
293.25, 125
293.375, 125
293.375, 139
293.5, 125
293.625, 125
293.75, 125
293.875, 131
293.875, 125
294.0, 124
294.0, 125
294.125, 124
294.125, 125
294.25, 124
294.25, 125
294.375, 125
294.5, 131
294.5, 125
294.625, 125
294.75, 125
294.875, 124
294.875, 125
295.0, 125
295.125, 125
295.25, 125
295.375, 131
295.375, 125
295.5, 125
295.625, 124
295.625, 125
295.75, 125
295.875, 125
296.0, 125
296.125, 125
296.25, 125
296.375, 125
296.5, 125
296.625, 125
296.75, 125
296.875, 139
296.875, 125
297.0, 124
297.0, 125
297.125, 125
297.25, 131
297.25, 125
297.375, 125
297.5, 124.830203436
297.625, 124.830203436
297.75, 124.830203436
297.875, 125
297.875, 124
298.0, 124
298.0, 125
298.0, 131
298.125, 175.598014845
298.125, 175.598014845
298.25, 175.598014845
298.25, 175.598014845
298.25, 175.598014845
298.375, 139
298.375, 131
298.5, 125
298.625, 125
298.625, 124
298.75, 124.899530576
298.875, 124.899530576
299.0, 124.899530576
299.125, 124.899530576
299.125, 124
299.25, 125
299.375, 139
299.375, 131
299.5, 124
299.5, 125
299.625, 125
299.75, 125
299.875, 139
299.875, 131
300.0, 125
300.125, 125
300.25, 125
300.375, 125
300.375, 139
300.5, 125
300.625, 139
300.625, 131
300.75, 125
300.875, 131
300.875, 125
300.875, 124
301.0, 0.135204519238
301.0, 0.135204519238
301.125, 125
301.25, 124
301.25, 125
301.375, 125
301.5, 125
301.625, 124
301.625, 125
301.75, 125
301.875, 131
301.875, 125
301.875, 131
302.0, 125
302.125, 125
302.25, 139
302.25, 131
302.375, 139
302.375, 121
302.375, 131
302.5, 121
302.5, 131
302.625, 139
302.625, 139
302.75, 139
302.75, 131
302.875, 139
302.875, 121
302.875, 131
303.0, 139
303.0, 131
303.125, 121
303.125, 131
303.25, 139
303.25, 131
303.375, 139
303.375, 131
303.5, 121
303.5, 131
303.625, 121
303.625, 131
303.75, 139
303.75, 131
303.875, 121
303.875, 131
304.0, 121
304.0, 131
304.125, 121
304.125, 131
304.25, 121
304.25, 131
304.375, 121
304.375, 121
304.375, 131
304.5, 110
304.5, 131
304.625, 110
304.625, 131
304.75, 139
304.75, 131
304.875, 139
304.875, 121
304.875, 131
305.0, 110
305.0, 131
305.125, 110
305.25, 139
305.25, 121
305.25, 131
305.375, 110
305.5, 139
305.5, 131
305.625, 121
305.625, 131
305.75, 139
305.75, 131
305.875, 121
305.875, 131
306.0, 121
306.0, 131
306.125, 121
306.125, 121
306.125, 131
306.25, 121
306.25, 121
306.25, 131
306.375, 110
306.375, 131
306.5, 139
306.5, 131
306.625, 139
306.625, 131
306.75, 121
306.75, 131
306.875, 121
306.875, 131
307.0, 121
307.0, 131
307.125, 139
307.125, 131
307.25, 121
307.25, 131
307.375, 121
307.375, 121
307.375, 131
307.5, 110
307.5, 131
307.625, 110
307.625, 131
307.75, 110
307.75, 131
307.875, 110
308.0, 139
308.0, 131
308.125, 121
308.125, 131
308.25, 121
308.25, 40.8184852224
308.25, 40.8184852224
308.375, 40.8184852224
308.375, 40.8184852224
308.375, 40.8184852224
308.5, 40.8184852224
308.5, 40.8184852224
308.625, 110
308.625, 131
308.75, 139
308.75, 0.0969112509094
308.75, 110
308.75, 131
308.875, 0.0969112509094
308.875, 110
308.875, 131
309.0, 110
309.0, 131
309.125, 110
309.125, 131
309.25, 110
309.25, 131
309.375, 0.0969112509094
309.375, 110
309.375, 131
309.5, 110
309.5, 131
309.5, 1
309.625, 0.0901873857999
309.625, 0.0901873857999
309.75, 110
309.75, 131
309.875, 110
309.875, 131
310.0, 110
310.0, 131
310.125, 110
310.125, 131
310.25, 110
310.25, 131
310.375, 110
310.375, 131
310.5, 110
310.625, 139
310.625, 121
310.625, 131
310.75, 110
310.75, 131
310.875, 110
310.875, 131
311.0, 110
311.125, 139
311.125, 121
311.25, 139
311.25, 121
311.25, 0.00147177202054
311.25, 0.00147177202054
311.375, 0.00147177202054
311.375, 0.00147177202054
311.5, 0.00147177202054
311.5, 0.00147177202054
311.625, 0.00147177202054
311.625, 0.00147177202054
311.625, 0.00147177202054
311.75, 0.00147177202054
311.75, 0.00147177202054
311.875, 0.00147177202054
311.875, 0.00147177202054
312.0, 0.00147177202054
312.0, 0.00147177202054
312.125, 100
312.125, 110
312.25, 100
312.25, 0.266628812339
312.25, 0.266628812339
312.375, 0.266628812339
312.375, 0.266628812339
312.375, 0.691841911937
312.5, 0.691841911937
312.5, 100
312.625, 0.523918294953
312.625, 100
312.625, 110
312.75, 100
312.75, 110
312.75, 110
312.875, 100
312.875, 110
313.0, 139
313.0, 100
313.0, 181.083675298
313.125, 181.083675298
313.125, 181.083675298
313.25, 181.083675298
313.25, 181.083675298
313.375, 139
313.375, 121
313.5, 139
313.5, 121
313.5, 121
313.625, 139
313.625, 100
313.75, 139
313.75, 100
313.875, 139
313.875, 100
314.0, 139
314.0, 100
314.125, 139
314.125, 100
314.25, 139
314.25, 123.875108004
314.25, 123.875108004
314.25, 121
314.375, 139
314.375, 100
314.5, 139
314.5, 100
314.625, 139
314.625, 100
314.75, 139
314.75, 100
314.875, 139
314.875, 100
315.0, 139
315.0, 100
315.125, 139
315.125, 100
315.25, 139
315.25, 100
315.25, 110
315.375, 200
315.375, 100
315.375, 110
315.5, 100
315.5, 110
315.625, 100
315.75, 107
315.75, 100
315.875, 107
315.875, 97
315.875, 100
316.0, 97
316.0, 100
316.125, 97
316.125, 100
316.25, 97
316.25, 100
316.375, 97
316.375, 100
316.5, 97
316.5, 100
316.5, 39.7192418807
316.625, 97
316.625, 100
316.75, 97
316.75, 100
316.875, 97
316.875, 100
317.0, 97
317.0, 100
317.125, 97
317.125, 100
317.25, 97
317.25, 100
317.375, 97
317.375, 100
317.5, 97
317.5, 100
317.625, 97
317.625, 100
317.75, 97
317.75, 100
317.875, 97
317.875, 100
318.0, 97
318.0, 100
318.125, 97
318.125, 100
318.25, 97
318.25, 100
318.375, 97
318.375, 100
318.5, 97
318.5, 100
318.625, 97
318.625, 100
318.75, 97
318.75, 100
318.875, 97
318.875, 100
319.0, 97
319.0, 100
319.125, 1.54329254379e-10
319.125, 1.54329254379e-10
319.125, 1.54329254379e-10
319.125, 1.54329254379e-10
319.25, 97
319.25, 90.4133329448
319.25, 90.4133329448
319.375, 90.4133329448
319.375, 90.4133329448
319.5, 90.4133329448
319.5, 90.4133329448
319.5, 73.6294767253
319.625, 97
319.625, 100
319.75, 97
319.75, 100
319.875, 97
319.875, 100
320.0, 97
320.0, 100
320.125, 97
320.125, 100
320.25, 97
320.25, 100
320.375, 97
320.375, 100
320.5, 97
320.5, 100
320.625, 97
320.625, 100
320.75, 97
320.75, 100
320.875, 97
320.875, 100
321.0, 97
321.125, 121
321.125, 107
321.25, 121
321.25, 97
321.25, 100
321.375, 97
321.375, 100
321.5, 97
321.5, 100
321.625, 97
321.625, 100
321.75, 97
321.75, 100
321.875, 97
321.875, 100
322.0, 120.760002168
322.0, 120.760002168
322.0, 121
322.125, 120.760002168
322.125, 120.760002168
322.125, 120.760002168
322.25, 121
322.25, 107
322.25, 200
322.375, 121
322.375, 107
322.375, 121
322.5, 107
322.5, 100
322.5, 107
322.625, 57.498496167
322.625, 57.498496167
322.75, 97
322.75, 97
322.875, 97
322.875, 97
323.0, 0.00402447517379
323.0, 0.00402447517379
323.125, 97
323.25, 121
323.25, 107
323.25, 121
323.375, 107
323.375, 100
323.5, 107
323.5, 97
323.5, 100
323.625, 97
323.625, 100
323.75, 4.88545998641
323.75, 4.88545998641
323.875, 4.88545998641
323.875, 4.88545998641
324.0, 4.88545998641
324.0, 4.88545998641
324.125, 97
324.125, 97
324.125, 100
324.25, 97
324.25, 100
324.375, 97
324.375, 100
324.5, 97
324.5, 100
324.625, 97
324.625, 100
324.75, 97
324.75, 100
324.875, 97
324.875, 100
325.0, 97
325.0, 100
325.125, 107
325.125, 100
325.25, 107
325.25, 100
325.375, 107
325.375, 100
325.5, 107
325.5, 100
325.625, 107
325.625, 100
325.75, 121
325.75, 107
325.875, 121
325.875, 107
325.875, 121
326.0, 107
326.0, 100
326.125, 107
326.125, 100
326.25, 107
326.25, 100
326.375, 121
326.375, 107
326.5, 121
326.5, 107
326.625, 121
326.625, 121
326.75, 121
326.75, 121
326.875, 121
326.875, 121
327.0, 121
327.0, 97
327.0, 100
327.125, 97
327.125, 100
327.25, 97
327.25, 100
327.375, 107
327.375, 100
327.375, 107
327.5, 97
327.5, 100
327.625, 97
327.625, 100
327.75, 97
327.75, 100
327.875, 97
327.875, 100
328.0, 97
328.0, 100
328.125, 113.780758688
328.125, 113.780758688
328.125, 121
328.25, 107
328.25, 97
328.25, 100
328.375, 97
328.375, 100
328.5, 97
328.5, 100
328.625, 97
328.625, 100
328.75, 107
328.75, 100
328.875, 107
328.875, 100
329.0, 107
329.0, 100
329.125, 107
329.125, 100
329.25, 107
329.25, 100
329.375, 107
329.375, 100
329.5, 107
329.5, 100
329.625, 107
329.625, 100
329.75, 107
329.75, 100
329.875, 107
329.875, 100
330.0, 107
330.0, 100
330.125, 107
330.125, 100
330.25, 107
330.25, 100
330.375, 107
330.375, 97
330.375, 100
330.5, 97
330.5, 100
330.625, 97
330.625, 100
330.75, 97
330.875, 121
330.875, 107
331.0, 121
331.0, 107
331.125, 121
331.125, 121
331.25, 121
331.25, 97
331.25, 100
331.375, 107
331.375, 100
331.5, 107
331.5, 100
331.625, 107
331.625, 97
331.625, 100
331.75, 97
331.75, 100
331.875, 97
331.875, 100
332.0, 1
332.0, 97
332.0, 100
332.125, 97
332.125, 100
332.25, 97
332.25, 100
332.375, 97
332.375, 100
332.5, 97
332.5, 100
332.625, 97
332.625, 100
332.75, 107
332.75, 100
332.875, 107
332.875, 100
333.0, 107
333.0, 100
333.125, 107
333.125, 100
333.25, 107
333.25, 100
333.375, 107
333.375, 100
333.5, 107
333.5, 107
333.5, 107
333.625, 111
333.625, 107
333.75, 111
333.75, 107
333.875, 111
333.875, 107
333.875, 111
334.0, 107
334.0, 100
334.125, 107
334.125, 100
334.25, 107
334.25, 100
334.375, 107
334.375, 100
334.5, 107
334.5, 107
334.625, 111
334.625, 107
334.625, 107
334.75, 111
334.75, 107
334.875, 111
334.875, 97
334.875, 100
335.0, 13.8693558014
335.0, 13.8693558014
335.125, 13.8693558014
335.125, 13.8693558014
335.25, 0.181032798805
335.25, 0.181032798805
335.25, 0.181032798805
335.25, 0.181032798805
335.375, 97
335.375, 100
335.5, 97
335.625, 111
335.625, 107
335.75, 111
335.75, 107
335.875, 119.008598331
335.875, 119.008598331
335.875, 119.008598331
336.0, 119.008598331
336.0, 119.008598331
336.125, 111
336.125, 107
336.125, 111
336.25, 107
336.25, 100
336.375, 107
336.375, 100
336.375, 99.2406295851
336.5, 107
336.5, 100
336.5, 107
336.625, 97
336.625, 97
336.75, 97
336.75, 97
336.875, 97
336.875, 97
337.0, 97
337.0, 97
337.125, 97
337.125, 97
337.25, 97
337.25, 97
337.25, 1
337.375, 97
337.375, 97
337.5, 97
337.5, 97
337.625, 97
337.625, 97
337.75, 97
337.75, 97
337.75, 97
337.875, 97
337.875, 100
338.0, 97
338.0, 100
338.125, 97
338.125, 100
338.25, 107
338.25, 97
338.25, 100
338.375, 97
338.375, 100
338.5, 97
338.5, 100
338.625, 97
338.625, 100
338.75, 97
338.75, 100
338.875, 97
338.875, 100
339.0, 97
339.125, 111
339.125, 107
339.125, 111
339.25, 97
339.25, 100
339.375, 97
339.375, 100
339.5, 97
339.5, 100
339.625, 97
339.625, 100
339.75, 97
339.75, 100
339.875, 0.254516975636
339.875, 0.254516975636
340.0, 0.254516975636
340.0, 0.254516975636
340.125, 0.254516975636
340.125, 0.254516975636
340.25, 0.254516975636
340.25, 0.254516975636
340.25, 97
340.375, 97
340.375, 100
340.5, 97
340.5, 100
340.625, 97
340.625, 100
340.625, 107
340.75, 97
340.875, 111
340.875, 107
341.0, 111
341.0, 107
341.125, 111
341.125, 107
341.25, 111
341.25, 97
341.25, 100
341.375, 97
341.375, 100
341.5, 97
341.5, 100
341.625, 97
341.625, 100
341.75, 97
341.75, 100
341.875, 97
341.875, 100
341.875, 200
342.0, 107
342.0, 100
342.125, 107
342.125, 100
342.25, 107
342.25, 100
342.25, 107
342.375, 2.41083112192
342.375, 2.41083112192
342.5, 2.41083112192
342.5, 97
342.5, 100
342.625, 97
342.625, 100
342.75, 97
342.75, 100
342.875, 97
342.875, 100
343.0, 97
343.0, 100
343.125, 97
343.125, 100
343.25, 97
343.25, 100
343.375, 97
343.375, 100
343.5, 97
343.5, 100
343.625, 97
343.625, 100
343.75, 97
343.75, 100
343.875, 97
343.875, 100
344.0, 97
344.0, 100
344.125, 97
344.125, 100
344.25, 97
344.25, 100
344.375, 97
344.375, 100
344.5, 97
344.5, 100
344.625, 97
344.625, 100
344.75, 97
344.75, 100
344.875, 97
344.875, 100
345.0, 97
345.0, 100
345.125, 107
345.125, 100
345.25, 107
345.25, 0.0835576585371
345.25, 0.0835576585371
345.375, 0.0835576585371
345.375, 0.0835576585371
345.375, 0.0835576585371
345.5, 0.0835576585371
345.5, 0.0835576585371
345.625, 0.0835576585371
345.625, 97
345.625, 100
345.75, 97
345.75, 100
345.875, 97
345.875, 100
346.0, 97
346.0, 100
346.125, 97
346.125, 100
346.25, 97
346.25, 100
346.375, 107
346.375, 100
346.5, 107
346.5, 100
346.625, 107
346.625, 97
346.625, 100
346.75, 97
346.75, 0.195192909835
346.875, 0.195192909835
346.875, 0.195192909835
347.0, 0.195192909835
347.0, 0.195192909835
347.125, 0.195192909835
347.125, 0.195192909835
347.25, 0.195192909835
347.25, 0.195192909835
347.375, 0.195192909835
347.375, 0.195192909835
347.375, 97
347.5, 97
347.5, 100
347.625, 97
347.625, 100
347.75, 107
347.75, 100
347.875, 107
347.875, 100
348.0, 107
348.0, 100
348.125, 107
348.125, 100
348.25, 107
348.25, 100
348.375, 107
348.375, 100
348.375, 107
348.5, 97
348.5, 100
348.625, 97
348.625, 111
348.75, 97
348.75, 100
348.875, 97
348.875, 100
349.0, 97
349.0, 100
349.125, 97
349.125, 100
349.25, 97
349.25, 100
349.375, 97
349.5, 111
349.5, 107
349.5, 111
349.625, 97
349.625, 100
349.75, 97
349.75, 100
349.875, 97
349.875, 100
350.0, 97
350.125, 111
350.125, 107
350.25, 111
350.25, 107
350.375, 111
350.375, 107
350.5, 111
350.5, 97
350.5, 100
350.625, 97
350.625, 100
350.75, 107
350.75, 0.137804943344
350.75, 0.137804943344
350.875, 0.137804943344
350.875, 0.137804943344
351.0, 97
351.0, 100
351.125, 97
351.125, 100
351.25, 97
351.25, 100
351.375, 97
351.375, 100
351.5, 97
351.5, 100
351.625, 97
351.625, 100
351.75, 97
351.75, 100
351.875, 97
352.0, 107
352.125, 111
352.25, 131
352.25, 111
352.25, 131
352.375, 111
352.375, 0.56786086494
352.375, 0.56786086494
352.5, 97
352.5, 131
352.625, 107
352.75, 111
352.875, 111
353.0, 111
353.0, 122.392554385
353.125, 111
353.125, 131
353.125, 200
353.25, 111
353.375, 111
353.375, 131
353.5, 111
353.625, 111
353.75, 111
353.75, 131
353.875, 111
353.875, 107
354.0, 111
354.0, 111
354.125, 0.229597385767
354.125, 0.229597385767
354.25, 0.229597385767
354.25, 0.229597385767
354.375, 97
354.375, 97
354.5, 97
354.5, 97
354.5, 97
354.625, 107
354.75, 111
354.75, 111
354.875, 97
355.0, 107
355.125, 111
355.25, 111
355.375, 131
355.375, 111
355.5, 111
355.5, 131
355.5, 111
355.625, 0.0360063961178
355.625, 0.0360063961178
355.625, 97
355.75, 97
355.75, 131
355.875, 107
355.875, 107.397947254
356.0, 107
356.0, 131
356.125, 111
356.125, 111
356.25, 103.435739343
356.375, 111
356.375, 131
356.5, 111
356.5, 107
356.5, 111
356.625, 107
356.75, 111
356.75, 131
356.75, 111
356.875, 107
357.0, 111
357.0, 117.838825746
357.125, 111
357.25, 111.385181508
357.25, 111.385181508
357.375, 111.385181508
357.5, 111
357.625, 111
357.625, 97
357.75, 107
357.75, 111
357.875, 113.282174152
357.875, 97
357.875, 113.282174152
358.0, 97
358.0, 131
358.125, 97
358.125, 131
358.25, 0.0606433607491
358.25, 0.0606433607491
358.25, 0.0606433607491
358.375, 0.0606433607491
358.5, 149
358.5, 97
358.5, 131
358.625, 97
358.625, 131
358.75, 97
358.75, 149
358.875, 97
358.875, 131
359.0, 97
359.0, 131
359.125, 97
359.125, 131
359.25, 97
359.25, 131
359.375, 97
359.375, 131
359.5, 97
359.5, 97
359.625, 97
359.625, 97
359.75, 97
359.75, 131
359.875, 97
359.875, 131
360.0, 97
360.0, 131
360.125, 97
360.125, 131
360.125, 1
360.25, 97
360.25, 131
360.375, 97
360.375, 131
360.5, 97
360.5, 131
360.625, 97
360.625, 131
360.75, 97
360.75, 131
360.875, 97
360.875, 131
361.0, 1
361.0, 4.2284226997e-15
361.0, 4.2284226997e-15
361.125, 4.2284226997e-15
361.125, 4.2284226997e-15
361.125, 4.2284226997e-15
361.25, 4.2284226997e-15
361.25, 4.2284226997e-15
361.375, 4.2284226997e-15
361.375, 4.2284226997e-15
361.5, 4.2284226997e-15
361.5, 4.2284226997e-15
361.625, 4.2284226997e-15
361.625, 4.2284226997e-15
361.75, 4.2284226997e-15
361.75, 4.2284226997e-15
361.875, 4.2284226997e-15
362.0, 149
362.0, 145.82378561
362.0, 149
362.125, 145.82378561
362.125, 145.82378561
362.25, 149
362.25, 111
362.25, 131
362.375, 111
362.375, 131
362.5, 149
362.5, 131
362.625, 111
362.625, 131
362.625, 111
362.75, 149
362.75, 131
362.875, 97
362.875, 131
363.0, 131
363.0, 143
363.125, 131
363.125, 143
363.25, 131
363.25, 143
363.375, 0.000826047005329
363.375, 0.000826047005329
363.5, 0.000826047005329
363.5, 0.000826047005329
363.625, 149
363.625, 131
363.75, 149
363.75, 131
363.75, 143
363.875, 1
363.875, 131
363.875, 143
364.0, 131
364.0, 143
364.125, 131
364.125, 143
364.25, 131
364.25, 143
364.375, 149
364.375, 149
364.5, 153
364.5, 149
364.5, 153
364.625, 95.01624343
364.625, 95.01624343
364.75, 131
364.75, 143
364.75, 149
364.875, 131
364.875, 143
365.0, 131
365.0, 143
365.125, 131
365.25, 153
365.25, 149
365.375, 153
365.375, 153
365.375, 153
365.5, 153
365.5, 149
365.625, 153
365.625, 149
365.75, 153
365.75, 149
365.875, 153
365.875, 149
366.0, 153
366.0, 131
366.0, 143
366.125, 131
366.125, 143
366.25, 131
366.25, 143
366.375, 1
366.375, 131
366.375, 143
366.5, 131
366.5, 143
366.625, 131
366.75, 153
366.75, 149
366.875, 153
366.875, 149
366.875, 153
366.875, 0.107474412532
367.0, 0.107474412532
367.0, 0.107474412532
367.125, 0.107474412532
367.125, 0.107474412532
367.25, 0.107474412532
367.25, 0.107474412532
367.375, 0.107474412532
367.375, 131
367.5, 131
367.5, 143
367.625, 131
367.625, 143
367.625, 143
367.75, 131
367.75, 143
367.875, 131
367.875, 143
368.0, 131
368.0, 143
368.125, 131
368.125, 143
368.25, 131
368.25, 143
368.375, 131
368.375, 143
368.5, 131
368.5, 143
368.625, 131
368.625, 143
368.75, 149
368.75, 131
368.875, 149
368.875, 131
369.0, 149
369.0, 131
369.125, 153
369.125, 149
369.25, 153
369.25, 149
369.375, 153
369.375, 149
369.5, 153
369.5, 149
369.625, 153
369.625, 149
369.75, 153
369.75, 153
369.75, 153
369.875, 131
369.875, 143
370.0, 0.0328742806418
370.0, 0.0328742806418
370.125, 149
370.125, 131
370.25, 149
370.25, 131
370.375, 149
370.375, 131
370.5, 149
370.5, 1.84451249842e-29
370.5, 131
370.5, 196.119732864
370.625, 196.119732864
370.625, 196.119732864
370.75, 196.119732864
370.75, 196.119732864
370.875, 196.119732864
370.875, 196.119732864
371.0, 196.119732864
371.0, 196.119732864
371.125, 196.119732864
371.125, 196.119732864
371.25, 196.119732864
371.25, 196.119732864
371.375, 196.119732864
371.375, 196.119732864
371.5, 196.119732864
371.5, 196.119732864
371.625, 152
371.625, 149
371.75, 152
371.75, 149
371.875, 152
371.875, 149
372.0, 152
372.0, 149
372.125, 152
372.125, 149
372.25, 152
372.25, 149
372.25, 152
372.375, 149
372.375, 131
372.5, 149
372.5, 131
372.5, 156.631880343
372.625, 149
372.625, 131
372.75, 149
372.75, 0.501951807917
372.75, 0.501951807917
372.75, 0.501951807917
372.875, 131
372.875, 143
373.0, 131
373.0, 143
373.125, 131
373.125, 143
373.25, 149
373.25, 131
373.375, 149
373.375, 131
373.5, 152
373.5, 149
373.625, 152
373.625, 149
373.75, 152
373.75, 131
373.75, 143
373.875, 131
373.875, 143
374.0, 131
374.0, 143
374.125, 131
374.125, 143
374.25, 131
374.25, 143
374.375, 131
374.375, 143
374.5, 149
374.5, 131
374.625, 149
374.625, 131
374.75, 149
374.75, 131
374.875, 149
374.875, 131
375.0, 149
375.0, 131
375.0, 143
375.125, 131
375.125, 143
375.25, 131
375.25, 143
375.375, 131
375.375, 143
375.5, 149
375.5, 131
375.625, 149
375.625, 131
375.625, 200
375.75, 149
375.75, 131
375.875, 149
375.875, 131
375.875, 149
376.0, 131
376.0, 143
376.125, 131
376.125, 143
376.25, 131
376.25, 143
376.375, 1
376.375, 131
376.375, 143
376.5, 29.2929288466
376.5, 29.2929288466
376.625, 131
376.625, 131
376.625, 143
376.75, 0.00262811172405
376.75, 0.00262811172405
376.875, 0.00262811172405
376.875, 0.00262811172405
377.0, 131
377.0, 0.428475298675
377.125, 0.428475298675
377.125, 0.428475298675
377.125, 0.428475298675
377.25, 0.428475298675
377.25, 0.428475298675
377.25, 0.428475298675
377.375, 0.428475298675
377.375, 0.428475298675
377.375, 0.428475298675
377.5, 131
377.5, 143
377.625, 131
377.75, 152
377.75, 131
377.75, 143
377.875, 131
377.875, 143
378.0, 131
378.0, 143
378.125, 131
378.125, 152
378.25, 149
378.25, 131
378.375, 149
378.375, 131
378.5, 149
378.5, 131
378.625, 149
378.625, 131
378.75, 149
378.75, 131
378.875, 200
378.875, 149
378.875, 34.5481353751
378.875, 34.5481353751
379.0, 34.5481353751
379.0, 34.5481353751
379.125, 34.5481353751
379.125, 131
379.125, 143
379.25, 131
379.25, 143
379.375, 131
379.375, 143
379.5, 131
379.5, 143
379.625, 131
379.625, 143
379.75, 131
379.75, 143
379.875, 131
379.875, 143
380.0, 131
380.0, 143
380.125, 131
380.125, 143
380.25, 131
380.25, 143
380.375, 1
380.375, 131
380.375, 143
380.5, 131
380.5, 143
380.625, 131
380.625, 143
380.75, 131
380.75, 143
380.875, 131
380.875, 143
381.0, 131
381.0, 143
381.125, 131
381.125, 143
381.25, 131
381.25, 143
381.375, 131
381.375, 1
381.375, 143
381.5, 131
381.5, 152
381.625, 149
381.625, 131
381.75, 149
381.75, 140.594285703
381.75, 140.594285703
381.875, 152
381.875, 149
382.0, 152
382.0, 149
382.125, 152
382.125, 152
382.125, 152
382.25, 152
382.25, 152
382.375, 152
382.375, 152
382.5, 152
382.5, 149
382.625, 152
382.625, 149
382.75, 152
382.75, 149
382.875, 152
382.875, 149
383.0, 152
383.0, 149
383.0, 152
383.125, 0.0469774984959
383.125, 0.0469774984959
383.125, 131
383.25, 131
383.25, 143
383.375, 1
383.375, 131
383.375, 143
383.5, 79.9269728057
383.5, 79.9269728057
383.625, 131
383.625, 143
383.75, 131
383.75, 143
383.875, 131
383.875, 143
384.0, 131
384.0, 143
384.125, 131
384.125, 143
384.25, 131
384.25, 143
384.375, 131
384.5, 152
384.5, 149
384.5, 0.0140098889854
384.5, 0.0140098889854
384.625, 131
384.625, 143
384.75, 25.031410504
384.75, 131
384.875, 152
384.875, 149
385.0, 152
385.0, 149
385.125, 152
385.125, 149
385.25, 152
385.25, 149
385.25, 152
385.375, 149
385.375, 121
385.5, 149
385.5, 121
385.625, 153.767715621
385.625, 153.767715621
385.75, 152
385.75, 121
385.75, 143
385.875, 121
385.875, 143
386.0, 121
386.0, 143
386.125, 121
386.125, 143
386.25, 121
386.25, 143
386.375, 121
386.5, 152
386.5, 149
386.625, 152
386.625, 149
386.75, 152
386.75, 149
386.75, 152
386.875, 149
386.875, 121
386.875, 45.5714141895
387.0, 1
387.0, 45.5714141895
387.0, 45.5714141895
387.125, 45.5714141895
387.125, 45.5714141895
387.25, 45.5714141895
387.25, 121
387.375, 149
387.375, 121
387.5, 149
387.5, 121
387.625, 149
387.625, 121
387.625, 143
387.75, 121
387.75, 143
387.875, 121
387.875, 143
388.0, 121
388.0, 143
388.125, 121
388.125, 143
388.25, 121
388.25, 143
388.375, 121
388.375, 143
388.5, 121
388.5, 143
388.5, 200
388.625, 121
388.625, 143
388.75, 121
388.75, 143
388.875, 121
388.875, 143
389.0, 121
389.0, 143
389.125, 121
389.125, 143
389.25, 121
389.25, 143
389.375, 121
389.375, 143
389.5, 121
389.5, 121
389.5, 121
389.625, 121
389.625, 121
389.75, 121
389.75, 121
389.875, 121
389.875, 121
390.0, 121
390.0, 121
390.125, 121
390.125, 121
390.25, 121
390.25, 143
390.25, 0.118000415913
390.375, 121
390.375, 143
390.5, 121
390.5, 143
390.625, 121
390.625, 143
390.625, 200
390.75, 121
390.75, 143
390.875, 121
390.875, 143
391.0, 121
391.0, 143
391.125, 149
391.125, 121
391.25, 149
391.25, 121
391.375, 149
391.375, 149
391.375, 149
391.5, 152
391.5, 149
391.625, 152
391.625, 149
391.625, 152
391.75, 149
391.75, 121
391.875, 149
391.875, 121
392.0, 149
392.0, 121
392.125, 149
392.125, 121
392.25, 149
392.25, 121
392.25, 152
392.375, 121
392.5, 121
392.625, 116
392.625, 121
392.625, 116
392.75, 121
392.875, 121
393.0, 121
393.125, 117.039037628
393.125, 121
393.125, 117.039037628
393.25, 117.039037628
393.25, 121
393.375, 119.151731013
393.375, 121
393.5, 119.151731013
393.5, 121
393.5, 116
393.625, 116
393.625, 121
393.75, 116
393.75, 121
393.875, 116
393.875, 121
394.0, 116
394.0, 121
394.125, 116
394.125, 121
394.25, 116
394.25, 121
394.375, 116
394.375, 105
394.5, 116
394.5, 121
394.5, 116
394.625, 105
394.75, 116
394.75, 121
394.875, 152
394.875, 121
395.0, 200
395.0, 116
395.0, 121
395.125, 116
395.125, 121
395.125, 152
395.25, 105
395.375, 116
395.375, 121
395.5, 127.802812813
395.5, 116
395.5, 121
395.625, 116
395.625, 121
395.75, 116
395.75, 121
395.875, 116
395.875, 121
396.0, 116
396.0, 121
396.125, 116
396.125, 121
396.25, 116
396.25, 121
396.375, 116
396.375, 121
396.5, 116
396.5, 121
396.5, 116
396.625, 105
396.75, 116
396.75, 121
396.875, 116
396.875, 121
396.875, 116
397.0, 91.8156641762
397.0, 91.8156641762
397.125, 91.8156641762
397.125, 91.8156641762
397.25, 91.8156641762
397.25, 91.8156641762
397.375, 116
397.375, 121
397.5, 116
397.5, 121
397.625, 116
397.625, 121
397.75, 152
397.75, 121
397.875, 120.027489756
397.875, 120.027489756
397.875, 121
398.0, 120.027489756
398.0, 121
398.125, 152
398.125, 116
398.125, 121
398.25, 116
398.25, 0.123526598109
398.25, 0.123526598109
398.375, 0.123526598109
398.375, 0.123526598109
398.5, 0.123526598109
398.5, 0.123526598109
398.5, 0.123526598109
398.625, 98
398.625, 0.00142862679193
398.75, 0.00142862679193
398.75, 98
398.875, 98
398.875, 121
399.0, 116
399.0, 121
399.125, 116
399.125, 121
399.25, 116
399.25, 121
399.25, 116
399.375, 98
399.5, 116
399.5, 121
399.625, 116
399.625, 121
399.75, 116
399.75, 121
399.875, 116
399.875, 121
399.875, 200
