12.4333333333, 1.06594985168e-08
16.5333333333, 7.24230723683e-26
16.6, 7.24230723683e-26
16.6333333333, 200
16.6333333333, 200
16.8, 0.0557956421833
17.4666666667, 122.359828711
18.1, 94.9198635448
18.2333333333, 146.376234031
18.5333333333, 1
18.7666666667, 0.176415964252
18.9, 200
20.1333333333, 141.71012297
20.2, 141.71012297
20.2, 141.71012297
20.2333333333, 141.71012297
20.2333333333, 141.71012297
20.2333333333, 200
20.2333333333, 141.71012297
20.8, 7.84252419371
21.0666666667, 167.386873964
21.3, 0.00596893533861
21.3333333333, 0.00596893533861
21.3666666667, 0.102601067928
21.3666666667, 0.102601067928
21.4333333333, 0.102601067928
21.4666666667, 0.00596893533861
21.5, 0.102601067928
22.3333333333, 30.4066230396
22.8333333333, 200
22.9666666667, 56.5166719297
23.8666666667, 0.00731753799461
24.5666666667, 1
24.6333333333, 0.00173583162984
24.8333333333, 155.68466188
25.3333333333, 200
25.5666666667, 151.874330745
25.5666666667, 151.874330745
26.0666666667, 1
26.3333333333, 132.432810806
26.8333333333, 65.2858554915
26.9333333333, 200
27.0, 200
27.0333333333, 200
27.0666666667, 1
27.1666666667, 1
27.2666666667, 0.0753308024354
27.7666666667, 27.7339689922
27.9666666667, 83.0251201241
28.1, 93.441427983
28.2, 1
28.3, 1
28.3666666667, 0.0110637453938
28.6666666667, 200
28.8, 154.614666036
28.8333333333, 154.614666036
28.8666666667, 154.614666036
28.8666666667, 154.614666036
28.9, 154.614666036
28.9666666667, 200
29.0666666667, 154.614666036
29.2333333333, 200
29.2333333333, 200
29.2666666667, 200
29.3, 1
29.4333333333, 10.8999316791
29.6, 0.03074937688
29.7666666667, 78.3162201674
29.9333333333, 184.669011699
30.0, 184.669011699
30.0666666667, 184.669011699
30.2333333333, 1
30.5333333333, 1
30.5666666667, 200
30.6666666667, 86.4343195381
30.6666666667, 86.4343195381
30.7333333333, 28.9548480901
30.7333333333, 86.4343195381
30.8666666667, 0.239338758882
31.0333333333, 0.00587550418108
31.5333333333, 24.5454628519
31.6666666667, 120.521902709
32.0, 4.12700171646e-06
32.0666666667, 187.319567943
32.1666666667, 1
32.2666666667, 0.163191884105
32.5, 1
32.5666666667, 1
32.6, 8.44056113719e-06
32.7333333333, 8.44056113719e-06
32.7666666667, 79.5589152314
32.8333333333, 1
33.3, 0.000213551088273
33.3666666667, 0.000213551088273
33.4, 0.000213551088273
33.4666666667, 0.000213551088273
33.5, 0.000213551088273
33.6666666667, 200
33.7, 1
33.7333333333, 116.4770752
33.8, 0.232560453747
33.8666666667, 0.232560453747
33.9, 1
33.9666666667, 1
34.1333333333, 43.29546453
34.1666666667, 43.29546453
34.2333333333, 43.29546453
34.2333333333, 43.29546453
34.2666666667, 1
34.4666666667, 0.00500285986609
34.6333333333, 5.97594354147e-09
34.8, 0.30668895276
34.9, 0.30668895276
34.9, 0.30668895276
34.9333333333, 0.0234987041223
35.1, 1
35.1333333333, 1
35.4333333333, 200
35.5666666667, 0.00579427357637
35.8666666667, 200
35.9, 200
35.9333333333, 200
35.9333333333, 200
35.9666666667, 200
36.0666666667, 0.0237938525043
36.0666666667, 0.0237938525043
36.1333333333, 0.0237938525043
36.3333333333, 49.4829696705
36.4, 0.0135122959476
36.4, 0.0135122959476
36.7333333333, 87.1772143609
37.0, 0.00182055772006
37.4666666667, 179.218098259
37.4666666667, 179.218098259
37.5, 179.218098259
37.5666666667, 182.901450963
37.5666666667, 182.901450963
37.6, 200
37.9, 0.134759846154
37.9666666667, 121.089080359
37.9666666667, 121.089080359
38.0, 121.089080359
38.0666666667, 0.675516395643
38.2, 13.6089497604
38.2, 13.6089497604
38.4333333333, 20.6897225299
38.4333333333, 20.6897225299
38.4333333333, 1
38.5333333333, 1
38.7333333333, 41.9578896444
39.0666666667, 0.0529217693026
39.0666666667, 0.0529217693026
39.0666666667, 0.0529217693026
39.1, 0.0155747618771
39.1666666667, 0.0155747618771
39.3, 23.6056909528
39.4333333333, 129.16407032
39.4333333333, 186.9518424
39.4333333333, 186.9518424
39.4666666667, 23.6056909528
39.4666666667, 0.0345254592795
39.5666666667, 0.225084018847
39.6666666667, 71.6234065512
39.6666666667, 71.6234065512
39.8333333333, 1
39.9, 0.0230790021332
40.0333333333, 102.883733348
40.0333333333, 18.6051886137
40.0333333333, 102.883733348
40.1333333333, 1
40.2333333333, 200
40.2666666667, 1
40.3666666667, 0.000406349658478
40.6, 0.000406349658478
40.7333333333, 200
40.9333333333, 102.075695709
40.9333333333, 102.075695709
40.9666666667, 102.075695709
41.0, 200
41.2, 56.2628813671
41.2, 56.2628813671
41.3, 1
41.3666666667, 56.2628813671
41.7666666667, 1
41.9, 0.0184838992413
41.9333333333, 0.0184838992413
42.2666666667, 0.412777324415
42.2666666667, 93.2860261959
42.5, 200
42.8333333333, 200
43.3333333333, 200
43.3333333333, 1
43.3666666667, 1
43.4666666667, 196.034119322
43.4666666667, 196.034119322
43.4666666667, 196.034119322
43.7, 200
43.7666666667, 129.265326099
43.8333333333, 11.9005201969
44.0, 105.980570571
44.0333333333, 105.980570571
44.5666666667, 19.8240194137
44.6, 19.8240194137
44.6, 19.8240194137
44.6, 3.18789566857e-09
45.0333333333, 1
45.0666666667, 27.6601633851
45.1, 43.5863039561
45.1666666667, 0.00106836631495
45.2, 0.00106836631495
45.6, 94.9277879135
45.7666666667, 0.127585070197
46.1333333333, 200
46.1333333333, 0.295408797614
46.2, 125.107918131
46.2333333333, 125.107918131
46.3, 0.187577823888
46.6333333333, 0.00158933977433
46.6666666667, 0.00158933977433
46.7333333333, 0.00158933977433
46.8333333333, 37.2678055406
46.8666666667, 0.647324266889
46.9, 0.647324266889
47.0333333333, 200
47.1, 1
47.1, 1
47.3333333333, 1
47.4, 105.857685012
47.5666666667, 5.27462301414e-14
47.6666666667, 101.572419049
48.1666666667, 0.0511138490962
48.2, 0.0511138490962
48.3666666667, 200
48.4, 200
48.6333333333, 1
48.7333333333, 1
48.8333333333, 1
48.8666666667, 1
49.1333333333, 1
49.2666666667, 0.0502357416266
49.3666666667, 1
49.4, 1
49.4333333333, 1
49.4333333333, 1
49.4666666667, 200
49.4666666667, 200
49.5, 1
49.5, 1
49.5333333333, 10.8898147513
49.5333333333, 1
49.5666666667, 200
50.3, 1
50.3333333333, 1
50.6, 0.0849587503967
50.6333333333, 0.063302709276
50.6666666667, 0.063302709276
51.1666666667, 1
51.3, 135.698032491
51.6666666667, 1
51.7333333333, 200
51.7333333333, 0.479774648873
51.7666666667, 0.479774648873
51.7666666667, 0.479774648873
51.8666666667, 129.054741846
51.9, 1.20184432317e-07
52.1, 0.0120075575154
52.1, 0.0120075575154
52.3333333333, 1
52.4666666667, 200
53.0, 88.9945508539
53.3666666667, 0.00237694131395
53.4666666667, 109.283412357
53.5, 109.283412357
53.5333333333, 109.283412357
53.5666666667, 109.283412357
53.6333333333, 27.239987628
53.6333333333, 27.239987628
53.7333333333, 0.406374304288
53.8333333333, 0.377309218273
53.9333333333, 0.377309218273
54.0, 81.8596502308
54.0, 81.8596502308
54.0333333333, 81.8596502308
54.0666666667, 61.2400044905
54.0666666667, 61.2400044905
54.1, 125.084088393
54.1333333333, 61.2400044905
54.3666666667, 1.92018339717e-15
54.4, 1
55.0666666667, 11.9689096878
55.0666666667, 5.99603530169e-08
55.2, 0.447492902919
55.2666666667, 15.3030330342
55.2666666667, 9.49434973968
55.3, 0.0925745249632
55.3333333333, 0.0925745249632
55.4, 0.223827213732
56.2, 0.129264598584
56.4, 0.0364558881509
56.6, 0.000315567276611
56.6666666667, 200
56.7, 0.0235715590955
56.7333333333, 0.000315567276611
56.8333333333, 1
57.0333333333, 1
57.0666666667, 1
57.0666666667, 0.00764684223252
57.0666666667, 1
57.3333333333, 43.8890524113
57.3333333333, 1
57.6, 200
57.6333333333, 0.35576700893
57.7, 110.791789679
57.9666666667, 0.0136568818897
58.6666666667, 200
59.0, 0.0162443095384
59.0333333333, 6.51835839689
59.0333333333, 6.51835839689
59.1666666667, 3.59621486703e-10
59.2, 128.564734631
59.2333333333, 128.564734631
59.7, 115.386056227
59.8, 115.386056227
60.1333333333, 200
60.8, 0.141163211975
60.9, 0.141163211975
61.0, 168.242060944
61.1666666667, 200
61.2, 200
61.6666666667, 0.0596426092534
61.7333333333, 0.105563616891
62.0333333333, 200
62.2, 200
62.2666666667, 184.097635538
62.4333333333, 143.500383429
62.5, 200
62.6333333333, 0.0208257969436
62.8333333333, 0.422200415988
63.2, 200
63.2333333333, 200
63.4, 1
63.5, 182.494876313
63.5333333333, 182.494876313
63.5666666667, 182.494876313
63.5666666667, 182.494876313
63.7, 200
63.7666666667, 182.494876313
64.3333333333, 0.000198794074668
64.3666666667, 110.854310873
64.5, 0.0127493134222
64.5333333333, 0.0127493134222
64.5666666667, 0.0127493134222
64.6333333333, 0.488060521587
65.3666666667, 0.0110312840132
65.3666666667, 0.0110312840132
65.5333333333, 0.152153355099
65.5333333333, 0.152153355099
65.5333333333, 0.152153355099
65.5666666667, 0.0570061503977
65.6333333333, 0.152153355099
65.7666666667, 0.0570061503977
65.8333333333, 0.67663640996
65.9, 0.67663640996
66.0666666667, 122.495144402
66.2, 1
66.5666666667, 0.186301142031
66.6333333333, 133.10633708
66.6333333333, 133.10633708
67.3666666667, 173.65740137
67.4333333333, 173.65740137
67.6, 200
67.7, 138.640413973
67.7666666667, 79.7630446688
68.0, 200
68.0333333333, 200
68.1, 152.043771092
68.2, 1
68.2333333333, 152.043771092
68.2666666667, 152.043771092
68.8333333333, 0.163880381027
68.8333333333, 0.163880381027
68.9666666667, 0.673993298088
69.0, 184.27094236
69.1, 0.673993298088
69.1, 0.673993298088
69.1333333333, 0.135237682675
69.4, 0.135237682675
69.4666666667, 0.135237682675
69.5333333333, 18.1876850007
69.6666666667, 0.169326267695
69.6666666667, 0.169326267695
69.7, 0.169326267695
69.9666666667, 31.8328301684
70.2333333333, 0.276193866183
70.3, 1
70.3333333333, 26.6985823844
70.6, 0.00210591289415
70.7333333333, 34.9204708581
70.7666666667, 0.475225048325
70.8, 200
71.0, 59.924882325
71.1, 2.74412124147e-08
71.2333333333, 0.745989567334
71.4, 48.7598972373
72.3666666667, 200
72.4666666667, 65.9217097141
72.5666666667, 1
72.6, 200
72.6, 1
72.9333333333, 82.2444339126
72.9333333333, 82.2444339126
73.4, 1
73.5, 149.238466066
73.5666666667, 74.6715821793
73.6, 200
73.6, 200
73.8, 31.8211032921
73.8, 31.8211032921
73.9666666667, 0.21402508159
74.2, 0.38059732578
74.2333333333, 0.38059732578
74.7, 0.216243984421
74.7, 0.216243984421
75.0666666667, 177.134682091
75.1, 177.134682091
75.1666666667, 200
75.4, 200
75.5, 176.183640955
75.5, 187.824024181
75.6, 187.824024181
75.6333333333, 187.824024181
75.7, 200
76.5666666667, 19.8471552784
76.7333333333, 191.399470355
76.7666666667, 0.384593648726
76.7666666667, 0.0456468907005
77.0, 75.4240458433
77.1333333333, 0.0975620594867
77.1333333333, 0.0975620594867
77.1666666667, 0.0975620594867
77.2, 0.0975620594867
77.6333333333, 1
77.6333333333, 38.3628817949
77.6333333333, 38.3628817949
77.6333333333, 185.162074631
77.7, 38.3628817949
77.7666666667, 38.3628817949
77.7666666667, 38.3628817949
78.2666666667, 53.2556122404
78.4333333333, 168.85381355
78.4333333333, 59.189091554
78.4666666667, 59.189091554
78.4666666667, 59.189091554
78.4666666667, 1
78.4666666667, 59.189091554
78.7333333333, 0.171989846016
78.8, 0.0246082055475
78.8666666667, 119.048120653
78.9, 119.048120653
78.9333333333, 119.048120653
79.1, 119.048120653
79.1, 119.048120653
79.1666666667, 0.125013464835
79.4, 200
79.7333333333, 1
79.8666666667, 0.0145775572855
80.1333333333, 0.19513084825
80.1333333333, 200
80.7, 1
80.9, 65.628222993
81.3666666667, 1
81.5, 1
81.7, 147.768070663
81.7333333333, 0.890816930609
81.7666666667, 0.890816930609
81.8666666667, 176.490972485
82.1666666667, 132.604144518
82.2, 0.00240443625897
82.2333333333, 6.19532004995e-09
82.4666666667, 0.068307603385
83.0666666667, 0.0010243425254
83.4, 0.764383111933
83.4333333333, 0.0608119136914
83.4666666667, 0.000201746132273
83.4666666667, 0.000201746132273
83.7, 0.13136413822
83.7333333333, 0.13136413822
83.8, 1
83.8333333333, 1
83.8333333333, 200
83.8666666667, 200
83.8666666667, 125.493165416
83.8666666667, 1
83.9, 125.493165416
83.9333333333, 125.493165416
83.9333333333, 125.493165416
84.0666666667, 0.272964348456
84.3666666667, 0.0344041835281
84.5, 76.1969948311
84.5666666667, 139.940981402
84.7333333333, 1
85.0666666667, 0.377985496127
85.2, 0.311999275456
85.2, 0.311999275456
85.2, 0.311999275456
85.3, 157.906652525
85.3, 157.906652525
85.4666666667, 136.453788606
85.4666666667, 136.453788606
85.5, 200
85.9, 200
86.2, 47.2149876874
86.2333333333, 1
86.2666666667, 1
86.3333333333, 1
86.4, 1
86.9666666667, 108.651075109
87.0, 108.651075109
87.0333333333, 5.43214394268
87.0666666667, 5.43214394268
87.0666666667, 5.43214394268
87.1333333333, 200
87.1666666667, 5.43214394268
87.2333333333, 0.118959135239
87.2333333333, 0.118959135239
87.3666666667, 200
87.5, 52.140074814
87.8, 1.48457925432e-35
87.8, 1.48457925432e-35
87.8333333333, 1
87.9666666667, 1
88.2333333333, 1
88.3666666667, 0.192696933408
88.8, 0.0819373045398
88.8333333333, 0.0819373045398
88.8333333333, 191.070337567
88.9, 0.0819373045398
88.9333333333, 0.0819373045398
89.0333333333, 0.0819373045398
89.3, 57.1629827988
89.3333333333, 57.1629827988
89.3333333333, 57.1629827988
89.3666666667, 1
89.3666666667, 1
89.5, 0.120443270497
89.5333333333, 1
89.7, 0.139957797252
89.7333333333, 0.139957797252
89.9, 115.236742741
89.9333333333, 119.4775833
90.0666666667, 119.4775833
90.1, 119.4775833
90.1333333333, 115.236742741
90.2333333333, 113.515641858
90.4, 200
90.4333333333, 1
90.4333333333, 200
90.6666666667, 1
90.7333333333, 200
91.0, 1.25850568553
91.0666666667, 1.25850568553
91.1, 1.25850568553
91.3, 0.0065797713175
91.5666666667, 177.634929962
91.7666666667, 1
91.8333333333, 1
91.9333333333, 0.172266480658
92.2, 0.0994604553476
92.4333333333, 23.2993462487
92.4666666667, 7.68441117744
92.5666666667, 0.0416077458813
92.6, 200
92.7, 200
92.7333333333, 200
92.7666666667, 200
92.7666666667, 0.850358366059
92.8666666667, 0.165964563417
92.9, 0.850358366059
92.9666666667, 1
92.9666666667, 0.41291156257
93.0333333333, 200
93.2, 65.221914033
93.2, 65.221914033
93.2333333333, 200
93.2666666667, 65.221914033
93.3333333333, 200
93.3666666667, 200
93.4333333333, 89.0873300461
93.4333333333, 200
93.4666666667, 89.0873300461
93.5, 65.221914033
93.5333333333, 0.0223899591929
93.6666666667, 200
93.7666666667, 1
93.7666666667, 0.0273581162853
93.8333333333, 1
93.8333333333, 1
94.0, 200
94.1333333333, 200
94.1666666667, 200
94.4666666667, 186.516903758
94.5666666667, 186.516903758
94.7666666667, 0.574460296375
94.8333333333, 1
94.9, 1
95.1, 194.773865263
95.2333333333, 1
95.3333333333, 141.546469627
95.8333333333, 200
95.8666666667, 200
95.9333333333, 200
95.9666666667, 1
96.0333333333, 1
96.0333333333, 200
96.0333333333, 200
96.1, 1
96.1333333333, 1
96.2333333333, 200
96.5, 0.634108145148
96.9666666667, 128.957745012
96.9666666667, 128.957745012
97.0, 0.0703331401373
97.0, 0.0703331401373
97.0, 128.957745012
97.1333333333, 0.0526498837555
97.1666666667, 133.460313095
97.1666666667, 133.460313095
97.4333333333, 78.8510958648
97.4333333333, 102.81652854
97.7333333333, 200
97.7666666667, 4.59257657957e-06
97.8, 200
97.9, 28.9858665022
97.9666666667, 114.216901927
98.0, 83.3222688626
98.0333333333, 83.3222688626
98.0666666667, 83.3222688626
98.1, 83.3222688626
98.1, 83.3222688626
98.1, 1
98.3333333333, 0.012271357022
98.5666666667, 130.787491047
98.7, 99.3905174625
98.7, 0.0093306080558
99.0333333333, 1
99.0666666667, 1
99.1333333333, 13.6283396982
99.2, 200
99.2, 1
99.2666666667, 200
99.3333333333, 1
99.4666666667, 200
99.5, 200
99.5, 200
99.5666666667, 197.737427442
99.6, 200
99.7, 197.737427442
99.8, 5.65296024241e-05
99.8333333333, 5.65296024241e-05
99.8333333333, 5.65296024241e-05
99.8333333333, 1
99.9666666667, 1
100.0, 1
100.066666667, 0.522158449966
100.1, 1
100.133333333, 8.18776169112
100.333333333, 0.000363004932587
100.5, 1
100.566666667, 0.123558540782
100.9, 8.79804344914
101.133333333, 200
101.166666667, 0.130606090477
101.433333333, 0.260551258001
101.666666667, 0.120792498755
101.766666667, 0.120792498755
102.5, 1
102.533333333, 1
102.566666667, 200
102.566666667, 200
102.8, 165.138612088
102.866666667, 1
103.233333333, 60.5668224437
103.3, 60.5668224437
103.466666667, 60.5668224437
103.466666667, 60.5668224437
103.466666667, 36.2370932458
103.5, 1.07358873291e-08
103.566666667, 137.354030147
103.733333333, 0.0243068147425
103.966666667, 200
104.0, 200
104.033333333, 200
104.166666667, 0.539041366244
104.2, 0.137037834529
104.3, 0.0203077536576
104.333333333, 0.0203077536576
104.7, 136.583114945
104.733333333, 144.12268689
104.833333333, 1
105.133333333, 168.516727773
105.2, 200
105.3, 27.6626160055
105.333333333, 0.00227072519172
105.366666667, 0.00227072519172
105.366666667, 0.00227072519172
105.466666667, 200
105.7, 0.142271788889
105.7, 0.142271788889
105.866666667, 172.035656119
105.9, 172.035656119
105.9, 172.035656119
105.9, 200
105.933333333, 200
106.0, 200
106.033333333, 200
106.033333333, 93.6243135734
106.1, 0.0387469121027
106.166666667, 1
106.233333333, 0.000355805752999
106.233333333, 181.116161274
106.233333333, 181.116161274
106.266666667, 200
106.3, 200
106.333333333, 0.584858882289
106.4, 150.699664034
106.633333333, 1
107.133333333, 0.174540330497
107.266666667, 44.9102965381
107.966666667, 1.14314576374e-05
107.966666667, 1.14314576374e-05
108.0, 0.353933185755
108.5, 200
108.533333333, 200
108.533333333, 54.0154744867
108.566666667, 1
108.6, 0.19130384495
108.733333333, 37.8426228311
108.833333333, 200
108.833333333, 200
108.866666667, 1
108.9, 200
108.966666667, 1
109.366666667, 200
109.566666667, 21.3627180476
109.766666667, 0.0627681015253
109.766666667, 0.250030733662
109.833333333, 0.250030733662
109.9, 0.250030733662
109.933333333, 200
110.0, 200
110.066666667, 200
110.1, 200
110.466666667, 89.0530524258
110.5, 89.0530524258
110.633333333, 1
111.133333333, 16.8278397398
111.133333333, 16.8278397398
111.166666667, 16.8278397398
111.2, 16.8278397398
111.3, 1
111.333333333, 1
111.333333333, 200
111.366666667, 1
111.9, 116.458398361
111.9, 116.458398361
111.933333333, 164.048121952
111.933333333, 164.048121952
111.966666667, 179.817563915
112.1, 164.048121952
112.133333333, 181.71200171
112.2, 164.048121952
112.5, 200
112.633333333, 200
112.766666667, 143.744788846
112.766666667, 143.744788846
112.8, 143.744788846
112.8, 1
112.866666667, 1
113.266666667, 0.0417425072583
113.566666667, 200
113.7, 0.000285676429182
113.7, 0.259965544219
113.733333333, 0.0752224168738
113.733333333, 0.0752224168738
114.333333333, 1
114.366666667, 1
114.566666667, 0.031654310625
114.766666667, 0.0208931525789
114.833333333, 200
114.866666667, 8.79403497481
114.933333333, 0.205764642154
115.1, 0.205764642154
115.166666667, 0.492317496199
115.466666667, 93.4800757547
115.5, 93.994556365
115.533333333, 200
115.566666667, 200
115.633333333, 0.0672698765721
115.733333333, 200
115.933333333, 1
115.966666667, 1
116.3, 0.0974554446332
116.3, 0.0974554446332
116.366666667, 1.89630651634e-06
116.4, 1.89630651634e-06
116.433333333, 0.0974554446332
116.8, 11.1462646334
116.833333333, 3.06071413601e-05
116.933333333, 0.0453994895697
116.966666667, 200
117.066666667, 0.0453994895697
117.166666667, 41.4887265221
117.2, 23.6247298174
117.2, 23.6247298174
117.3, 1
117.366666667, 1
117.4, 41.4887265221
117.433333333, 51.7758352241
117.466666667, 179.588239884
117.5, 51.7758352241
117.533333333, 0.0539645208738
117.6, 112.390828724
117.633333333, 112.390828724
117.7, 0.507439716978
118.133333333, 0.507439716978
118.333333333, 200
118.333333333, 200
118.366666667, 200
118.4, 1
118.6, 1
118.733333333, 200
118.766666667, 1
118.766666667, 200
118.8, 200
118.8, 200
118.866666667, 40.3779940535
118.866666667, 40.3779940535
118.966666667, 40.3779940535
119.0, 40.3779940535
119.2, 0.00191353841948
119.3, 84.6083049508
119.6, 0.102180571072
119.833333333, 1
119.833333333, 200
119.933333333, 1
120.2, 190.065538205
120.366666667, 1
120.5, 68.0773456787
120.566666667, 68.0773456787
120.666666667, 1
120.7, 1
120.7, 1
120.833333333, 6.67780289697e-48
120.933333333, 192.48231046
121.0, 192.48231046
121.133333333, 1
121.166666667, 1
121.233333333, 0.288518947789
121.266666667, 0.27783320835
121.366666667, 50.2672089434
121.366666667, 50.2672089434
121.466666667, 0.611222570822
121.5, 50.2672089434
121.533333333, 53.565743658
121.8, 0.611222570822
121.8, 124.765641211
121.833333333, 124.765641211
122.066666667, 1
122.066666667, 1
122.266666667, 96.6878221691
122.3, 3.13733556169e-09
122.3, 200
123.0, 0.0408408590472
123.133333333, 179.042439117
123.2, 1
123.333333333, 0.335602259286
123.333333333, 0.335602259286
123.4, 0.335602259286
123.566666667, 29.3170003986
123.566666667, 29.3170003986
123.6, 29.3170003986
123.7, 200
123.733333333, 200
123.9, 50.9547722221
123.9, 50.9547722221
123.966666667, 0.338016178008
124.0, 0.338016178008
124.133333333, 72.5354287221
124.266666667, 92.4726673516
124.3, 92.4726673516
124.3, 92.4726673516
124.833333333, 0.319474500868
124.966666667, 0.127118359241
125.3, 0.0144209199325
125.333333333, 0.0405262465505
125.5, 74.9328560692
125.933333333, 0.470666579968
126.066666667, 21.4321013015
126.2, 0.0992572293115
126.3, 2.96743547142e-13
126.466666667, 1
126.5, 200
126.6, 1
127.1, 200
127.166666667, 1
127.2, 1
127.466666667, 22.1418838969
127.5, 185.188412256
127.533333333, 76.7334959643
127.533333333, 76.7334959643
127.566666667, 22.1418838969
127.733333333, 0.0390942540068
127.766666667, 177.325970252
127.8, 177.325970252
127.933333333, 0.283385164988
127.933333333, 0.283385164988
128.033333333, 200
128.033333333, 0.283385164988
128.2, 1
128.233333333, 69.9854323447
128.3, 1
128.333333333, 1
128.366666667, 69.9854323447
128.633333333, 1
128.766666667, 0.098672841296
128.766666667, 0.098672841296
128.766666667, 0.098672841296
128.8, 0.00213009607706
128.866666667, 118.170020027
128.966666667, 3.6222347461
129.166666667, 112.337369001
129.233333333, 139.33171268
129.366666667, 1
129.733333333, 39.6888130664
130.033333333, 0.144110186341
130.133333333, 200
130.166666667, 1
130.166666667, 200
130.233333333, 1
130.3, 200
130.466666667, 0.0728977856324
130.566666667, 0.0329765996939
130.8, 1
130.8, 60.3328518916
130.8, 1
130.833333333, 0.0376065674831
130.9, 0.0376065674831
130.933333333, 66.4988330725
131.0, 0.115734333097
131.133333333, 0.118548035741
131.166666667, 200
131.166666667, 200
131.2, 5.77544349664e-27
131.233333333, 1
131.333333333, 0.815188187096
131.566666667, 130.899444853
131.933333333, 0.00639177900058
132.4, 1
132.533333333, 1
132.7, 1
132.766666667, 200
132.833333333, 142.605591928
132.833333333, 0.112702332319
132.9, 0.112702332319
133.3, 139.60576394
133.633333333, 0.00726057157446
133.733333333, 200
133.8, 132.993559484
133.8, 77.5315330413
133.8, 132.993559484
133.8, 132.993559484
133.966666667, 0.302133980177
134.0, 1
134.066666667, 2.58901225389
134.6, 102.751527318
135.1, 199.468246759
135.166666667, 0.0963293786786
135.2, 169.210895348
135.2, 1
135.233333333, 0.112202993511
135.3, 0.112202993511
135.333333333, 1
135.366666667, 1
135.433333333, 0.00017313589863
135.433333333, 0.00017313589863
135.533333333, 200
135.566666667, 0.0203012290484
135.633333333, 0.413865269293
135.666666667, 0.413865269293
135.666666667, 200
135.7, 0.00290739556168
135.8, 4.93085977055e-31
135.833333333, 4.93085977055e-31
135.866666667, 4.93085977055e-31
136.0, 107.534699579
136.0, 114.369385595
136.1, 107.534699579
136.433333333, 1.1911135976e-61
136.5, 1
136.533333333, 189.951202949
136.533333333, 189.951202949
137.033333333, 200
137.233333333, 1
137.3, 77.6667566568
137.333333333, 0.626988074936
137.4, 0.626988074936
137.433333333, 0.626988074936
137.5, 105.932636933
137.5, 0.227783874234
137.7, 200
137.8, 0.0609990764707
138.1, 168.373976856
138.366666667, 0.202387839752
138.566666667, 1
138.6, 0.0791398706903
138.633333333, 0.0791398706903
138.666666667, 0.245425077087
138.766666667, 124.12887047
138.8, 124.12887047
138.8, 124.12887047
138.866666667, 67.9812247517
138.866666667, 200
138.966666667, 200
139.0, 68.1667095937
139.4, 0.116303879404
139.566666667, 70.334715571
139.933333333, 200
140.0, 0.167669475749
140.066666667, 120.905216574
140.166666667, 200
140.2, 200
140.333333333, 1
140.5, 1
140.766666667, 200
140.766666667, 103.418639989
140.8, 103.418639989
140.966666667, 189.896198306
140.966666667, 189.896198306
141.166666667, 0.000497727203492
141.166666667, 0.000497727203492
141.166666667, 0.000497727203492
141.3, 50.729408675
141.3, 1
141.433333333, 200
141.5, 0.308341357736
142.0, 10.1138603058
142.133333333, 200
142.266666667, 200
142.466666667, 185.587292115
142.766666667, 11.7452808458
143.166666667, 0.0968899249277
143.166666667, 61.8778271167
143.4, 3.97565019252e-06
143.433333333, 3.97565019252e-06
143.866666667, 117.438501014
143.9, 0.745928941064
143.9, 0.745928941064
143.9, 117.438501014
143.9, 0.745928941064
144.166666667, 132.434344495
144.166666667, 132.434344495
144.233333333, 103.292398322
144.3, 0.000281675800404
144.366666667, 0.000281675800404
144.433333333, 200
144.833333333, 64.3972586749
145.133333333, 200
145.366666667, 0.0977737723738
145.533333333, 131.119448932
145.6, 1
145.633333333, 0.60570377072
145.666666667, 0.60570377072
145.933333333, 1.04264019984e-12
146.033333333, 0.40413987005
146.133333333, 0.40413987005
146.333333333, 149.74890661
146.333333333, 1
146.5, 0.688248391429
146.533333333, 0.688248391429
146.566666667, 0.688248391429
146.633333333, 0.177354302485
146.7, 0.000273874018789
146.9, 154.695736294
146.933333333, 1
146.966666667, 1
146.966666667, 49.5295862766
147.033333333, 49.5295862766
147.1, 1
147.1, 0.0663560127151
147.166666667, 1
147.166666667, 0.00305553034198
147.233333333, 0.00305553034198
147.266666667, 0.00305553034198
147.3, 1
147.6, 90.0331662335
147.933333333, 0.249758228155
148.1, 1
148.1, 1
148.333333333, 0.339628357228
148.4, 0.339628357228
148.433333333, 0.231668683268
148.466666667, 100.477819939
148.566666667, 200
148.566666667, 31.315596251
148.6, 200
148.6, 200
148.7, 103.317801222
148.7, 103.317801222
148.733333333, 31.315596251
148.866666667, 146.394101621
148.933333333, 146.394101621
148.966666667, 34.1546867571
149.3, 0.418599234925
149.366666667, 200
149.633333333, 1
149.633333333, 1
150.033333333, 200
150.066666667, 200
150.1, 0.000192639780871
150.3, 133.447640451
150.3, 133.447640451
150.333333333, 133.447640451
150.366666667, 0.515999118393
150.366666667, 0.515999118393
150.4, 133.447640451
150.466666667, 0.515999118393
150.566666667, 99.1254861922
151.133333333, 200
151.166666667, 200
151.3, 0.372754070532
151.533333333, 199.006791419
151.733333333, 0.152131437841
151.733333333, 0.0155017458522
151.733333333, 0.152131437841
151.8, 0.0448799295025
151.966666667, 2.67964579273
152.166666667, 8.54354966645
152.166666667, 8.54354966645
152.266666667, 8.54354966645
152.4, 200
152.433333333, 0.47073731249
152.6, 0.47073731249
152.6, 0.47073731249
153.0, 0.584313930545
153.1, 0.532039752648
153.133333333, 0.167380577955
153.2, 0.167380577955
153.2, 0.167380577955
153.233333333, 1
153.333333333, 95.1157436107
153.433333333, 31.1133951595
153.466666667, 31.1133951595
153.466666667, 31.1133951595
153.533333333, 200
153.566666667, 1
153.933333333, 0.209855874793
154.033333333, 0.0239743711907
154.266666667, 196.527224924
154.333333333, 0.00106430085789
154.433333333, 41.97012457
154.633333333, 0.179464646426
155.033333333, 27.9462841817
155.033333333, 27.9462841817
155.066666667, 27.9462841817
155.133333333, 27.9462841817
155.2, 169.272830476
155.233333333, 0.445558546452
155.266666667, 0.445558546452
155.3, 0.445558546452
155.433333333, 0.000654139776118
155.666666667, 97.525452145
155.733333333, 200
155.933333333, 1
155.966666667, 0.24300401041
155.966666667, 0.24300401041
156.033333333, 0.00120574634437
156.066666667, 0.0470284159616
156.1, 0.00120574634437
156.2, 1
156.233333333, 1
156.266666667, 1
156.266666667, 1
156.3, 200
156.333333333, 1
156.5, 27.9110658001
156.533333333, 50.5026156416
156.566666667, 50.5026156416
156.566666667, 50.5026156416
156.6, 50.5026156416
156.633333333, 50.088949281
156.666666667, 130.4889193
156.8, 60.5993617179
156.833333333, 60.5993617179
156.9, 60.5993617179
156.933333333, 56.3265576972
156.966666667, 56.3265576972
157.0, 56.3265576972
157.1, 0.00729210116418
157.266666667, 60.5993617179
157.433333333, 195.180114242
157.833333333, 0.402177837521
157.933333333, 200
158.3, 0.433713892731
158.333333333, 0.433713892731
158.433333333, 1
158.5, 200
158.566666667, 200
158.666666667, 1
158.733333333, 126.970037128
158.8, 1
158.933333333, 126.970037128
158.933333333, 1
158.933333333, 1
159.0, 200
159.066666667, 1
159.266666667, 1
159.366666667, 43.2933119248
159.433333333, 43.2933119248
159.5, 43.2933119248
159.533333333, 43.2933119248
159.566666667, 70.3606590856
159.633333333, 47.6023379508
159.633333333, 47.6023379508
159.633333333, 200
159.633333333, 47.6023379508
159.666666667, 0.00287374769106
159.766666667, 200
159.766666667, 200
160.066666667, 200
160.066666667, 200
160.1, 1
160.1, 200
160.266666667, 200
160.3, 186.306229576
160.3, 186.306229576
160.3, 186.306229576
160.6, 182.431339508
160.7, 0.00475672683584
160.7, 28.9400612257
160.733333333, 0.00475672683584
160.766666667, 0.00475672683584
161.133333333, 200
161.266666667, 0.00942970601011
161.266666667, 0.00942970601011
161.266666667, 0.00942970601011
161.366666667, 0.0154104726646
161.4, 0.0154104726646
161.566666667, 0.0950599402208
161.566666667, 0.0950599402208
161.633333333, 7.165763733
161.666666667, 143.889924143
162.0, 1
162.033333333, 3.33195692524
162.066666667, 0.826274009323
162.266666667, 0.338213636143
162.366666667, 0.173552359332
162.5, 200
162.533333333, 67.2182607593
162.633333333, 200
162.966666667, 1
163.066666667, 1.42972533596e-08
163.133333333, 1.42972533596e-08
164.033333333, 8.2604537988
164.133333333, 181.063123439
164.133333333, 181.063123439
164.3, 200
164.4, 0.102099466516
164.4, 0.102099466516
164.466666667, 0.102099466516
164.466666667, 200
164.5, 0.0228295124362
164.533333333, 0.0228295124362
164.733333333, 200
164.766666667, 1
164.766666667, 1
164.8, 1
164.866666667, 1
164.966666667, 1
164.966666667, 11.9229702649
165.0, 1
165.033333333, 1
165.033333333, 1
165.1, 1
165.133333333, 1
165.166666667, 1
165.233333333, 1
165.266666667, 1
165.266666667, 1
165.333333333, 200
165.566666667, 176.136914744
165.6, 1
165.633333333, 176.136914744
165.7, 1
165.733333333, 33.5998540237
165.833333333, 33.5998540237
165.833333333, 33.5998540237
165.833333333, 1
166.033333333, 1
166.066666667, 0.526559246441
166.466666667, 135.968397798
166.9, 200
167.1, 200
167.133333333, 55.1140690509
167.166666667, 128.014070834
167.333333333, 0.482279369414
167.333333333, 0.482279369414
167.366666667, 0.482279369414
167.566666667, 1
167.866666667, 10.1865464663
167.9, 10.1865464663
167.933333333, 200
168.0, 178.444568731
168.0, 178.444568731
168.233333333, 0.117014279977
168.233333333, 0.148851666281
168.4, 0.143664502564
168.8, 1
169.133333333, 64.8052694472
169.233333333, 0.278563563536
169.233333333, 0.278563563536
169.233333333, 64.8052694472
169.233333333, 55.0443330955
169.266666667, 0.278563563536
169.3, 55.0443330955
169.5, 64.8052694472
169.666666667, 0.318714423737
169.866666667, 1
169.866666667, 0.000254428809735
170.466666667, 1
170.466666667, 1
170.5, 1
170.766666667, 199.070627135
170.8, 199.070627135
170.833333333, 200
170.9, 45.7984957193
171.033333333, 156.837002585
171.166666667, 0.166055836262
171.2, 0.166055836262
171.2, 0.166055836262
171.233333333, 0.132342610219
171.533333333, 200
171.6, 0.0146418251123
171.633333333, 0.0146418251123
171.666666667, 200
171.766666667, 1
171.8, 1
171.933333333, 1
172.066666667, 200
172.066666667, 1
172.1, 39.1494768276
172.1, 39.1494768276
172.1, 39.1494768276
172.2, 200
172.3, 200
172.633333333, 0.170122317402
172.666666667, 0.0280241543726
172.833333333, 0.614192380149
172.866666667, 1
172.9, 21.5095896515
172.933333333, 178.721277024
173.0, 178.721277024
173.066666667, 1
173.133333333, 184.564210193
173.133333333, 1
173.2, 0.361579799374
173.3, 1
173.366666667, 1
174.0, 1
174.0, 200
174.033333333, 200
174.266666667, 0.172121089022
174.266666667, 0.172121089022
174.3, 0.172121089022
174.366666667, 0.132032336879
174.4, 0.172121089022
174.433333333, 0.0239347171638
174.466666667, 0.0239347171638
174.533333333, 53.838806224
174.566666667, 53.838806224
174.6, 1
174.6, 0.000972212141235
174.666666667, 0.000972212141235
174.766666667, 143.762502608
174.8, 143.762502608
174.8, 143.762502608
175.0, 200
175.1, 47.7808115258
175.433333333, 0.0037989954798
175.6, 0.175269785118
175.733333333, 0.291997853252
175.766666667, 0.291997853252
175.766666667, 0.291997853252
175.8, 0.291997853252
175.8, 0.291997853252
175.833333333, 0.291997853252
175.866666667, 0.291997853252
176.0, 0.215267362003
176.133333333, 0.189542419592
176.2, 173.089821712
176.433333333, 0.0577585967476
176.533333333, 0.00191166565402
176.8, 55.6289586289
176.833333333, 55.6289586289
176.833333333, 55.6289586289
176.833333333, 55.6289586289
176.866666667, 168.423537043
176.9, 168.423537043
176.9, 168.423537043
176.933333333, 13.536554507
176.933333333, 13.536554507
176.966666667, 13.536554507
176.966666667, 1
176.966666667, 1
176.966666667, 159.438279107
177.033333333, 1
177.033333333, 0.00453369458052
177.066666667, 0.00453369458052
177.066666667, 0.00453369458052
177.2, 56.9408984533
177.333333333, 0.00241919527562
177.333333333, 200
177.333333333, 200
177.466666667, 200
177.466666667, 200
177.9, 200
177.966666667, 86.5647945495
178.0, 0.0813406510005
178.033333333, 0.0813406510005
178.2, 1
178.4, 200
178.6, 1
178.633333333, 0.00568511231991
178.7, 0.00568511231991
178.866666667, 190.526895931
178.9, 190.526895931
178.9, 1
178.933333333, 1
179.0, 190.526895931
179.0, 1
179.033333333, 0.395946092365
179.166666667, 1
179.166666667, 200
179.2, 200
179.2, 1
179.666666667, 1
179.666666667, 1
179.666666667, 1
179.766666667, 25.7319906492
179.866666667, 136.274173494
179.866666667, 136.274173494
179.866666667, 136.274173494
179.9, 1
179.9, 200
180.033333333, 182.605533844
180.1, 200
180.3, 1
180.766666667, 0.0134700218747
180.9, 191.205166572
180.966666667, 1
181.1, 73.96084553
181.2, 83.4853713721
181.2, 83.4853713721
181.233333333, 83.4853713721
181.533333333, 0.0437709646067
181.733333333, 2.42531884414e-10
181.8, 2.42531884414e-10
181.833333333, 2.42531884414e-10
181.833333333, 2.42531884414e-10
182.033333333, 1
182.033333333, 1
182.066666667, 1
182.066666667, 200
182.233333333, 1
182.3, 200
182.433333333, 0.149643329334
182.766666667, 0.152156862335
182.8, 0.152156862335
182.866666667, 88.4587691883
182.866666667, 88.4587691883
182.9, 88.4587691883
182.933333333, 88.4587691883
182.966666667, 200
183.1, 0.0538348103889
183.1, 1
183.133333333, 1
183.133333333, 1
183.333333333, 1
183.566666667, 139.219714084
183.566666667, 1
183.6, 1.06687653532e-09
183.633333333, 200
184.033333333, 0.03628608348
184.066666667, 0.0385482425286
184.1, 0.03628608348
184.966666667, 42.9793084359
185.0, 0.411484538111
185.033333333, 0.411484538111
185.133333333, 0.00126643364613
185.166666667, 200
185.466666667, 1
185.533333333, 0.00747097602114
185.833333333, 0.309323201646
185.866666667, 0.309323201646
185.933333333, 0.00453287485557
185.966666667, 1.33672528956e-08
186.0, 1.33672528956e-08
186.166666667, 113.786494422
186.166666667, 0.083404402818
186.466666667, 0.000904677026553
186.733333333, 0.608819597096
186.733333333, 0.608819597096
186.8, 0.608819597096
187.166666667, 1
187.266666667, 11.0791219547
187.533333333, 0.386975546325
187.566666667, 0.386975546325
188.166666667, 46.6210236004
188.2, 46.6210236004
188.2, 46.6210236004
188.3, 63.9020883176
188.433333333, 0.000189383491138
188.466666667, 1
188.733333333, 186.417347933
188.866666667, 158.265223421
188.866666667, 158.265223421
188.866666667, 51.669184105
188.966666667, 0.0381435938212
189.066666667, 200
189.1, 100.125774616
189.166666667, 100.125774616
189.2, 1
189.233333333, 1
189.3, 1
189.5, 100.125774616
189.566666667, 1
189.733333333, 0.00624853668871
189.933333333, 0.000593477028418
189.933333333, 0.000593477028418
189.933333333, 0.000115752040277
189.966666667, 0.000398754391589
190.033333333, 0.435388012135
190.1, 0.435388012135
190.2, 148.624071527
190.2, 1.13849547308e-15
190.233333333, 1.13849547308e-15
190.5, 0.0278428742318
190.5, 0.0278428742318
190.566666667, 155.591734689
190.633333333, 155.591734689
190.633333333, 200
190.666666667, 0.216777951136
190.666666667, 200
190.666666667, 0.216777951136
190.7, 0.0925219415697
191.033333333, 29.9549932561
191.1, 29.9549932561
191.1, 29.9549932561
191.133333333, 200
191.133333333, 200
191.166666667, 0.368210186213
191.333333333, 0.307320758548
191.466666667, 200
191.466666667, 93.7861266178
191.5, 93.7861266178
191.5, 0.488289661666
191.666666667, 0.000309707984011
191.833333333, 143.816723939
191.9, 72.7682638438
192.3, 200
192.6, 200
192.833333333, 0.0311393892681
192.833333333, 1
192.833333333, 1
192.866666667, 200
192.9, 1
193.2, 143.802727632
193.233333333, 143.802727632
193.333333333, 143.802727632
193.566666667, 0.0343185098677
193.666666667, 14.5314999332
193.833333333, 200
194.066666667, 1
194.133333333, 1
194.5, 119.72281569
194.5, 119.72281569
194.5, 1
194.6, 1
194.633333333, 119.72281569
194.833333333, 1
194.9, 1
195.2, 200
195.366666667, 0.0235192558427
195.4, 0.135112383087
195.466666667, 0.135112383087
195.533333333, 200
195.633333333, 106.511414567
195.666666667, 145.400954254
195.666666667, 145.400954254
195.7, 145.400954254
195.7, 106.511414567
195.866666667, 11.9784435806
196.0, 200
196.133333333, 27.1789366935
196.133333333, 27.1789366935
196.366666667, 140.454474899
196.4, 140.454474899
196.7, 0.350480418261
196.733333333, 16.6908359883
196.9, 61.0801120527
196.933333333, 61.0801120527
196.933333333, 61.0801120527
197.0, 1
197.0, 8.56153393028
197.0, 1
197.0, 8.56153393028
197.2, 0.0253802789562
197.5, 148.930213316
198.1, 1.53038834592e-07
198.266666667, 1.53038834592e-07
198.333333333, 0.644736546046
198.666666667, 200
198.7, 1
198.733333333, 1
198.733333333, 1
198.933333333, 0.0452343703676
199.0, 155.009186752
199.2, 1
199.233333333, 1
199.266666667, 1
199.4, 1
199.466666667, 65.8732983367
199.666666667, 0.0118777843831
199.833333333, 176.766445772
199.866666667, 0.0485703033331
199.866666667, 0.0485703033331
199.933333333, 129.019630859
199.933333333, 129.019630859
199.966666667, 129.019630859
200.166666667, 129.019630859
200.2, 1
200.233333333, 0.13977478717
200.333333333, 0.193769741147
200.4, 1.64903388921e-05
200.433333333, 1.64903388921e-05
200.433333333, 1.64903388921e-05
200.433333333, 200
200.533333333, 0.193186338703
201.0, 0.317016454503
201.166666667, 71.14342832
201.166666667, 71.14342832
201.2, 71.14342832
201.233333333, 71.14342832
201.266666667, 71.14342832
201.266666667, 71.14342832
201.333333333, 71.14342832
201.333333333, 1
201.366666667, 0.04809577684
201.433333333, 0.04809577684
201.533333333, 1
201.533333333, 1
202.033333333, 120.184480465
202.066666667, 120.184480465
202.133333333, 120.184480465
202.133333333, 1
202.166666667, 200
202.333333333, 150.72783952
202.666666667, 0.0542763381915
202.7, 0.127612864564
202.766666667, 0.000131903704114
202.8, 0.127612864564
202.833333333, 0.127612864564
202.966666667, 1
203.066666667, 200
203.066666667, 200
203.133333333, 1
203.133333333, 1
203.2, 1
203.4, 1
203.466666667, 174.47163161
203.5, 174.47163161
203.533333333, 187.446715328
203.566666667, 187.446715328
203.566666667, 200
203.6, 187.446715328
203.666666667, 187.446715328
204.233333333, 45.1989751328
204.266666667, 0.0286179850239
204.333333333, 1
204.4, 45.1989751328
204.6, 0.127894234411
204.6, 45.1989751328
204.8, 0.127894234411
204.8, 0.00312058849726
204.866666667, 0.014537982845
205.166666667, 172.524595442
205.166666667, 0.0731899308032
205.2, 172.524595442
205.233333333, 172.524595442
205.3, 1
205.3, 1
205.333333333, 0.707152362967
205.5, 0.0503948830868
205.6, 1
205.633333333, 34.3979122325
205.633333333, 200
205.7, 34.3979122325
205.766666667, 200
206.2, 200
206.3, 1
206.366666667, 0.202495949939
206.366666667, 0.202495949939
206.4, 0.202495949939
206.533333333, 0.0373405637611
206.933333333, 106.623131567
207.033333333, 0.114990446632
207.266666667, 1
207.433333333, 88.1570699163
207.466666667, 88.1570699163
207.7, 200
207.7, 200
207.733333333, 34.8788976608
207.833333333, 200
208.133333333, 200
208.133333333, 200
208.166666667, 0.0833632229209
208.233333333, 155.284974994
208.333333333, 100.979182873
208.433333333, 200
208.566666667, 50.40009213
208.633333333, 58.5110924878
208.7, 0.296300362212
208.7, 0.296300362212
208.866666667, 1
209.0, 1
209.466666667, 190.483918482
209.566666667, 200
209.633333333, 134.683079205
209.9, 0.79370373173
210.0, 1.26055589787
210.033333333, 52.2233174658
210.1, 1.26055589787
210.266666667, 0.0332422237501
210.466666667, 0.316940737234
210.466666667, 0.117996698961
210.533333333, 0.316940737234
210.566666667, 0.117996698961
210.633333333, 0.284510488557
210.7, 0.316940737234
210.9, 23.4294714959
210.9, 23.4294714959
210.933333333, 23.4294714959
210.966666667, 0.119293843664
211.466666667, 0.0014447781895
211.7, 131.398043507
211.933333333, 5.43695137873
212.0, 0.268608735972
212.066666667, 0.0585478996092
212.133333333, 0.0165065241043
212.166666667, 0.0326955170077
212.633333333, 129.385958337
212.666666667, 129.385958337
212.833333333, 1.26022683321e-17
212.833333333, 200
212.866666667, 200
212.9, 1.26022683321e-17
213.133333333, 1
213.5, 187.958613377
213.533333333, 187.958613377
213.6, 0.0402024303806
213.633333333, 200
213.833333333, 200
214.033333333, 193.066759463
214.033333333, 193.066759463
214.366666667, 133.755047444
214.366666667, 133.755047444
214.4, 200
214.666666667, 1
214.7, 1
214.866666667, 200
214.9, 200
214.933333333, 200
215.066666667, 200
215.166666667, 83.3740514702
215.166666667, 83.3740514702
215.266666667, 0.0288351778801
215.266666667, 0.0288351778801
215.433333333, 200
215.5, 1
215.833333333, 200
215.933333333, 0.740079421168
216.066666667, 0.740079421168
216.2, 2.30826709546e-07
216.366666667, 3.79339887237e-06
216.466666667, 200
216.6, 1
216.633333333, 197.393114429
216.7, 200
216.8, 197.393114429
216.9, 197.393114429
216.933333333, 200
217.066666667, 0.0606229108555
217.066666667, 0.0606229108555
217.066666667, 0.0329790518914
217.1, 0.0606229108555
217.133333333, 119.77301198
217.166666667, 119.77301198
217.2, 119.77301198
217.333333333, 0.28550623337
217.5, 0.235472304984
217.533333333, 0.235472304984
217.566666667, 197.907153912
217.633333333, 200
217.733333333, 200
217.733333333, 0.00080602386767
217.9, 0.159898832488
218.0, 1
218.066666667, 122.971461876
218.133333333, 96.0941948988
218.3, 103.12218992
218.366666667, 103.12218992
218.366666667, 103.12218992
218.4, 103.12218992
218.9, 200
218.933333333, 200
219.0, 200
219.066666667, 200
219.366666667, 0.000201326974448
219.4, 0.166478083173
219.4, 0.516502953435
219.566666667, 44.0153843648
219.766666667, 1
219.766666667, 1
219.866666667, 1
220.1, 46.1406998148
220.1, 46.1406998148
220.133333333, 1
220.166666667, 1
220.2, 46.1406998148
220.266666667, 1
220.266666667, 1
220.3, 0.048342574813
220.3, 0.048342574813
220.333333333, 0.0156512242787
220.366666667, 0.048342574813
220.6, 102.625950978
220.8, 190.79495548
220.933333333, 0.466993789327
220.966666667, 0.466993789327
220.966666667, 0.466993789327
221.233333333, 1.45788668732
221.233333333, 1.45788668732
221.266666667, 200
221.3, 195.191664884
221.3, 1.45788668732
221.333333333, 195.191664884
221.366666667, 142.490692796
221.366666667, 0.0893921447914
221.566666667, 1
221.7, 0.187905836725
221.766666667, 0.0192326954505
221.9, 116.114035657
222.166666667, 1.91607668008e-05
222.4, 200
222.666666667, 0.0290070471528
222.733333333, 0.767465599991
222.9, 64.5205621403
222.9, 64.5205621403
222.933333333, 64.5205621403
222.966666667, 64.5205621403
222.966666667, 64.5205621403
223.533333333, 0.173115555074
223.833333333, 0.746815262316
224.166666667, 128.4046865
224.233333333, 0.0627796553997
224.266666667, 0.0627796553997
224.3, 0.0627796553997
224.3, 0.059789108774
224.566666667, 200
224.8, 88.1096151561
224.833333333, 2.94797829331
224.866666667, 0.0345597395907
224.933333333, 0.0345597395907
225.1, 0.0219511132711
225.2, 200
225.233333333, 0.000159801059215
225.3, 0.0148660524243
225.366666667, 0.00155017676812
225.5, 84.3997213209
225.533333333, 96.939888086
225.533333333, 0.0267482946195
225.6, 92.7733455168
225.633333333, 0.0267482946195
226.166666667, 193.563367022
226.533333333, 99.0541145447
226.6, 0.0114965657809
226.7, 90.5613835381
226.766666667, 11.3657391766
226.833333333, 11.3657391766
226.833333333, 0.0635654758953
226.966666667, 1
227.033333333, 200
227.066666667, 63.9864100272
227.166666667, 20.3849029766
227.2, 20.3849029766
227.333333333, 152.462737861
227.433333333, 160.628842729
227.8, 30.25141482
227.966666667, 0.00586191760246
228.066666667, 0.111794230712
228.433333333, 153.743369227
228.6, 200
228.666666667, 200
228.666666667, 200
228.7, 53.3577608358
228.733333333, 45.3306702347
228.733333333, 45.3306702347
228.866666667, 0.0982706495111
229.2, 1.59927495696e-07
229.266666667, 123.516696043
229.366666667, 200
229.9, 200
230.166666667, 0.267718129063
230.266666667, 200
230.3, 200
230.366666667, 200
230.566666667, 85.1807792132
230.566666667, 85.1807792132
230.633333333, 1
230.833333333, 199.975620897
230.933333333, 1
230.966666667, 1
231.033333333, 1
231.1, 1
231.166666667, 200
231.266666667, 1
231.266666667, 0.00414809948139
231.266666667, 0.00414809948139
231.3, 0.00414809948139
231.366666667, 4.81385350893e-07
231.5, 46.1998195347
231.533333333, 0.0288165312081
231.666666667, 1
231.866666667, 0.369595696789
231.9, 0.0160436520093
231.9, 0.0160436520093
232.0, 0.000571652407752
232.066666667, 0.000571652407752
232.066666667, 0.000571652407752
232.1, 0.182868193527
232.1, 0.000571652407752
232.266666667, 75.9494588066
232.333333333, 0.393401442357
232.366666667, 189.442983786
232.433333333, 189.442983786
232.5, 166.031059569
232.533333333, 166.031059569
232.7, 71.4112320572
232.866666667, 1
232.866666667, 33.1310417672
232.933333333, 33.1310417672
232.933333333, 1
233.066666667, 91.3411656906
233.1, 180.724394571
233.1, 200
233.433333333, 0.00386100544278
233.466666667, 200
233.733333333, 0.0203416884071
233.733333333, 0.0203416884071
233.766666667, 200
234.433333333, 119.863083528
234.433333333, 0.0182915536667
234.466666667, 0.0182915536667
234.466666667, 0.0844237272479
234.666666667, 52.5756718298
234.666666667, 52.5756718298
234.7, 77.0819673217
234.7, 77.0819673217
234.7, 1
234.733333333, 77.0819673217
234.766666667, 77.0819673217
234.766666667, 1
234.833333333, 77.0819673217
234.9, 1
234.933333333, 1
235.2, 105.49964956
235.4, 0.0719858993303
235.4, 0.0719858993303
235.633333333, 125.839360403
235.7, 200
235.866666667, 200
236.4, 1
236.4, 1
236.433333333, 109.472598982
236.566666667, 63.6690103436
236.633333333, 0.394118341167
236.666666667, 1
236.833333333, 0.655956981483
236.933333333, 0.0620643893576
236.933333333, 200
237.266666667, 0.584080041621
237.4, 48.4228614771
237.433333333, 48.4228614771
237.433333333, 48.4228614771
237.533333333, 200
237.766666667, 200
237.8, 200
237.9, 1
237.933333333, 0.393001452635
238.033333333, 125.364357299
238.266666667, 170.656308788
238.366666667, 0.00140921228398
238.4, 0.00140921228398
238.466666667, 62.2165758546
238.466666667, 98.3182281417
238.466666667, 98.3182281417
238.5, 200
238.5, 98.3182281417
238.833333333, 1
238.866666667, 1
238.866666667, 200
238.9, 200
239.0, 100.622987818
239.033333333, 106.911050454
239.1, 200
239.166666667, 1
239.166666667, 1
239.2, 0.558547381639
239.4, 0.395778533959
239.566666667, 0.19306317173
239.633333333, 0.495199808912
239.966666667, 1
239.966666667, 1
240.033333333, 129.56600385
240.066666667, 200
240.133333333, 0.0177506253334
240.333333333, 0.14552571018
240.366666667, 0.000232262829084
240.433333333, 135.150960524
240.5, 200
240.533333333, 135.150960524
240.6, 200
240.633333333, 1
240.633333333, 1
240.7, 0.00275482497108
240.766666667, 0.015559885324
241.066666667, 0.0112859058069
241.233333333, 0.0112859058069
241.3, 138.856448987
241.366666667, 0.0434095504426
241.5, 0.072296042874
241.5, 0.072296042874
241.833333333, 0.0109726345948
241.866666667, 0.0109726345948
241.966666667, 0.247988445027
242.133333333, 200
242.233333333, 195.949128656
242.3, 200
242.433333333, 115.063605258
242.733333333, 0.610176562496
242.766666667, 0.610176562496
242.866666667, 0.327915201543
242.966666667, 0.0361975536924
243.233333333, 38.4018940608
243.266666667, 38.4018940608
243.266666667, 0.0353689741103
243.3, 27.5349995547
243.633333333, 0.234425116225
243.733333333, 42.0188819552
243.866666667, 0.00706928840664
243.866666667, 33.2767098568
243.966666667, 0.256715295794
244.2, 97.2651731585
244.4, 0.545857435167
244.433333333, 1
244.566666667, 1
244.6, 1
244.6, 200
244.633333333, 200
244.666666667, 200
244.733333333, 200
244.733333333, 1
245.266666667, 0.00911068547212
245.333333333, 200
245.433333333, 87.7893055518
245.533333333, 64.1157174444
245.566666667, 64.1157174444
245.566666667, 64.1157174444
245.666666667, 68.5376004142
245.666666667, 87.7893055518
245.8, 68.5376004142
245.833333333, 0.0812534048262
245.866666667, 162.357532531
245.9, 162.357532531
245.9, 0.00182547923929
245.933333333, 200
245.933333333, 200
245.966666667, 4.11070227896e-11
246.133333333, 72.6443551644
246.133333333, 72.6443551644
246.2, 0.442678599767
246.3, 102.296506059
246.9, 200
247.0, 200
247.133333333, 200
247.133333333, 200
247.233333333, 1
247.366666667, 35.9057392997
247.533333333, 35.9057392997
247.633333333, 0.0322893674117
247.833333333, 0.407520005393
247.866666667, 0.407520005393
247.9, 81.1281846972
247.9, 81.1281846972
247.933333333, 0.407520005393
248.0, 81.1281846972
248.033333333, 0.407520005393
248.233333333, 0.305620829265
248.333333333, 1
248.8, 15.9882659549
249.033333333, 15.9882659549
249.066666667, 74.6613498419
249.2, 15.9882659549
249.233333333, 0.155973616101
249.3, 37.610954484
249.466666667, 144.638575943
249.5, 1
249.8, 182.839737721
249.966666667, 57.3761776385
250.833333333, 1
250.833333333, 1
250.866666667, 1
250.866666667, 1
250.866666667, 0.580231121378
250.933333333, 0.349280623177
251.166666667, 4.58103178727e-05
251.233333333, 4.58103178727e-05
251.4, 1
251.4, 1
251.766666667, 84.8430194121
251.833333333, 200
251.866666667, 7.25342787698
251.9, 7.25342787698
252.533333333, 200
252.666666667, 6.82419380415e-05
252.666666667, 6.82419380415e-05
252.666666667, 200
252.733333333, 6.82419380415e-05
252.766666667, 1
252.766666667, 1
252.866666667, 1
253.033333333, 136.911870135
253.3, 1.17365597646e-09
253.4, 1
253.466666667, 0.694058589593
253.566666667, 9.81975733208
253.666666667, 9.81975733208
253.733333333, 0.0447746705976
253.833333333, 198.737593599
253.966666667, 19.9515438461
254.0, 19.9515438461
254.133333333, 200
254.166666667, 69.1466746942
254.166666667, 200
254.2, 200
254.3, 1
254.366666667, 97.1791199377
254.366666667, 97.1791199377
254.4, 0.305098661589
254.433333333, 0.305098661589
254.466666667, 0.305098661589
254.5, 0.305098661589
254.5, 0.305098661589
254.633333333, 0.304785481791
254.733333333, 200
255.133333333, 1.80647036143e-05
255.133333333, 15.4459690873
255.3, 0.166323238567
255.333333333, 0.166323238567
255.333333333, 200
255.366666667, 0.166323238567
255.366666667, 0.560727436213
255.4, 200
255.466666667, 177.712041529
255.7, 200
255.733333333, 200
255.8, 200
255.8, 1
256.033333333, 106.143096904
256.166666667, 200
256.266666667, 95.4019265381
256.333333333, 95.4019265381
256.7, 200
256.866666667, 126.611217514
256.966666667, 200
256.966666667, 200
256.966666667, 200
257.1, 200
257.266666667, 0.10650155217
257.5, 0.139074047722
257.533333333, 0.0166474936206
257.566666667, 2.46028354499e-84
257.566666667, 0.139074047722
257.7, 0.139074047722
257.7, 0.0966630335678
257.833333333, 0.0966630335678
258.0, 0.204111875633
258.033333333, 0.204111875633
258.033333333, 169.893270609
258.066666667, 0.204111875633
258.066666667, 0.190764230659
258.466666667, 0.0162923090045
258.533333333, 0.0162923090045
258.6, 154.88654951
258.766666667, 1
258.966666667, 99.2341895754
258.966666667, 99.2341895754
259.033333333, 99.2341895754
259.033333333, 99.2341895754
259.1, 99.2341895754
259.166666667, 200
259.5, 99.9120569951
259.533333333, 200
259.666666667, 1
259.7, 1
259.733333333, 1
259.9, 1
260.166666667, 9.36756344682e-05
260.233333333, 117.040645232
260.266666667, 117.040645232
260.3, 1
260.466666667, 8.91567983834e-06
260.533333333, 158.490346885
260.566666667, 158.490346885
260.6, 0.0162167157095
260.733333333, 200
260.766666667, 200
260.766666667, 128.085456409
260.8, 128.085456409
260.8, 200
260.866666667, 200
260.933333333, 128.085456409
260.933333333, 0.379415906015
261.066666667, 119.222933553
261.2, 0.312929026461
261.2, 0.312929026461
261.2, 0.0465441297346
261.3, 0.312929026461
261.3, 0.312929026461
261.4, 200
261.533333333, 200
261.566666667, 0.0654557665707
261.6, 0.0654557665707
261.766666667, 0.0241411849379
261.8, 0.0241411849379
262.466666667, 106.554779672
262.5, 106.554779672
262.533333333, 100.158416062
262.533333333, 100.158416062
262.566666667, 17.8273193737
262.566666667, 17.8273193737
262.633333333, 39.7908961448
262.7, 39.7908961448
263.166666667, 0.0222180148146
263.233333333, 0.524920168146
263.233333333, 0.524920168146
263.266666667, 0.221724817387
263.433333333, 200
263.566666667, 1
263.566666667, 0.149315480706
263.6, 0.149315480706
263.6, 0.149315480706
263.733333333, 0.149315480706
264.133333333, 46.6750560258
264.666666667, 12.069938201
264.7, 12.069938201
264.733333333, 12.069938201
265.1, 200
265.166666667, 200
265.2, 194.137668212
265.366666667, 134.213983635
265.366666667, 134.213983635
265.366666667, 90.6822520078
265.4, 90.6822520078
265.4, 1
265.4, 90.6822520078
265.4, 90.6822520078
265.8, 1.65886562101e-07
265.8, 1.65886562101e-07
265.866666667, 200
265.9, 0.141783395764
266.0, 1
266.066666667, 200
266.2, 0.027655475788
266.233333333, 0.027655475788
266.266666667, 29.8138569943
266.366666667, 0.195785219246
266.433333333, 0.195785219246
266.466666667, 1
266.5, 1
266.5, 1
266.933333333, 179.300968728
266.933333333, 200
266.966666667, 1
267.2, 125.982500978
267.233333333, 125.982500978
267.366666667, 125.982500978
267.4, 1
267.633333333, 195.86335045
267.733333333, 200
268.1, 200
268.2, 1
268.333333333, 200
268.4, 1
268.5, 1
268.533333333, 1
268.7, 200
268.733333333, 200
269.0, 162.869254318
269.4, 1
269.433333333, 1
269.533333333, 165.587089838
269.666666667, 0.477208530711
269.7, 0.477208530711
269.8, 1
269.966666667, 200
269.966666667, 0.158084458227
269.966666667, 0.158084458227
270.266666667, 97.2143403117
270.3, 97.2143403117
270.3, 1
270.333333333, 97.2143403117
270.666666667, 158.67206652
270.833333333, 0.0142216964437
270.9, 0.164004837519
271.366666667, 0.121921519528
271.4, 47.3001860196
271.433333333, 0.121921519528
271.433333333, 0.121921519528
271.5, 0.121921519528
271.566666667, 0.000691207437991
271.8, 0.000691207437991
271.966666667, 1
271.966666667, 200
272.0, 1
272.0, 1
272.166666667, 1
272.2, 0.00232691536679
272.233333333, 0.00232691536679
272.266666667, 0.00232691536679
272.4, 1
272.533333333, 140.469907557
272.633333333, 0.0491255220536
272.8, 1
272.833333333, 2.435257838e-50
273.366666667, 0.0297911314045
273.4, 0.00714852621823
273.566666667, 0.173387758086
273.633333333, 0.00135002885239
274.1, 1
274.5, 1
274.6, 103.416588887
274.633333333, 103.416588887
274.766666667, 200
275.066666667, 200
275.366666667, 199.857903803
275.4, 199.857903803
275.5, 20.054824352
275.666666667, 135.947384555
275.733333333, 140.605618592
275.966666667, 0.0769664304072
276.0, 6.62837399945e-05
276.133333333, 144.899652917
276.133333333, 144.899652917
276.166666667, 1
276.2, 144.899652917
276.533333333, 0.207329126695
276.633333333, 7.26710752042e-18
276.8, 0.532850904025
276.833333333, 0.420864536597
277.033333333, 1
277.133333333, 0.0147690533149
277.266666667, 0.00438224951567
277.6, 1
277.633333333, 1
277.633333333, 1
277.966666667, 0.00255618914735
278.066666667, 0.170867268029
278.9, 0.659241962823
279.1, 0.573817361232
279.133333333, 0.573817361232
279.133333333, 130.645799917
279.3, 1
279.333333333, 200
279.4, 200
279.433333333, 1
279.9, 0.0119424754201
280.2, 3.78066269719e-11
280.266666667, 3.78066269719e-11
280.3, 26.6746483005
280.5, 169.921890745
280.5, 169.921890745
280.533333333, 196.704058891
280.566666667, 196.704058891
280.733333333, 0.0514363802103
280.766666667, 200
280.8, 200
280.9, 144.013433526
280.9, 200
280.933333333, 144.013433526
280.966666667, 144.013433526
280.966666667, 144.013433526
281.0, 63.2179956618
281.0, 0.265531789172
281.266666667, 0.0236845078468
281.266666667, 0.401906344956
281.3, 0.401906344956
281.7, 200
281.7, 200
281.733333333, 0.151080141659
282.3, 1
282.366666667, 200
282.433333333, 1
282.466666667, 1
282.533333333, 1
282.866666667, 1
283.133333333, 1
283.2, 134.665790742
283.333333333, 0.201014580559
283.633333333, 64.6291733248
283.666666667, 64.6291733248
283.7, 102.528978015
283.766666667, 102.528978015
283.766666667, 102.528978015
283.766666667, 102.528978015
283.8, 102.528978015
283.8, 0.646997633837
283.833333333, 8.02488165132e-09
283.9, 102.528978015
283.966666667, 166.596671519
284.066666667, 0.0595641772347
284.433333333, 200
284.766666667, 0.0170078205677
284.9, 200
284.933333333, 108.199794131
284.933333333, 0.470928008635
285.0, 0.470928008635
285.066666667, 0.00657729574959
285.1, 200
285.2, 66.6679796869
285.233333333, 66.6679796869
285.266666667, 1
285.266666667, 1
285.933333333, 0.323215940111
286.1, 0.0792128227796
286.1, 0.17470224489
286.366666667, 0.258632138916
286.366666667, 0.258632138916
286.433333333, 3.25349718689e-11
286.466666667, 200
286.466666667, 200
286.566666667, 200
286.633333333, 3.25349718689e-11
286.666666667, 200
286.666666667, 1
286.666666667, 1
286.7, 200
286.7, 200
286.7, 1
286.9, 115.249251941
286.933333333, 115.249251941
286.966666667, 115.249251941
286.966666667, 0.48429109446
287.233333333, 19.6910721195
287.233333333, 0.0923322572106
287.266666667, 19.6910721195
287.366666667, 115.249251941
287.566666667, 200
287.7, 1
287.833333333, 81.2415645805
287.833333333, 1.88649535138e-22
287.866666667, 1.88649535138e-22
287.866666667, 1.88649535138e-22
287.966666667, 200
288.033333333, 200
288.033333333, 1.88649535138e-22
288.066666667, 200
288.1, 168.381149972
288.1, 168.381149972
288.166666667, 168.381149972
288.166666667, 0.7687084732
288.2, 0.7687084732
288.233333333, 0.350144659931
288.266666667, 0.350144659931
288.366666667, 46.3924798713
288.533333333, 1.88649535138e-22
288.566666667, 1.88649535138e-22
288.566666667, 200
288.666666667, 1.88649535138e-22
288.766666667, 200
288.766666667, 200
289.033333333, 7.34185237138e-05
289.233333333, 0.0985506260007
290.2, 1
290.3, 1
290.3, 1
290.366666667, 200
290.8, 1
291.3, 0.0305572435329
291.633333333, 1
291.9, 0.0190917573623
292.0, 200
292.166666667, 0.330688784394
292.233333333, 0.330688784394
292.333333333, 57.0564620159
292.566666667, 200
292.566666667, 0.0456690149311
292.566666667, 0.0456690149311
292.833333333, 200
292.833333333, 200
292.9, 0.037349605784
292.933333333, 0.749384724786
293.0, 95.6203043301
293.233333333, 0.000445996668734
293.366666667, 0.676818419588
293.4, 0.676818419588
293.466666667, 0.676818419588
293.5, 38.3253994637
293.6, 1
293.933333333, 66.8502816111
294.133333333, 0.549749850592
294.133333333, 111.087846182
294.233333333, 1
294.266666667, 18.3604146239
294.333333333, 18.3604146239
294.366666667, 0.366676827686
294.433333333, 0.279019951697
294.433333333, 0.366676827686
294.466666667, 0.279019951697
294.866666667, 0.0883321235888
295.2, 0.000188119392267
295.6, 160.17986701
295.633333333, 160.17986701
295.766666667, 89.8669448277
295.766666667, 89.8669448277
295.866666667, 1
296.133333333, 200
296.233333333, 0.22723719297
296.433333333, 0.00234281525431
296.733333333, 1
296.866666667, 1
296.9, 1
296.966666667, 1
297.0, 200
297.133333333, 57.7005262145
297.166666667, 57.7005262145
297.266666667, 57.7005262145
297.3, 1
297.4, 0.132972648901
297.533333333, 1
297.533333333, 200
297.733333333, 97.5643838114
298.033333333, 0.20392248828
298.033333333, 0.20392248828
298.066666667, 0.00679699079215
298.066666667, 0.00679699079215
298.1, 0.00679699079215
298.233333333, 200
298.266666667, 200
298.333333333, 200
298.4, 1
298.433333333, 200
298.666666667, 200
298.7, 116.599184373
298.7, 116.599184373
298.733333333, 116.599184373
298.733333333, 200
299.0, 159.611273689
299.1, 1
299.666666667, 6.64884826841
299.9, 0.000533525917429
300.533333333, 200
300.633333333, 158.362557193
300.766666667, 1
300.766666667, 10.8518412967
300.8, 10.8518412967
300.8, 200
301.033333333, 0.00561030360676
301.066666667, 16.4036839638
301.366666667, 200
301.366666667, 200
301.466666667, 4.49516937963e-05
301.766666667, 200
301.9, 5.71069752688e-11
301.933333333, 5.71069752688e-11
302.1, 0.641647906157
302.233333333, 0.641647906157
302.433333333, 1
302.533333333, 0.386210637286
302.566666667, 0.386210637286
302.566666667, 200
302.633333333, 0.270638148918
302.7, 0.0736590996488
302.733333333, 200
302.8, 200
303.5, 171.387398284
303.666666667, 88.2322291051
304.066666667, 0.329840793817
304.066666667, 0.314470726521
304.2, 0.314711446219
304.3, 200
304.3, 200
304.333333333, 0.0999906013931
304.466666667, 112.942771658
304.566666667, 1
304.833333333, 200
304.933333333, 0.70027196618
305.0, 0.70027196618
305.0, 1
305.1, 72.9871553159
305.2, 153.381634774
305.2, 153.381634774
305.266666667, 153.381634774
305.3, 17.2351198371
305.333333333, 17.2351198371
305.433333333, 17.2351198371
305.6, 144.332949849
305.6, 144.332949849
305.6, 144.332949849
305.666666667, 1
305.766666667, 1
306.9, 0.235909563872
307.0, 120.548000202
307.0, 120.548000202
307.033333333, 120.548000202
307.4, 1
307.4, 0.234501466563
307.466666667, 200
307.466666667, 200
307.5, 0.00398732645344
307.533333333, 0.00398732645344
307.566666667, 38.5248586178
307.733333333, 200
307.766666667, 200
307.833333333, 200
307.966666667, 1
308.1, 200
308.233333333, 200
308.466666667, 0.225324407329
308.533333333, 0.164646939388
308.666666667, 1
308.833333333, 0.0481451936305
308.9, 104.59497604
308.966666667, 1
309.066666667, 176.335840125
309.066666667, 176.335840125
309.1, 200
309.133333333, 1
309.133333333, 200
309.166666667, 200
309.166666667, 200
309.333333333, 1
309.7, 0.100849649997
309.7, 200
309.933333333, 1
309.966666667, 1
310.033333333, 1
310.033333333, 0.0488080479629
310.133333333, 0.0360023675342
310.166666667, 0.0360023675342
310.166666667, 0.0360023675342
310.2, 0.0360023675342
310.3, 0.0360023675342
310.433333333, 0.492939629098
310.733333333, 1.86947616551e-05
311.033333333, 1
311.066666667, 1
311.533333333, 0.391212957357
311.533333333, 0.391212957357
311.633333333, 0.391212957357
311.7, 200
311.7, 1
311.833333333, 25.9907351149
312.033333333, 0.452658555569
312.033333333, 0.452658555569
312.066666667, 200
312.133333333, 100.89077568
312.133333333, 0.260439554281
312.233333333, 17.8209729563
312.266666667, 17.8209729563
312.3, 100.89077568
312.333333333, 0.110440718234
312.5, 0.0520374744929
312.5, 0.0520374744929
312.5, 0.0520374744929
312.766666667, 1
312.8, 200
312.833333333, 1.97958909822e-13
312.866666667, 0.525867508273
313.3, 0.600829995678
313.533333333, 0.0230539667996
313.533333333, 0.0230539667996
313.566666667, 0.0230539667996
313.833333333, 1
314.0, 1
314.033333333, 125.959279989
314.133333333, 1
314.3, 0.0843408847022
314.366666667, 178.181046051
314.633333333, 56.2159093386
314.666666667, 56.2159093386
314.7, 1
314.766666667, 1
314.966666667, 0.0291157542559
314.966666667, 61.8965849126
315.033333333, 0.0291157542559
315.066666667, 0.0291157542559
315.133333333, 199.202545458
315.333333333, 0.0473710953727
315.633333333, 0.546020125815
315.666666667, 0.512228713422
315.833333333, 83.7136472627
315.866666667, 10.1214771991
316.0, 100.666767398
316.033333333, 100.666767398
316.033333333, 200
316.066666667, 100.666767398
316.066666667, 100.666767398
316.1, 200
316.133333333, 200
316.133333333, 100.666767398
316.2, 0.736046290386
316.466666667, 200
316.666666667, 200
316.733333333, 0.0432605965378
316.8, 0.0432605965378
316.8, 200
316.9, 134.735569599
317.033333333, 86.9027236578
317.1, 86.9027236578
317.1, 86.9027236578
317.133333333, 27.4211293551
317.166666667, 17.6548221619
317.2, 17.6548221619
317.366666667, 27.1764562419
317.5, 17.6548221619
318.0, 103.855611757
318.166666667, 1
318.2, 1
318.2, 1
318.333333333, 36.6600602935
318.366666667, 36.6600602935
318.366666667, 11.1908325407
318.4, 11.1908325407
318.4, 200
318.466666667, 200
318.533333333, 24.9805956752
318.533333333, 24.9805956752
318.7, 0.015640316145
318.733333333, 0.015640316145
318.733333333, 0.015640316145
318.766666667, 0.015640316145
319.133333333, 1
319.233333333, 119.558333486
319.266666667, 119.558333486
319.266666667, 119.558333486
319.366666667, 1
319.466666667, 1
319.466666667, 1
319.466666667, 1
319.533333333, 172.333912341
319.633333333, 102.180177465
320.166666667, 200
320.4, 1
320.433333333, 129.437671387
320.433333333, 129.437671387
320.466666667, 129.437671387
320.533333333, 129.437671387
320.533333333, 129.437671387
320.6, 155.9641631
320.6, 1
320.733333333, 155.9641631
321.033333333, 1
321.633333333, 115.017344233
321.733333333, 200
321.733333333, 200
321.766666667, 165.784439252
321.8, 165.784439252
321.833333333, 165.784439252
321.866666667, 200
322.0, 0.0453443333258
322.433333333, 0.0188435498069
322.466666667, 0.0188435498069
322.733333333, 16.0302352308
322.9, 0.302893713606
323.066666667, 1
323.133333333, 200
323.133333333, 200
323.2, 200
323.533333333, 200
323.6, 200
323.733333333, 200
324.666666667, 0.26340743945
324.733333333, 130.030525697
324.8, 200
324.966666667, 1
325.0, 1
325.066666667, 1
325.133333333, 1
325.133333333, 1
325.366666667, 0.171233006377
325.633333333, 200
325.633333333, 200
325.666666667, 1
325.666666667, 200
325.666666667, 200
325.766666667, 1
325.8, 0.0419803124503
325.933333333, 127.831110956
325.966666667, 127.831110956
325.966666667, 200
326.1, 127.831110956
326.133333333, 0.113220432253
326.266666667, 70.6989634643
326.366666667, 0.1265360796
326.366666667, 0.1265360796
326.4, 0.1265360796
326.433333333, 0.1265360796
326.566666667, 2.00039725236e-05
326.566666667, 0.373369506049
326.6, 0.373369506049
326.9, 200
327.066666667, 130.920351163
327.133333333, 130.920351163
327.233333333, 134.5027797
327.333333333, 3.62099996968e-07
327.333333333, 3.62099996968e-07
327.366666667, 1
327.533333333, 1
327.533333333, 189.229936053
327.6, 0.107921971368
327.633333333, 56.414506589
328.133333333, 1
328.2, 1
328.3, 0.123301694607
328.333333333, 200
328.366666667, 1
328.5, 97.2200266495
328.6, 0.153762305059
328.766666667, 1
328.833333333, 13.6349829943
328.9, 13.6349829943
329.566666667, 94.9524998007
329.7, 0.158110663582
329.766666667, 0.158110663582
329.8, 123.859170004
329.833333333, 123.859170004
329.833333333, 123.859170004
329.866666667, 0.35817945152
329.966666667, 1
330.1, 143.316190854
330.133333333, 143.316190854
330.266666667, 159.028681065
330.3, 159.028681065
330.533333333, 0.102454409225
330.533333333, 0.102454409225
330.566666667, 0.102454409225
330.7, 0.140349515442
330.733333333, 0.140349515442
330.766666667, 1
330.933333333, 2.57152696094
331.033333333, 133.063150201
331.066666667, 133.063150201
331.266666667, 0.0485322546754
331.266666667, 34.0848644205
331.333333333, 0.200197087924
331.366666667, 0.200197087924
331.4, 0.189541814552
331.433333333, 0.189541814552
331.6, 0.000334002257055
331.8, 115.169956274
332.0, 1
332.1, 200
332.1, 200
332.1, 99.4297840949
332.133333333, 99.4297840949
332.2, 0.00167891424441
332.5, 67.5787042107
332.533333333, 0.0122920503466
332.566666667, 1
332.7, 1
332.833333333, 64.5555492794
333.0, 64.5555492794
333.2, 1
333.233333333, 1
333.233333333, 1
333.266666667, 200
333.333333333, 117.81402352
333.333333333, 117.81402352
333.366666667, 117.81402352
333.4, 117.81402352
333.466666667, 1
333.566666667, 0.63799024167
333.966666667, 155.637698461
334.1, 179.916626245
334.1, 179.916626245
334.133333333, 179.916626245
334.166666667, 200
334.233333333, 200
334.266666667, 191.504032197
334.3, 0.34532979211
334.3, 0.34532979211
334.3, 0.34532979211
334.433333333, 122.021005728
334.5, 0.0215039202885
334.566666667, 0.0215039202885
334.566666667, 0.0215039202885
334.733333333, 169.803198779
335.066666667, 1
335.1, 1
335.133333333, 200
335.233333333, 150.769222176
335.466666667, 137.55332242
335.566666667, 200
335.566666667, 1
335.833333333, 2.22335002669e-17
335.833333333, 2.22335002669e-17
335.9, 200
336.233333333, 0.250295502766
336.3, 31.4718543664
336.3, 0.550393970191
336.433333333, 46.4344507515
336.466666667, 184.36163672
336.5, 1
336.566666667, 1
336.633333333, 6.39836569704
336.633333333, 6.39836569704
336.7, 1
336.733333333, 1
336.733333333, 200
336.766666667, 200
336.8, 1
336.9, 9.27855506351e-09
336.933333333, 200
336.966666667, 200
337.2, 200
337.233333333, 200
337.333333333, 1.10353644928e-05
337.4, 1
337.4, 1
337.533333333, 200
337.866666667, 2.95448600518e-05
337.933333333, 1
338.0, 87.2260911036
338.0, 200
338.0, 200
338.066666667, 1
338.133333333, 200
338.166666667, 200
338.3, 1
338.433333333, 2.42554547135e-10
338.466666667, 2.42554547135e-10
338.466666667, 2.42554547135e-10
338.5, 2.42554547135e-10
338.5, 1
338.5, 1
338.533333333, 200
338.533333333, 157.551443086
338.6, 1
338.6, 4.58511417166
338.666666667, 4.58511417166
338.7, 157.551443086
338.866666667, 1
338.966666667, 200
339.166666667, 0.0629212528549
339.166666667, 0.0629212528549
339.266666667, 1
339.3, 1
339.3, 1
339.466666667, 200
339.6, 200
339.666666667, 1.41348929589e-08
339.733333333, 200
339.733333333, 0.115954575832
339.766666667, 0.115954575832
339.8, 0.115954575832
339.866666667, 0.0446225169677
339.933333333, 200
340.266666667, 200
340.533333333, 1
340.566666667, 0.106713651158
340.6, 99.8823370664
340.666666667, 1
340.666666667, 1
340.733333333, 200
340.733333333, 1
340.966666667, 0.00723017746288
341.0, 1
341.033333333, 0.234762454121
341.033333333, 0.234762454121
341.133333333, 0.0360742706331
341.166666667, 0.0360742706331
341.5, 0.155012340461
341.533333333, 0.155012340461
341.566666667, 0.0296384810297
341.7, 0.0296384810297
341.8, 0.0296384810297
342.3, 9.05421405836
342.566666667, 200
342.966666667, 1
343.066666667, 1
343.2, 34.5397461784
343.233333333, 34.5397461784
343.233333333, 34.5397461784
343.266666667, 33.5986113191
343.266666667, 0.0283462099807
343.366666667, 0.0283462099807
343.366666667, 2.41709088376e-06
343.4, 33.5986113191
343.6, 1
343.666666667, 1
343.733333333, 0.0136129263624
343.9, 200
344.033333333, 0.0325306761405
344.1, 92.6532105713
344.333333333, 1.12067526798e-06
344.333333333, 47.9608124893
344.366666667, 47.9608124893
344.366666667, 0.203303657251
344.6, 1
344.666666667, 0.05953114682
344.733333333, 0.00657647467474
345.066666667, 71.6346091234
345.133333333, 1
345.133333333, 1
345.4, 1
345.533333333, 0.217641690003
345.566666667, 0.217641690003
345.566666667, 0.217641690003
345.633333333, 184.735778273
346.033333333, 5.19993173397e-07
346.066666667, 5.19993173397e-07
346.466666667, 200
346.7, 3.28689113485e-11
346.733333333, 3.28689113485e-11
347.333333333, 34.8180581726
347.366666667, 134.154322633
347.4, 34.8180581726
347.533333333, 10.6174341319
348.0, 94.6761364556
348.066666667, 94.6761364556
348.366666667, 1
348.4, 1
348.466666667, 1
348.533333333, 200
348.633333333, 193.476770718
348.833333333, 1
349.3, 200
349.3, 200
349.4, 67.6655904164
349.433333333, 67.6655904164
349.433333333, 12.4959924163
349.433333333, 200
349.566666667, 12.4959924163
349.6, 134.835826332
349.666666667, 134.835826332
349.7, 200
349.733333333, 200
349.733333333, 0.30086072238
349.766666667, 200
349.966666667, 0.00665787820154
349.966666667, 0.00665787820154
350.033333333, 0.636384334599
350.066666667, 134.759769082
350.1, 0.636384334599
350.1, 134.759769082
350.1, 0.636384334599
350.433333333, 0.0245855150284
350.466666667, 0.0193304977501
350.5, 1
350.533333333, 1
350.733333333, 1
350.866666667, 200
350.9, 0.149023155776
350.933333333, 0.0159130107252
350.966666667, 200
351.066666667, 0.048456394782
351.233333333, 0.0737002221805
351.466666667, 172.753182386
351.533333333, 177.831449449
351.6, 200
351.833333333, 200
352.066666667, 200
352.266666667, 1
352.366666667, 200
352.466666667, 1
352.533333333, 38.9802655658
352.533333333, 200
352.566666667, 38.9802655658
352.633333333, 200
352.666666667, 38.9802655658
352.7, 0.195189353375
352.833333333, 132.045836943
353.1, 84.1910816281
353.166666667, 200
353.433333333, 0.0292377460928
353.466666667, 0.0371756090059
353.466666667, 2.33126303269
353.5, 0.0371756090059
353.9, 170.78831173
353.9, 170.78831173
353.966666667, 200
354.066666667, 59.9348506648
354.133333333, 34.3241444567
354.2, 200
354.366666667, 200
354.366666667, 200
354.4, 0.28996637153
354.433333333, 200
354.5, 1
354.566666667, 0.111087694124
354.666666667, 200
354.733333333, 0.0833851047721
355.0, 156.811811516
355.0, 0.000149384367258
355.0, 0.000149384367258
355.033333333, 0.000149384367258
355.066666667, 0.000149384367258
355.066666667, 0.000149384367258
355.2, 0.000149384367258
355.333333333, 0.446143306978
355.466666667, 0.013858121058
355.8, 0.0123644202229
355.833333333, 0.0123644202229
355.833333333, 0.00730121266289
355.966666667, 197.135351007
356.033333333, 6.07170165571e-10
356.1, 6.07170165571e-10
356.133333333, 6.07170165571e-10
356.166666667, 6.07170165571e-10
356.3, 1
356.633333333, 1
357.033333333, 90.9024975906
357.266666667, 0.550493581364
357.3, 199.525532372
357.333333333, 0.0143494270008
357.366666667, 0.0143494270008
357.4, 0.0174879046887
357.433333333, 0.0174879046887
357.566666667, 0.0205777528582
357.566666667, 0.0205777528582
357.6, 191.641712532
357.633333333, 191.641712532
357.7, 0.0205777528582
357.733333333, 0.0205777528582
357.833333333, 0.0205777528582
358.033333333, 174.747629125
358.3, 1
358.733333333, 168.143105602
358.8, 1
358.833333333, 200
358.833333333, 1
358.9, 1
359.1, 200
359.133333333, 0.0231727426381
359.2, 200
359.2, 200
359.2, 115.360155212
359.3, 26.7480699532
359.333333333, 6.13565539444e-05
359.466666667, 1
359.9, 151.91091853
359.9, 151.91091853
360.033333333, 0.0666773528474
360.066666667, 1
360.133333333, 200
360.2, 114.91584982
360.2, 114.91584982
360.3, 200
360.4, 23.7700393239
360.433333333, 200
360.666666667, 137.827327296
360.866666667, 0.00158429947114
360.9, 0.00158429947114
361.1, 0.00158429947114
361.133333333, 0.00158429947114
361.166666667, 0.00158429947114
361.2, 0.00158429947114
361.333333333, 0.244601772661
361.366666667, 0.244601772661
362.6, 7.63266396148
362.766666667, 200
362.933333333, 98.8647102473
362.933333333, 98.8647102473
363.1, 0.0121602292824
363.533333333, 192.796441208
363.566666667, 192.796441208
363.866666667, 115.207615007
363.933333333, 200
364.066666667, 0.103400241056
364.133333333, 1
364.366666667, 1
364.4, 88.1565374742
364.433333333, 59.6391133062
364.433333333, 88.1565374742
364.466666667, 59.6391133062
364.533333333, 1
364.7, 142.323437339
364.766666667, 41.0396589583
365.0, 28.8727344786
365.066666667, 112.217102981
365.1, 112.217102981
365.733333333, 176.6324226
365.733333333, 176.6324226
365.733333333, 200
365.833333333, 0.0594351526958
366.0, 0.0989181170794
366.1, 0.141155771593
366.233333333, 0.141155771593
366.5, 1
366.5, 200
366.5, 1
366.6, 200
366.666666667, 1
366.7, 147.437736769
366.7, 0.306016466991
366.833333333, 147.437736769
367.033333333, 0.306016466991
367.266666667, 0.788476428896
367.433333333, 1
367.533333333, 1
367.766666667, 1
367.9, 1
367.966666667, 1
367.966666667, 22.6308088311
368.0, 1
368.033333333, 1
368.066666667, 22.6308088311
368.1, 0.0143562008302
368.2, 8.01254535858
368.233333333, 8.01254535858
368.233333333, 8.01254535858
368.266666667, 8.01254535858
368.3, 8.01254535858
368.3, 66.664577629
368.466666667, 0.203824868784
368.5, 0.203824868784
368.6, 0.0701256420379
368.6, 0.0701256420379
368.733333333, 171.176816919
368.766666667, 171.176816919
368.766666667, 200
368.766666667, 171.176816919
368.933333333, 71.3919030635
369.033333333, 200
369.033333333, 200
369.033333333, 200
369.033333333, 1
369.1, 197.738690684
369.166666667, 1
369.4, 2.78401750631e-09
369.4, 2.78401750631e-09
369.433333333, 72.3537024924
369.533333333, 0.037760432805
369.9, 200
369.966666667, 200
370.166666667, 0.12738008413
370.166666667, 0.12738008413
370.2, 0.12738008413
370.233333333, 200
370.333333333, 118.933731649
370.666666667, 0.0287774070168
371.033333333, 0.0734774429893
371.133333333, 51.1473587933
371.166666667, 0.000175495499257
371.4, 200
371.633333333, 63.8485440747
371.866666667, 1
371.9, 1
371.933333333, 1
372.3, 10.35362457
372.466666667, 1
372.533333333, 1
372.566666667, 0.0928380938793
372.6, 0.0928380938793
372.6, 0.0928380938793
372.7, 200
372.766666667, 200
372.966666667, 0.193427430273
373.0, 0.0283444368095
373.033333333, 0.0137005987769
373.1, 0.207335735437
373.1, 0.0137005987769
373.1, 0.207335735437
373.2, 0.389724325497
373.433333333, 200
373.6, 94.8317428318
373.8, 178.789429131
373.833333333, 1
373.966666667, 173.839842301
374.133333333, 0.207765548857
374.3, 0.00820404296241
374.466666667, 75.0556893792
374.466666667, 75.0556893792
374.733333333, 1
374.8, 0.160578937253
374.8, 0.427203380996
374.833333333, 0.427203380996
374.833333333, 0.160578937253
374.866666667, 0.160578937253
375.233333333, 0.0726189429713
375.366666667, 0.0726189429713
375.6, 200
375.866666667, 8.77876690096
375.9, 8.77876690096
376.033333333, 75.849103687
376.033333333, 75.849103687
376.1, 0.0962152240403
376.1, 0.0962152240403
376.766666667, 0.364223338106
376.766666667, 0.364223338106
376.866666667, 0.364223338106
376.9, 0.364223338106
376.966666667, 200
377.1, 0.0136088867411
377.1, 0.0136088867411
377.566666667, 1
377.7, 200
377.7, 200
377.733333333, 161.263872163
377.766666667, 161.263872163
377.8, 200
377.866666667, 161.263872163
377.933333333, 200
378.0, 200
378.066666667, 1
378.1, 4.00766158297e-07
378.166666667, 0.180470538467
378.2, 0.180470538467
378.266666667, 0.180470538467
378.4, 184.612960545
378.466666667, 1
378.466666667, 1
378.733333333, 0.443705051215
378.833333333, 0.682080865269
378.9, 0.682080865269
379.0, 0.55966911504
379.066666667, 0.55966911504
379.066666667, 0.55966911504
379.066666667, 0.55966911504
379.266666667, 127.5146093
379.733333333, 8.87137870954e-05
379.8, 200
379.833333333, 1
379.866666667, 1
379.933333333, 0.0694724975656
380.0, 0.346633579218
380.033333333, 0.346633579218
380.1, 0.346633579218
380.166666667, 0.346633579218
380.433333333, 200
380.7, 200
380.766666667, 0.25603072643
380.8, 5.95505574409e-67
380.9, 3.72511826142e-10
381.4, 200
381.4, 0.26305021646
381.466666667, 0.0316303074191
381.466666667, 0.0316303074191
381.5, 0.0316303074191
381.7, 1
381.833333333, 1
381.933333333, 1
382.233333333, 0.240056005576
382.333333333, 0.240056005576
382.4, 0.240056005576
382.5, 52.1079727571
382.933333333, 45.0448428456
383.033333333, 200
383.1, 200
383.133333333, 45.0448428456
383.233333333, 11.1806136678
383.533333333, 93.5418938365
383.733333333, 1
384.033333333, 122.376117748
384.066666667, 122.376117748
384.066666667, 122.376117748
384.1, 200
384.1, 200
384.433333333, 200
384.433333333, 200
384.466666667, 200
384.5, 1
384.533333333, 200
384.533333333, 116.413083399
384.533333333, 95.8149358581
384.566666667, 95.8149358581
384.633333333, 1
384.733333333, 0.0103383284896
384.9, 3.73988613552e-11
384.9, 54.1646745161
384.966666667, 64.9037571643
385.0, 200
385.133333333, 1
385.166666667, 1
385.166666667, 1
385.166666667, 1
385.2, 1
385.4, 83.0670865784
385.633333333, 27.2587966755
385.7, 118.071986785
385.7, 1
385.966666667, 163.832601896
386.1, 0.261297834028
386.1, 0.261297834028
386.1, 0.261297834028
386.2, 0.0445109126568
386.333333333, 38.4934452217
386.333333333, 38.4934452217
386.533333333, 1
386.7, 200
386.933333333, 191.460074285
387.366666667, 1
387.733333333, 115.392290997
387.9, 200
387.9, 200
388.233333333, 200
388.233333333, 200
388.333333333, 200
388.333333333, 1
388.333333333, 1
388.5, 141.542053542
388.6, 99.4473457207
389.366666667, 1
389.4, 1
389.666666667, 131.885267908
389.7, 131.885267908
389.7, 200
389.8, 200
389.866666667, 75.4603677814
389.9, 1
390.066666667, 200
390.1, 200
390.233333333, 51.5422641153
390.666666667, 104.186538008
391.0, 1
391.1, 0.0280732521474
391.2, 0.274127008464
391.366666667, 194.190735898
391.466666667, 1
391.5, 194.190735898
391.5, 194.190735898
391.533333333, 1
391.733333333, 200
391.966666667, 0.86950443212
391.966666667, 0.86950443212
392.233333333, 1
392.266666667, 1
392.366666667, 192.539990029
392.566666667, 1
392.566666667, 1
392.6, 1
392.666666667, 51.0264162048
392.666666667, 51.0264162048
392.7, 200
392.733333333, 51.0264162048
392.833333333, 200
392.933333333, 72.8463598851
393.2, 126.193420631
393.3, 200
393.3, 200
393.3, 4.77503601441e-07
393.366666667, 0.106653424722
393.7, 1
393.733333333, 1
393.766666667, 1
393.9, 0.487265850022
394.033333333, 1
394.033333333, 1
394.2, 69.2141181318
394.233333333, 22.8602799671
394.266666667, 22.8602799671
394.3, 69.2141181318
394.3, 69.2141181318
394.333333333, 69.2141181318
394.5, 0.0032461470293
394.6, 1
394.666666667, 52.2131506991
395.0, 33.7008420667
395.033333333, 33.7008420667
395.166666667, 163.47254899
395.2, 177.87479903
395.333333333, 129.041216228
395.4, 182.335499517
395.466666667, 104.294693021
395.633333333, 184.646068756
395.866666667, 152.573487533
395.966666667, 152.573487533
396.066666667, 1
396.1, 0.183443304854
396.166666667, 189.160731322
396.5, 117.960662507
396.533333333, 0.00562295543446
396.566666667, 0.00562295543446
396.966666667, 0.0147928491476
397.066666667, 1
397.066666667, 0.122274458969
397.233333333, 200
397.3, 6.65879491345e-14
397.366666667, 1
397.7, 59.0598469985
397.7, 31.4242877165
397.833333333, 90.0594578887
397.866666667, 90.0594578887
398.2, 0.0919220475971
398.233333333, 0.0919220475971
398.366666667, 160.749367989
398.433333333, 160.749367989
398.466666667, 95.1552275557
398.966666667, 0.189837340504
399.133333333, 200
399.2, 125.155746402
399.233333333, 125.155746402
399.433333333, 200
399.466666667, 200
399.8, 200
