22.6875, 95
23.6875, 95
24.6875, 95
25.6875, 95
26.4375, 95
26.6875, 97
27.4375, 95
27.6875, 97
28.4375, 95
28.6875, 97
29.3125, 97
29.4375, 95
29.75, 107
30.3125, 97
30.4375, 95
30.75, 107
31.3125, 97
31.4375, 95
31.75, 107
32.3125, 97
32.4375, 95
32.75, 107
33.3125, 97
33.4375, 95
33.75, 107
34.3125, 97
34.4375, 95
34.75, 107
35.3125, 97
35.4375, 95
35.75, 107
36.3125, 97
36.4375, 95
36.75, 107
37.3125, 97
37.4375, 95
37.75, 107
38.3125, 97
38.4375, 95
38.75, 107
39.3125, 97
39.4375, 95
39.75, 107
40.3125, 97
40.4375, 95
40.75, 107
41.3125, 97
41.4375, 95
41.75, 107
42.3125, 97
42.4375, 95
42.75, 107
43.3125, 97
43.4375, 95
43.75, 107
44.3125, 97
44.4375, 95
44.75, 107
45.3125, 97
45.4375, 95
45.75, 107
46.3125, 97
46.4375, 95
46.75, 107
47.3125, 97
47.4375, 95
47.75, 107
48.3125, 97
48.4375, 99
48.75, 107
49.3125, 97
49.4375, 99
49.75, 107
50.3125, 97
50.4375, 99
50.75, 107
51.3125, 97
51.4375, 99
51.75, 107
52.3125, 97
52.4375, 99
52.75, 107
53.3125, 97
53.4375, 99
53.75, 107
54.3125, 97
54.4375, 99
54.75, 107
55.3125, 97
55.4375, 99
55.75, 107
56.3125, 97
56.4375, 99
56.75, 107
57.3125, 97
57.4375, 99
57.75, 110
58.3125, 97
58.4375, 99
58.75, 110
59.3125, 97
59.4375, 99
59.75, 110
60.3125, 97
60.4375, 99
60.75, 110
61.3125, 101
61.4375, 99
61.75, 110
62.3125, 97
62.4375, 99
62.75, 110
63.3125, 101
63.4375, 99
63.75, 110
64.3125, 97
64.4375, 99
64.75, 110
65.3125, 101
65.4375, 99
65.75, 110
66.3125, 97
66.4375, 101
66.75, 110
67.3125, 101
67.4375, 99
67.75, 110
68.3125, 97
68.4375, 101
68.75, 110
69.3125, 101
69.4375, 99
69.75, 110
70.3125, 97
70.4375, 101
70.75, 110
71.3125, 101
71.4375, 99
71.75, 110
72.3125, 97
72.4375, 101
72.75, 110
73.3125, 101
73.4375, 99
73.75, 110
74.3125, 97
74.4375, 101
74.75, 110
75.3125, 101
75.4375, 99
75.75, 110
76.3125, 97
76.4375, 101
76.75, 110
77.3125, 101
77.4375, 99
77.75, 110
78.3125, 97
78.4375, 101
78.75, 110
79.3125, 101
79.4375, 99
79.75, 110
80.3125, 97
80.4375, 101
80.75, 110
81.3125, 101
81.4375, 99
81.75, 110
82.3125, 97
82.4375, 101
82.75, 110
83.3125, 101
83.4375, 99
83.75, 110
84.3125, 97
84.4375, 101
84.75, 110
85.3125, 101
85.4375, 99
85.75, 110
86.3125, 97
86.4375, 101
86.75, 110
87.3125, 101
87.4375, 99
87.75, 115
88.3125, 97
88.4375, 101
88.75, 115
89.3125, 101
89.4375, 99
89.75, 115
90.3125, 97
90.4375, 101
90.75, 115
91.3125, 101
91.4375, 99
91.75, 115
92.3125, 97
92.4375, 101
92.75, 115
93.3125, 101
93.4375, 99
93.75, 115
94.3125, 97
94.4375, 101
94.75, 115
95.3125, 97
95.4375, 99
95.75, 115
96.3125, 97
96.4375, 101
96.75, 115
97.3125, 97
97.4375, 99
97.75, 115
98.3125, 97
98.4375, 101
98.75, 115
99.3125, 97
99.4375, 99
99.75, 115
100.3125, 97
100.4375, 101
100.75, 115
101.3125, 97
101.4375, 99
101.75, 115
102.3125, 97
102.4375, 101
102.75, 115
103.3125, 97
103.4375, 101
103.75, 115
104.3125, 97
104.4375, 101
104.75, 115
105.3125, 97
105.4375, 101
105.75, 115
106.3125, 97
106.4375, 101
106.75, 115
107.3125, 97
107.4375, 101
107.75, 115
108.3125, 97
108.4375, 101
108.75, 115
109.3125, 97
109.4375, 101
109.75, 115
110.3125, 97
110.4375, 101
110.75, 115
111.3125, 97
111.4375, 101
111.75, 115
112.3125, 97
112.4375, 101
112.75, 115
113.3125, 97
113.4375, 101
113.75, 115
114.3125, 97
114.4375, 101
114.75, 115
115.3125, 97
115.4375, 101
115.75, 115
116.3125, 97
116.4375, 101
116.75, 115
117.3125, 97
117.4375, 101
117.75, 115
118.3125, 97
118.4375, 101
118.75, 115
119.3125, 97
119.4375, 101
119.75, 115
120.3125, 97
120.4375, 101
120.75, 121
121.3125, 97
121.4375, 101
121.75, 121
122.3125, 97
122.4375, 101
122.75, 121
123.3125, 97
123.4375, 101
123.75, 121
124.3125, 97
124.6875, 111
125.125, 107
125.125, 111
125.3125, 97
125.6875, 111
126.125, 107
126.125, 111
126.3125, 97
126.6875, 111
127.25, 107
127.3125, 111
127.6875, 111
128.25, 107
128.3125, 111
128.6875, 111
128.875, 107
128.875, 111
129.3125, 97
129.6875, 111
129.875, 107
129.875, 111
130.3125, 97
130.6875, 111
131.25, 107
131.3125, 111
131.6875, 111
132.3125, 111
132.6875, 111
132.8125, 107
132.8125, 111
133.3125, 97
133.6875, 111
134.125, 107
134.125, 111
134.3125, 112
134.5, 107
134.5, 111
134.75, 122
135.3125, 97
135.5625, 107
135.5625, 111
135.75, 122
136.3125, 112
136.5, 107
136.5, 111
136.75, 122
137.3125, 97
137.5625, 107
137.5625, 111
137.75, 122
138.3125, 112
138.6875, 111
139.25, 107
139.3125, 111
139.625, 107
139.625, 111
139.75, 122
140.3125, 112
140.5, 107
140.5, 111
140.75, 122
141.3125, 97
141.4375, 111
141.75, 122
142.3125, 112
142.4375, 111
142.75, 122
143.3125, 97
143.4375, 111
143.75, 122
144.3125, 112
144.4375, 111
144.75, 122
145.3125, 97
145.4375, 111
145.75, 122
146.3125, 112
146.4375, 111
146.75, 122
147.3125, 97
147.4375, 111
147.75, 122
148.3125, 112
148.4375, 111
148.75, 122
149.3125, 97
149.4375, 111
149.75, 122
150.3125, 112
150.4375, 111
150.75, 122
151.3125, 97
151.4375, 111
151.75, 122
152.3125, 112
152.4375, 112
152.75, 122
153.3125, 97
153.4375, 112
153.75, 122
154.3125, 112
154.4375, 112
154.75, 122
155.3125, 97
155.4375, 112
155.75, 122
156.3125, 112
156.4375, 112
156.75, 122
157.3125, 97
157.4375, 112
157.75, 122
158.3125, 112
158.4375, 112
158.75, 122
159.3125, 97
159.4375, 112
159.75, 122
160.3125, 112
160.4375, 112
160.75, 122
161.3125, 97
161.4375, 112
161.75, 122
162.3125, 112
162.4375, 112
162.75, 122
163.3125, 97
163.4375, 112
163.75, 122
164.3125, 112
164.4375, 112
164.75, 122
165.3125, 97
165.4375, 112
165.75, 122
166.3125, 112
166.4375, 112
166.75, 122
167.3125, 97
167.4375, 112
167.75, 122
168.3125, 112
168.4375, 112
168.75, 122
169.3125, 97
169.4375, 112
169.75, 122
170.3125, 112
170.4375, 112
170.75, 122
171.3125, 97
171.4375, 112
171.75, 122
172.3125, 112
172.4375, 112
172.75, 122
173.3125, 97
173.4375, 112
173.75, 122
174.3125, 112
174.4375, 112
174.75, 122
175.3125, 97
175.4375, 112
175.75, 122
176.3125, 112
176.4375, 112
176.75, 122
177.3125, 97
177.4375, 112
177.75, 122
178.3125, 112
178.4375, 112
178.75, 122
179.3125, 97
179.4375, 112
179.75, 122
180.3125, 112
180.4375, 112
180.75, 122
181.3125, 112
181.4375, 112
181.75, 113
182.3125, 112
182.4375, 112
182.75, 122
183.3125, 112
183.4375, 112
183.75, 113
184.3125, 112
184.4375, 112
184.75, 122
185.3125, 112
185.4375, 112
185.75, 113
186.3125, 112
186.4375, 112
186.75, 122
187.3125, 112
187.4375, 112
187.75, 113
188.3125, 112
188.4375, 112
188.75, 122
189.3125, 112
189.6875, 112
189.75, 110
190.3125, 112
190.6875, 112
190.75, 110
191.3125, 112
191.6875, 112
191.75, 110
192.3125, 99
192.6875, 112
192.75, 110
193.3125, 112
193.5, 110
193.5, 112
193.75, 113
194.3125, 99
194.6875, 112
194.75, 110
195.3125, 112
195.5625, 110
195.5625, 112
195.75, 113
196.3125, 99
196.6875, 112
196.75, 110
197.3125, 112
197.6875, 112
197.75, 110
198.3125, 99
198.6875, 112
198.75, 110
199.3125, 112
199.5625, 110
199.5625, 112
199.75, 113
200.3125, 99
200.6875, 112
200.75, 110
201.3125, 112
201.6875, 112
201.75, 110
202.3125, 99
202.6875, 112
202.75, 110
203.3125, 112
203.4375, 96
203.75, 113
204.3125, 99
204.6875, 112
204.75, 110
205.3125, 112
205.4375, 96
205.75, 113
206.3125, 99
206.5, 110
206.5, 112
206.75, 113
207.3125, 112
207.4375, 96
207.75, 113
208.3125, 99
208.6875, 112
208.75, 110
209.3125, 112
209.4375, 96
209.75, 113
210.3125, 99
210.6875, 112
210.75, 110
211.3125, 112
211.4375, 96
211.75, 113
212.3125, 99
212.4375, 96
212.75, 113
213.3125, 112
213.4375, 96
213.75, 113
214.3125, 99
214.4375, 96
214.75, 105
215.3125, 112
215.4375, 96
215.75, 105
216.3125, 99
216.4375, 96
216.75, 105
217.3125, 112
217.4375, 96
217.75, 105
218.3125, 99
218.4375, 96
218.75, 105
219.3125, 112
219.4375, 96
219.75, 105
220.3125, 99
220.4375, 96
220.75, 105
221.3125, 112
221.4375, 96
221.75, 105
222.3125, 99
222.4375, 96
222.75, 105
223.3125, 112
223.4375, 96
223.75, 105
224.3125, 99
224.4375, 96
224.75, 105
225.3125, 112
225.4375, 96
225.75, 105
226.3125, 99
226.4375, 96
226.75, 105
227.3125, 112
227.4375, 96
227.75, 105
228.3125, 99
228.4375, 96
228.75, 105
229.3125, 112
229.4375, 96
229.75, 105
230.3125, 99
230.4375, 96
230.75, 105
231.3125, 112
231.4375, 96
231.75, 105
232.3125, 99
232.4375, 96
232.75, 105
233.3125, 112
233.4375, 96
233.75, 105
234.3125, 99
234.4375, 96
234.75, 105
235.3125, 112
235.4375, 96
235.75, 105
236.3125, 99
236.4375, 96
236.75, 105
237.3125, 112
237.4375, 96
237.75, 105
238.3125, 99
238.4375, 96
238.75, 105
239.3125, 112
239.4375, 96
239.75, 105
240.3125, 99
240.4375, 96
240.75, 105
241.375, 105
241.4375, 112
241.75, 105
242.3125, 99
242.4375, 110
242.75, 105
243.4375, 110
243.75, 105
244.25, 105
244.4375, 110
244.75, 122
245.4375, 110
245.6875, 112
245.75, 105
246.3125, 99
246.4375, 110
246.75, 122
247.4375, 110
247.5, 105
247.5, 112
247.75, 122
248.3125, 99
248.4375, 110
248.75, 122
249.4375, 110
249.6875, 112
249.75, 105
250.3125, 99
250.4375, 110
250.75, 122
251.4375, 110
251.6875, 112
251.75, 105
252.3125, 99
252.4375, 110
252.75, 122
253.4375, 110
253.5625, 105
253.5625, 112
253.75, 122
254.3125, 99
254.4375, 110
254.75, 122
255.4375, 110
255.6875, 112
255.75, 105
256.3125, 99
256.4375, 110
256.75, 122
257.4375, 110
257.5, 105
257.5, 112
257.75, 122
258.3125, 99
258.4375, 110
258.75, 122
259.4375, 110
259.6875, 112
259.75, 105
260.3125, 99
260.4375, 110
260.75, 122
261.4375, 110
261.6875, 112
261.75, 105
262.3125, 99
262.4375, 110
262.75, 122
263.4375, 110
263.6875, 112
263.75, 105
264.3125, 99
264.4375, 110
264.75, 122
265.3125, 112
265.4375, 110
265.75, 122
266.3125, 99
266.4375, 110
266.75, 122
267.3125, 112
267.4375, 110
267.75, 122
268.3125, 99
268.4375, 110
268.75, 122
269.3125, 112
269.4375, 110
269.75, 122
270.3125, 99
270.4375, 110
270.75, 122
271.3125, 112
271.4375, 110
272.25, 122
272.3125, 131
272.4375, 110
273.0625, 122
273.0625, 131
273.3125, 112
273.4375, 110
273.875, 122
273.875, 131
274.3125, 99
274.4375, 110
275.25, 122
275.3125, 131
275.4375, 110
275.8125, 122
275.8125, 131
276.3125, 99
276.4375, 110
276.875, 122
276.875, 131
277.3125, 112
277.4375, 110
278.25, 122
278.3125, 131
278.4375, 110
279.25, 122
279.375, 138
279.75, 141
280.25, 122
280.375, 138
280.75, 141
281.25, 122
281.375, 138
281.75, 141
282.25, 122
282.375, 138
282.75, 141
283.25, 122
283.375, 138
283.75, 141
284.25, 122
284.375, 138
284.75, 141
285.25, 122
285.375, 138
285.75, 141
286.25, 122
286.375, 138
286.75, 141
287.25, 122
287.375, 138
287.75, 141
288.25, 122
288.375, 138
288.75, 141
289.25, 122
289.375, 138
289.75, 141
290.25, 122
290.375, 138
290.75, 141
291.25, 122
291.375, 138
291.75, 141
292.25, 122
292.375, 138
292.75, 141
293.25, 122
293.375, 138
293.75, 141
294.25, 122
294.375, 138
294.75, 141
295.25, 122
295.375, 138
295.75, 141
296.25, 122
296.375, 138
296.75, 141
297.25, 122
297.375, 138
297.75, 141
298.25, 122
298.375, 138
298.75, 141
299.25, 122
299.375, 124
299.75, 141
300.25, 122
300.375, 124
300.75, 141
301.3125, 112
301.4375, 123
301.9375, 121
301.9375, 131
302.3125, 110
302.4375, 123
303.25, 121
303.375, 124
303.4375, 131
304.25, 121
304.375, 124
304.4375, 131
305.25, 121
305.375, 124
305.4375, 131
305.9375, 121
305.9375, 131
306.3125, 110
306.4375, 123
306.875, 115
306.875, 131
307.3125, 110
307.4375, 123
308.0, 115
308.0, 131
308.3125, 110
308.4375, 123
309.25, 115
309.4375, 123
309.9375, 115
309.9375, 131
310.25, 114
310.4375, 123
311.25, 115
311.4375, 123
312.25, 115
312.4375, 123
312.9375, 115
312.9375, 131
313.25, 114
313.4375, 123
313.9375, 115
313.9375, 131
314.25, 114
314.4375, 123
315.25, 115
315.375, 114
315.4375, 131
315.8125, 115
315.8125, 131
316.3125, 110
316.4375, 97
317.25, 115
317.375, 114
317.4375, 131
318.25, 115
318.375, 114
318.4375, 131
319.25, 115
319.375, 114
319.4375, 131
319.8125, 115
319.8125, 131
320.3125, 110
320.4375, 97
321.125, 115
321.125, 131
321.3125, 110
321.4375, 97
322.25, 115
322.375, 114
322.5625, 105
322.5625, 131
323.125, 115
323.125, 131
323.3125, 110
323.4375, 97
324.25, 115
324.375, 114
325.0625, 115
325.0625, 131
325.3125, 110
325.375, 105
326.25, 115
326.375, 114
327.25, 115
327.375, 114
328.25, 115
328.375, 114
328.5625, 105
328.5625, 131
329.1875, 115
329.1875, 131
329.3125, 110
329.4375, 97
330.25, 115
330.375, 114
331.0625, 115
331.0625, 131
331.3125, 110
331.375, 105
331.75, 115
332.3125, 110
332.4375, 97
332.75, 115
333.3125, 110
333.4375, 97
333.75, 115
334.3125, 110
334.4375, 97
334.75, 115
335.3125, 110
335.4375, 97
335.75, 115
336.3125, 110
336.4375, 97
336.75, 115
337.3125, 110
337.4375, 97
337.75, 115
338.3125, 110
338.4375, 97
338.75, 115
339.3125, 110
339.4375, 97
339.75, 115
340.3125, 110
340.6875, 111
340.75, 110
341.375, 114
341.75, 115
342.3125, 113
342.6875, 111
342.75, 110
343.3125, 113
343.5, 110
343.5, 111
343.75, 115
344.3125, 113
344.6875, 111
344.75, 110
345.3125, 113
345.6875, 111
345.75, 110
346.3125, 113
346.6875, 111
346.75, 110
347.3125, 113
347.5, 110
347.5, 111
347.75, 127
348.3125, 113
348.6875, 111
348.75, 110
349.3125, 113
349.6875, 111
349.75, 110
350.3125, 113
350.6875, 111
350.75, 110
351.3125, 113
351.6875, 111
351.75, 110
352.3125, 113
352.6875, 111
352.75, 110
353.3125, 113
353.6875, 111
353.75, 110
354.3125, 113
354.6875, 111
354.75, 110
355.3125, 113
355.6875, 111
355.75, 110
356.3125, 113
356.5625, 110
356.5625, 111
356.75, 127
357.3125, 113
357.6875, 111
357.75, 110
358.3125, 113
358.5, 110
358.5, 111
358.75, 127
359.3125, 113
359.6875, 111
359.75, 110
360.3125, 113
360.5625, 110
360.5625, 111
360.75, 127
361.3125, 113
361.6875, 111
361.9375, 110
361.9375, 142
362.3125, 113
362.6875, 111
363.3125, 113
363.6875, 111
364.3125, 113
364.6875, 111
365.3125, 113
366.25, 127
366.8125, 127
366.8125, 142
367.25, 126
367.625, 126
367.625, 144
368.25, 127
369.25, 127
370.0625, 127
370.0625, 142
370.1875, 126
370.1875, 144
370.3125, 113
371.25, 127
371.8125, 127
371.8125, 142
372.25, 126
373.25, 127
373.9375, 127
373.9375, 141
374.25, 126
374.625, 126
374.625, 144
374.8125, 127
374.8125, 141
375.3125, 113
376.0625, 127
376.0625, 141
376.1875, 110
376.1875, 144
376.875, 127
376.875, 137
378.1875, 127
378.1875, 137
379.0625, 127
379.0625, 137
381.1875, 127
381.1875, 137
382.3125, 137
382.875, 127
382.875, 141
383.3125, 137
384.1875, 127
384.1875, 141
384.3125, 137
385.1875, 127
385.1875, 141
385.3125, 137
386.3125, 137
386.5625, 128
386.5625, 141
387.3125, 137
387.8125, 128
387.8125, 141
388.3125, 137
389.3125, 137
390.3125, 137
390.5625, 128
390.5625, 141
390.8125, 124
390.8125, 141
391.3125, 137
392.0, 128
392.0, 141
392.125, 124
392.125, 144
392.3125, 137
393.25, 128
394.0625, 137
394.0625, 141
394.25, 128
395.25, 137
395.875, 137
395.875, 141
396.25, 128
396.5, 137
396.5, 144
397.125, 128
397.125, 141
397.25, 124
397.875, 137
397.875, 141
398.25, 128
399.0, 137
399.0, 141
399.125, 128
399.125, 144
399.25, 124
400.25, 137
400.625, 137
400.625, 141
400.875, 128
400.875, 141
401.25, 124
401.875, 137
401.875, 141
402.25, 128
403.25, 137
403.9375, 137
403.9375, 141
404.25, 128
405.0625, 137
405.0625, 141
405.25, 128
406.0, 128
406.0, 141
406.1875, 124
406.1875, 144
406.3125, 105
407.1875, 128
407.1875, 141
407.25, 124
407.875, 128
407.875, 141
407.9375, 124
407.9375, 144
408.25, 105
409.125, 128
409.125, 141
409.25, 124
410.25, 128
410.8125, 128
410.8125, 141
411.25, 124
411.5625, 128
411.5625, 144
411.875, 124
411.875, 141
412.25, 105
413.125, 128
413.125, 141
413.25, 124
414.0, 128
414.0, 141
414.25, 124
415.25, 128
416.25, 128
416.5625, 128
416.5625, 141
417.0, 124
417.0, 141
417.25, 105
418.25, 128
419.25, 128
420.25, 128
420.5, 128
420.5, 141
421.25, 128
421.75, 124
422.25, 105
422.4375, 123
422.75, 128
423.25, 105
423.4375, 123
423.75, 124
424.25, 105
424.4375, 123
424.75, 128
425.25, 105
425.4375, 123
425.75, 124
426.25, 105
426.4375, 123
426.75, 128
427.4375, 123
427.75, 124
428.1875, 105
428.1875, 135
428.3125, 105
428.4375, 123
428.75, 128
429.4375, 123
429.75, 124
429.875, 105
429.875, 135
430.3125, 105
430.4375, 123
430.75, 128
431.4375, 123
431.75, 128
431.9375, 105
431.9375, 135
432.3125, 105
432.4375, 123
432.75, 128
433.4375, 123
433.75, 128
434.25, 105
434.4375, 123
434.75, 128
435.4375, 123
435.75, 128
436.25, 105
436.75, 143
437.4375, 135
437.75, 128
437.875, 105
437.875, 153
438.3125, 105
438.75, 143
439.0625, 128
439.0625, 153
439.4375, 135
439.625, 105
439.625, 153
439.75, 128
440.3125, 105
440.75, 143
441.4375, 135
441.5625, 128
441.5625, 153
441.75, 128
442.25, 105
442.75, 143
442.875, 128
442.875, 153
443.4375, 135
443.75, 128
444.3125, 105
444.75, 143
445.0, 128
445.0, 153
445.3125, 135
445.625, 143
445.625, 153
446.0, 128
446.0, 148
446.3125, 105
447.25, 143
447.3125, 148
447.8125, 143
447.8125, 148
448.25, 128
448.3125, 153
448.8125, 143
448.8125, 148
449.3125, 135
450.25, 143
450.3125, 148
450.8125, 143
450.8125, 148
451.3125, 135
452.1875, 143
452.1875, 148
452.25, 128
452.3125, 153
452.5625, 143
452.5625, 153
453.3125, 135
453.5625, 143
453.5625, 148
454.0625, 128
454.0625, 148
454.3125, 105
455.1875, 143
455.1875, 148
455.3125, 135
456.25, 143
456.3125, 148
457.25, 143
457.3125, 148
457.625, 143
457.625, 153
457.8125, 128
457.8125, 148
458.3125, 105
458.5, 143
458.5, 153
458.875, 128
458.875, 148
459.3125, 135
460.25, 143
460.3125, 148
460.375, 128
461.25, 143
461.3125, 148
461.375, 128
462.25, 143
462.3125, 148
462.4375, 111
463.0, 117
463.0, 148
463.3125, 135
463.4375, 111
464.125, 117
464.125, 148
464.3125, 105
464.4375, 111
465.3125, 135
465.375, 117
466.25, 143
466.3125, 148
466.375, 117
467.25, 143
467.3125, 148
467.375, 117
468.25, 117
468.3125, 148
468.6875, 111
468.875, 107
468.875, 148
469.3125, 135
469.6875, 111
469.75, 107
470.3125, 105
470.6875, 111
470.75, 107
471.6875, 111
471.75, 107
471.9375, 105
471.9375, 135
472.3125, 105
472.6875, 111
472.75, 107
473.6875, 111
473.75, 107
474.25, 105
474.5, 107
474.5, 111
474.75, 117
475.6875, 111
475.75, 107
475.8125, 105
475.8125, 135
476.3125, 105
476.6875, 111
476.75, 107
477.6875, 111
477.75, 107
478.25, 105
478.6875, 111
478.75, 107
479.6875, 111
479.75, 107
480.25, 105
480.625, 107
480.625, 111
480.75, 117
481.6875, 111
481.75, 107
482.0, 105
482.0, 135
482.3125, 105
482.6875, 111
482.75, 107
483.6875, 111
483.75, 107
484.0625, 105
484.0625, 135
484.3125, 105
484.6875, 111
484.8125, 107
484.8125, 120
485.6875, 111
485.875, 107
485.875, 120
486.0625, 105
486.0625, 135
486.3125, 105
486.6875, 111
486.8125, 107
486.8125, 120
487.6875, 111
488.25, 107
488.6875, 111
489.6875, 111
490.1875, 107
490.1875, 120
490.25, 105
490.6875, 111
491.0, 107
491.0, 120
491.6875, 111
492.0, 107
492.0, 120
492.25, 105
492.6875, 111
492.875, 107
492.875, 120
493.6875, 111
494.25, 107
494.6875, 111
495.6875, 111
496.125, 107
496.125, 120
496.1875, 105
496.1875, 135
496.3125, 105
496.6875, 111
497.6875, 111
498.25, 107
498.6875, 111
498.8125, 107
498.8125, 120
499.5, 107
499.5, 111
499.6875, 135
500.0625, 105
500.0625, 120
500.3125, 105
500.6875, 111
501.0625, 107
501.0625, 120
501.6875, 135
502.125, 107
502.125, 120
502.25, 105
502.6875, 162
502.875, 107
502.875, 120
503.6875, 135
504.125, 107
504.125, 120
504.1875, 105
504.1875, 162
504.3125, 105
504.6875, 162
504.9375, 107
504.9375, 120
505.6875, 135
506.25, 107
506.6875, 120
507.125, 107
507.125, 120
507.6875, 135
507.9375, 107
507.9375, 120
508.3125, 105
508.6875, 162
509.3125, 120
509.6875, 135
510.1875, 107
510.1875, 120
510.3125, 105
510.6875, 162
510.8125, 107
510.8125, 120
511.3125, 135
511.6875, 162
511.8125, 107
511.8125, 120
512.3125, 105
512.6875, 162
512.75, 154
513.3125, 135
513.6875, 162
513.75, 154
514.3125, 105
514.6875, 162
514.75, 154
515.3125, 135
515.6875, 162
515.75, 154
516.3125, 105
516.625, 154
516.625, 162
516.75, 169
517.3125, 135
517.6875, 162
517.75, 154
518.3125, 105
518.6875, 162
519.3125, 120
519.6875, 135
519.75, 131
520.3125, 105
520.6875, 162
520.75, 131
521.3125, 135
521.6875, 162
521.75, 131
522.3125, 105
522.5625, 131
522.5625, 162
522.75, 169
523.3125, 135
523.6875, 162
523.75, 131
524.3125, 105
524.5625, 131
524.5625, 162
524.75, 169
525.3125, 135
525.5, 131
525.5, 162
525.75, 169
526.3125, 105
526.6875, 162
526.75, 131
527.3125, 135
527.5, 131
527.5, 162
527.75, 169
528.3125, 105
528.75, 131
529.3125, 135
529.75, 131
529.9375, 106
529.9375, 162
530.3125, 105
530.75, 131
531.0625, 106
531.0625, 162
531.625, 131
531.625, 135
531.875, 106
531.875, 116
532.25, 105
532.75, 131
533.375, 106
533.75, 131
533.875, 106
533.875, 135
534.25, 105
534.375, 105
534.75, 131
535.375, 106
535.75, 131
535.8125, 106
535.8125, 135
536.25, 105
536.375, 105
536.75, 131
537.375, 106
537.75, 131
538.25, 106
538.375, 105
538.75, 131
539.375, 106
539.75, 131
540.25, 106
540.375, 105
540.75, 131
541.375, 106
541.75, 131
541.8125, 106
541.8125, 135
542.25, 105
542.375, 105
542.75, 131
543.375, 106
543.75, 131
544.25, 106
544.375, 105
544.75, 131
545.375, 106
545.625, 131
545.625, 135
546.25, 106
546.375, 105
546.4375, 116
547.375, 106
547.4375, 116
548.25, 106
548.375, 105
548.4375, 116
548.8125, 106
548.8125, 116
549.375, 105
549.75, 131
549.9375, 106
549.9375, 135
550.3125, 105
550.4375, 97
551.375, 106
551.4375, 116
551.5625, 105
551.5625, 135
552.25, 106
552.375, 105
552.4375, 116
553.375, 106
553.4375, 116
553.5, 105
553.5, 135
554.25, 106
554.375, 105
554.4375, 116
555.0625, 106
555.0625, 116
555.375, 105
555.5, 131
555.5, 135
556.25, 106
556.4375, 168
556.8125, 106
556.8125, 168
557.4375, 135
557.625, 105
557.625, 168
557.75, 179
558.3125, 105
558.4375, 168
559.3125, 135
559.4375, 168
559.6875, 168
560.3125, 105
560.4375, 168
561.3125, 135
561.4375, 168
561.6875, 168
562.3125, 105
562.4375, 168
563.3125, 135
563.4375, 168
563.6875, 168
564.3125, 105
564.4375, 168
565.3125, 135
565.4375, 168
565.5, 106
565.5, 168
565.75, 179
566.3125, 105
566.4375, 168
566.8125, 106
566.8125, 168
567.3125, 135
567.4375, 168
567.75, 179
568.3125, 105
568.4375, 168
568.8125, 106
568.8125, 168
569.3125, 135
569.4375, 168
569.75, 179
570.3125, 105
570.4375, 168
571.3125, 135
571.4375, 168
571.6875, 168
572.3125, 105
572.4375, 168
573.3125, 135
573.4375, 168
574.25, 106
574.3125, 168
574.4375, 168
575.0, 106
575.0, 168
575.4375, 135
575.9375, 124
575.9375, 168
576.0, 106
576.0, 168
576.3125, 105
576.4375, 168
577.125, 106
577.125, 168
577.4375, 135
578.25, 124
578.4375, 168
579.0625, 124
579.0625, 168
579.4375, 135
580.125, 124
580.125, 168
580.25, 106
580.4375, 168
580.625, 124
580.625, 168
581.4375, 135
581.625, 124
581.625, 168
581.8125, 106
581.8125, 168
582.3125, 105
582.4375, 168
583.1875, 106
583.1875, 168
583.4375, 135
583.5, 124
583.5, 168
584.1875, 106
584.1875, 168
584.3125, 105
584.4375, 168
585.4375, 135
585.9375, 124
585.9375, 168
586.25, 106
586.4375, 168
586.625, 124
586.625, 168
587.4375, 135
588.125, 124
588.125, 168
588.25, 106
588.4375, 168
589.4375, 135
590.1875, 124
590.1875, 168
590.4375, 135
591.4375, 135
592.4375, 135
592.9375, 124
592.9375, 168
593.4375, 135
594.4375, 135
595.1875, 124
595.1875, 168
595.4375, 135
596.125, 124
596.125, 128
596.4375, 135
596.9375, 124
596.9375, 168
597.0, 106
597.0, 168
597.4375, 135
597.625, 124
597.625, 168
597.8125, 106
597.8125, 128
598.4375, 135
598.5625, 124
598.5625, 168
599.4375, 135
600.0625, 124
600.0625, 128
600.4375, 135
601.4375, 135
601.625, 124
601.625, 168
602.4375, 128
603.1875, 124
603.1875, 135
603.4375, 135
603.625, 124
603.625, 168
604.125, 106
604.125, 128
604.4375, 135
605.4375, 135
605.625, 124
605.625, 168
606.4375, 128
607.4375, 135
607.9375, 124
607.9375, 168
608.4375, 135
608.5, 124
608.5, 164
608.8125, 106
608.8125, 168
609.4375, 135
610.4375, 135
610.8125, 124
610.8125, 164
611.4375, 135
612.0625, 124
612.0625, 168
612.4375, 135
612.5, 124
612.5, 164
612.5625, 106
612.5625, 168
613.0625, 106
613.0625, 168
613.4375, 135
613.5625, 124
613.5625, 168
614.4375, 135
614.5, 124
614.5, 164
615.4375, 135
615.5, 124
615.5, 168
616.3125, 135
616.4375, 164
617.3125, 135
617.4375, 168
617.5625, 106
617.5625, 168
618.0625, 106
618.0625, 168
618.3125, 135
618.4375, 164
619.1875, 106
619.1875, 168
619.3125, 135
619.4375, 168
619.9375, 106
619.9375, 168
620.3125, 135
620.4375, 164
621.3125, 135
621.4375, 168
621.8125, 143
621.8125, 168
622.3125, 135
622.4375, 164
623.25, 143
623.3125, 168
623.4375, 168
624.25, 143
624.3125, 168
624.4375, 164
624.8125, 143
624.8125, 168
625.3125, 135
625.4375, 168
626.125, 143
626.125, 168
626.3125, 135
626.4375, 164
627.25, 143
627.3125, 168
627.4375, 168
628.0, 143
628.0, 168
628.3125, 135
628.4375, 164
628.875, 143
628.875, 168
629.3125, 135
629.4375, 168
630.25, 143
630.3125, 168
630.4375, 164
631.25, 143
631.3125, 168
631.4375, 168
631.875, 143
631.875, 168
632.3125, 95
632.4375, 164
633.125, 143
633.125, 168
633.3125, 95
633.4375, 164
634.25, 143
634.3125, 168
634.5, 106
634.5, 164
634.8125, 143
634.8125, 168
635.3125, 95
635.875, 143
635.875, 164
636.25, 106
636.3125, 168
637.25, 143
637.3125, 164
638.25, 143
638.3125, 164
638.5625, 106
638.5625, 164
639.25, 143
639.3125, 168
639.5625, 106
639.5625, 164
639.9375, 143
639.9375, 168
640.3125, 95
640.5625, 106
640.5625, 164
641.125, 143
641.125, 168
641.3125, 95
642.0, 143
642.0, 164
642.25, 106
642.3125, 168
643.25, 143
643.3125, 164
643.5, 106
643.5, 164
644.125, 143
644.125, 168
644.3125, 139
644.875, 143
644.875, 164
645.3125, 139
645.625, 106
645.625, 164
645.875, 143
645.875, 168
646.3125, 139
647.25, 143
647.3125, 164
648.25, 143
648.3125, 164
648.9375, 143
648.9375, 164
649.3125, 139
649.8125, 143
649.8125, 164
649.9375, 106
649.9375, 168
650.3125, 139
650.8125, 143
650.8125, 164
651.3125, 139
651.8125, 143
651.8125, 164
652.3125, 139
652.8125, 143
652.8125, 164
653.3125, 139
654.25, 143
654.3125, 164
654.8125, 143
654.8125, 164
655.3125, 139
656.25, 143
656.3125, 164
656.6875, 164
657.1875, 106
657.1875, 175
657.3125, 139
658.25, 143
658.3125, 175
658.6875, 179
659.3125, 139
660.0, 143
660.0, 175
660.1875, 106
660.1875, 179
660.3125, 139
660.6875, 179
661.0625, 106
661.0625, 175
661.3125, 139
661.9375, 143
661.9375, 175
662.3125, 139
662.6875, 179
662.9375, 106
662.9375, 175
663.3125, 139
663.875, 143
663.875, 159
664.0625, 106
664.0625, 175
664.3125, 139
664.6875, 159
665.3125, 139
665.5625, 106
665.5625, 159
666.25, 143
666.3125, 175
666.6875, 159
666.9375, 106
666.9375, 175
667.3125, 139
667.625, 106
667.625, 159
667.8125, 143
667.8125, 175
668.3125, 139
668.6875, 159
668.9375, 106
668.9375, 175
669.3125, 139
670.25, 143
670.3125, 159
670.6875, 159
671.3125, 139
671.8125, 143
671.8125, 159
672.3125, 139
672.6875, 159
673.0625, 106
673.0625, 175
673.3125, 139
673.5625, 106
673.5625, 159
674.1875, 143
674.1875, 175
674.5, 112
674.5, 139
674.6875, 159
675.5625, 112
675.5625, 139
676.25, 143
676.6875, 159
677.6875, 139
678.625, 112
678.625, 139
678.6875, 159
679.3125, 96
679.5, 108
679.5, 159
680.0, 143
680.0, 175
680.3125, 96
680.6875, 159
681.25, 108
682.25, 143
682.5, 112
682.5, 159
682.6875, 175
683.25, 108
683.75, 143
684.25, 112
684.75, 143
685.25, 112
685.5, 112
685.5, 159
685.75, 143
686.25, 108
686.75, 143
687.1875, 112
687.1875, 159
687.25, 108
687.625, 112
687.625, 159
687.75, 143
688.25, 108
688.75, 143
689.25, 112
689.625, 112
689.625, 159
689.75, 143
690.25, 108
690.75, 143
691.25, 112
691.75, 143
692.0625, 112
692.0625, 159
692.25, 108
692.75, 143
692.8125, 112
692.8125, 159
693.25, 108
693.75, 143
694.25, 112
694.625, 112
694.625, 159
694.75, 143
695.25, 108
695.75, 143
696.1875, 112
696.1875, 159
696.25, 108
696.75, 143
697.25, 112
697.5625, 112
697.5625, 159
697.75, 143
698.25, 108
698.75, 143
698.9375, 112
698.9375, 159
699.25, 108
699.75, 143
700.25, 112
700.75, 143
701.25, 112
701.8125, 143
701.8125, 159
702.0, 112
702.0, 187
702.25, 108
703.1875, 143
703.1875, 159
703.25, 112
703.8125, 143
703.8125, 159
703.875, 112
703.875, 187
704.25, 108
705.25, 143
705.625, 112
705.625, 159
705.8125, 143
705.8125, 187
706.25, 108
706.5, 112
706.5, 159
706.8125, 143
706.8125, 187
707.25, 108
708.25, 143
709.1875, 112
709.1875, 159
709.25, 108
709.875, 156
709.875, 159
710.25, 112
711.0625, 156
711.0625, 159
711.25, 112
712.25, 156
713.25, 156
714.125, 156
714.125, 159
714.25, 112
714.875, 156
714.875, 187
715.25, 112
715.375, 112
715.875, 156
715.875, 187
716.25, 108
716.375, 112
716.875, 156
716.875, 187
717.25, 108
717.375, 112
717.9375, 156
717.9375, 187
718.25, 108
718.5625, 108
718.5625, 109
719.0625, 156
719.0625, 187
719.25, 108
719.6875, 109
720.1875, 108
720.1875, 187
720.25, 108
720.6875, 109
721.25, 108
721.5625, 108
721.5625, 109
721.625, 108
721.625, 187
722.25, 156
722.625, 108
722.625, 109
722.8125, 156
722.8125, 187
723.3125, 96
723.4375, 109
723.8125, 156
723.8125, 187
724.3125, 100
724.4375, 109
725.25, 156
725.4375, 109
726.25, 156
726.4375, 109
727.25, 156
727.4375, 109
728.1875, 156
728.1875, 187
728.25, 108
728.4375, 109
729.25, 156
729.4375, 109
729.875, 156
729.875, 187
730.25, 108
730.4375, 109
731.25, 156
731.4375, 109
732.25, 156
732.4375, 109
733.25, 156
733.4375, 109
733.625, 108
733.625, 187
734.25, 156
734.4375, 109
735.25, 156
735.4375, 109
735.875, 156
735.875, 182
736.25, 108
736.9375, 178
736.9375, 182
737.25, 156
738.1875, 156
738.1875, 182
738.25, 110
739.0, 178
739.0, 182
739.125, 156
739.125, 183
739.25, 108
739.625, 110
739.625, 183
740.25, 156
741.25, 178
741.8125, 156
741.8125, 182
742.25, 110
742.3125, 183
743.25, 178
743.3125, 182
743.5, 156
743.5, 183
744.25, 156
744.3125, 182
744.8125, 178
744.8125, 182
745.1875, 156
745.1875, 183
745.3125, 96
746.25, 156
746.3125, 182
747.1875, 178
747.1875, 182
747.25, 156
747.3125, 183
748.0, 156
748.0, 182
748.25, 110
748.3125, 183
749.0625, 178
749.0625, 182
749.25, 156
749.3125, 183
750.25, 156
750.3125, 182
750.875, 178
750.875, 182
751.25, 156
751.3125, 183
752.25, 156
752.3125, 182
753.25, 178
753.3125, 182
754.0, 136
754.0, 182
754.0625, 110
754.0625, 183
754.3125, 100
754.8125, 178
754.8125, 182
755.0, 156
755.0, 183
755.3125, 96
755.875, 136
755.875, 182
755.9375, 110
755.9375, 183
756.3125, 100
756.5, 178
756.5, 183
757.25, 156
757.8125, 136
757.8125, 182
758.25, 124
759.25, 178
759.625, 156
759.625, 182
760.25, 136
761.0, 178
761.0, 182
761.25, 156
762.125, 136
762.125, 182
762.25, 124
762.5, 178
762.5, 183
762.875, 156
762.875, 182
763.25, 124
763.5, 124
763.5, 183
764.1875, 136
764.1875, 182
764.25, 110
765.0, 178
765.0, 182
765.1875, 156
765.1875, 183
765.25, 124
766.0625, 136
766.0625, 182
766.25, 124
767.25, 156
768.25, 178
769.1875, 178
769.1875, 182
769.25, 156
769.5, 178
769.5, 183
769.9375, 136
769.9375, 182
770.25, 124
771.25, 178
772.25, 178
773.125, 178
773.125, 182
773.25, 156
774.25, 178
774.875, 178
774.875, 182
775.1875, 156
775.1875, 183
775.25, 124
776.0, 178
776.0, 182
776.0625, 136
776.0625, 183
776.25, 124
777.0, 178
777.0, 182
777.125, 156
777.125, 183
777.25, 124
777.5, 178
777.5, 183
778.25, 136
778.875, 178
778.875, 183
779.0625, 156
779.0625, 197
779.25, 124
780.0, 178
780.0, 183
780.25, 136
780.875, 178
780.875, 183
781.25, 136
781.8125, 178
781.8125, 183
782.25, 136
782.625, 178
782.625, 183
782.9375, 136
782.9375, 197
783.25, 124
784.25, 178
784.9375, 178
784.9375, 188
785.25, 136
786.25, 178
786.5, 178
786.5, 188
787.25, 136
787.625, 178
787.625, 188
787.8125, 136
787.8125, 197
788.25, 124
789.25, 178
789.625, 178
789.625, 188
790.25, 136
791.25, 178
792.25, 178
793.25, 178
793.5625, 178
793.5625, 188
794.25, 136
795.1875, 178
795.1875, 188
795.25, 136
795.5625, 124
795.5625, 188
795.625, 110
795.625, 197
796.25, 136
800.0, 124
800.0, 132
800.375, 124
801.0, 110
801.0, 132
801.375, 124
802.375, 124
803.375, 124
804.0, 110
804.0, 132
804.375, 124
805.375, 124
805.9375, 110
805.9375, 132
806.375, 124
806.625, 110
806.625, 132
807.375, 124
808.125, 110
808.125, 132
808.375, 124
808.8125, 110
808.8125, 132
809.375, 124
809.625, 110
809.625, 132
810.375, 124
810.625, 110
810.625, 132
811.3125, 132
811.375, 105
812.3125, 132
812.375, 110
812.9375, 110
812.9375, 154
813.3125, 132
813.375, 105
814.0, 110
814.0, 154
814.3125, 132
814.375, 105
814.9375, 110
814.9375, 154
815.375, 192
815.625, 110
815.625, 200
816.3125, 132
816.375, 105
817.3125, 154
817.375, 110
817.625, 110
817.625, 200
818.1875, 105
818.1875, 154
818.3125, 132
818.4375, 98
819.3125, 154
819.375, 105
820.0, 110
820.0, 154
820.125, 105
820.125, 200
820.3125, 132
820.4375, 98
820.8125, 105
820.8125, 154
821.375, 192
822.3125, 132
822.375, 110
823.125, 110
823.125, 154
823.375, 192
823.8125, 110
823.8125, 154
823.9375, 105
823.9375, 200
824.3125, 132
824.4375, 98
825.125, 105
825.125, 154
825.375, 192
825.75, 160
826.3125, 132
826.375, 110
826.75, 160
827.375, 192
827.75, 160
828.3125, 132
828.4375, 98
828.75, 160
829.375, 192
829.75, 160
830.25, 135
830.375, 192
830.75, 160
831.375, 192
831.5, 135
831.5, 200
831.75, 160
832.3125, 132
832.4375, 98
832.75, 160
833.375, 192
833.75, 160
834.25, 135
834.375, 192
834.75, 160
835.375, 192
835.75, 160
836.0625, 135
836.0625, 200
836.3125, 132
836.4375, 98
836.75, 160
837.375, 192
837.5625, 135
837.5625, 200
837.75, 160
838.3125, 132
838.4375, 98
838.75, 160
839.375, 192
839.5625, 135
839.5625, 200
839.75, 160
840.3125, 132
840.4375, 98
840.75, 160
841.375, 192
841.75, 160
842.25, 135
842.375, 150
842.75, 160
843.375, 150
843.75, 160
844.25, 135
844.375, 150
844.75, 160
845.375, 150
845.5, 135
845.5, 200
845.75, 160
846.3125, 132
846.4375, 98
846.75, 160
847.375, 150
847.625, 135
847.625, 200
847.75, 160
848.3125, 132
848.4375, 98
848.75, 160
849.375, 150
849.5, 135
849.5, 200
849.75, 160
850.3125, 132
850.4375, 98
850.75, 160
851.375, 150
851.75, 160
852.25, 135
852.375, 150
852.75, 160
853.375, 150
853.5625, 135
853.5625, 200
853.75, 160
854.3125, 132
854.4375, 98
854.75, 160
855.375, 150
855.75, 160
855.8125, 135
855.8125, 200
856.3125, 132
856.4375, 98
857.3125, 154
857.4375, 98
857.75, 197
858.3125, 132
858.4375, 98
858.75, 197
859.3125, 200
859.4375, 98
859.75, 197
860.3125, 132
860.4375, 98
860.75, 197
861.3125, 200
861.4375, 98
861.75, 197
862.3125, 132
862.4375, 98
862.75, 197
863.3125, 200
863.4375, 98
863.75, 197
864.3125, 132
864.4375, 98
864.75, 197
865.3125, 200
865.4375, 98
865.75, 197
866.3125, 132
866.4375, 98
866.75, 197
867.3125, 200
867.4375, 98
867.75, 197
868.3125, 132
868.4375, 98
868.75, 197
869.3125, 200
869.4375, 98
869.75, 197
870.3125, 132
870.4375, 98
870.75, 197
871.3125, 200
871.4375, 98
871.75, 197
872.3125, 132
872.4375, 98
872.75, 197
873.3125, 200
873.4375, 98
873.75, 197
874.3125, 132
874.4375, 98
874.75, 197
875.3125, 200
875.4375, 98
875.75, 197
876.3125, 132
876.4375, 98
876.75, 197
877.3125, 200
877.4375, 98
877.75, 197
878.3125, 132
878.4375, 98
878.75, 197
879.3125, 200
879.4375, 98
879.75, 184
880.3125, 132
880.4375, 98
880.75, 184
881.3125, 200
881.4375, 98
881.75, 184
882.3125, 132
882.4375, 98
882.75, 184
883.3125, 200
883.4375, 98
883.75, 184
884.3125, 132
884.4375, 98
884.75, 184
885.3125, 200
885.4375, 98
886.25, 184
886.3125, 200
886.4375, 98
887.3125, 200
887.375, 184
888.0625, 184
888.0625, 200
888.25, 141
888.375, 200
888.9375, 184
888.9375, 200
889.3125, 200
889.375, 135
890.25, 184
890.3125, 200
890.375, 141
891.3125, 200
891.375, 184
892.25, 184
892.3125, 200
892.375, 141
893.125, 184
893.125, 200
893.3125, 200
893.375, 135
893.9375, 184
893.9375, 200
894.25, 141
894.375, 200
895.1875, 184
895.1875, 200
895.3125, 200
895.6875, 149
896.125, 141
896.125, 200
896.3125, 132
896.5625, 135
896.5625, 149
897.3125, 200
897.375, 184
898.25, 184
898.3125, 200
898.5625, 135
898.5625, 149
899.0625, 184
899.0625, 200
899.3125, 200
899.625, 141
899.625, 149
900.0, 184
900.0, 200
900.3125, 132
900.6875, 149
901.3125, 200
901.6875, 149
901.8125, 141
901.8125, 200
902.3125, 132
902.625, 135
902.625, 149
903.3125, 200
903.375, 184
904.3125, 200
904.375, 184
905.3125, 200
905.375, 184
905.875, 184
905.875, 200
906.3125, 200
906.5625, 135
906.5625, 149
907.0625, 184
907.0625, 200
907.3125, 200
907.6875, 149
908.3125, 200
908.5625, 135
908.5625, 149
909.3125, 200
909.375, 184
909.75, 184
910.3125, 200
910.6875, 149
910.8125, 135
910.8125, 143
911.3125, 200
911.625, 135
911.625, 149
911.75, 184
912.3125, 200
912.6875, 149
913.0625, 135
913.0625, 143
913.3125, 200
913.6875, 149
914.3125, 143
914.6875, 149
915.3125, 143
915.6875, 149
916.3125, 143
916.5625, 135
916.5625, 149
916.75, 184
917.3125, 200
917.6875, 149
918.3125, 143
918.5, 135
918.5, 200
918.75, 184
919.3125, 200
919.75, 184
920.3125, 200
920.4375, 200
920.75, 184
921.3125, 200
921.4375, 200
921.75, 184
922.3125, 200
922.4375, 200
922.75, 184
923.3125, 200
923.4375, 200
923.75, 184
924.3125, 200
924.4375, 200
924.75, 184
925.3125, 200
925.4375, 200
925.75, 184
926.3125, 200
926.4375, 200
926.75, 184
927.3125, 200
927.4375, 200
927.75, 184
928.3125, 200
928.4375, 200
928.75, 184
929.3125, 200
929.4375, 200
929.75, 184
930.3125, 200
930.4375, 200
930.75, 184
931.3125, 200
931.4375, 200
931.75, 184
932.3125, 200
932.4375, 200
932.75, 184
933.3125, 200
933.4375, 200
933.75, 184
934.3125, 200
934.4375, 200
935.0, 106
935.0, 143
935.3125, 200
935.4375, 200
935.9375, 106
935.9375, 143
936.4375, 200
937.4375, 143
938.4375, 143
938.875, 106
938.875, 143
939.4375, 200
940.125, 106
940.125, 143
940.1875, 106
940.1875, 200
940.4375, 200
941.4375, 136
942.4375, 136
943.4375, 136
943.625, 135
943.625, 143
943.8125, 106
943.8125, 143
944.1875, 106
944.1875, 163
944.4375, 136
944.625, 106
944.625, 163
944.8125, 135
944.8125, 143
945.4375, 136
945.5625, 106
945.5625, 163
946.4375, 136
946.875, 135
946.875, 143
946.9375, 106
946.9375, 163
947.4375, 136
948.125, 106
948.125, 143
948.4375, 136
949.4375, 136
949.5, 135
949.5, 143
950.4375, 136
950.5625, 106
950.5625, 143
951.1875, 135
951.1875, 143
951.4375, 136
951.5625, 106
951.5625, 163
952.4375, 136
953.4375, 136
954.4375, 136
955.4375, 136
956.4375, 136
957.4375, 136
958.1875, 106
958.1875, 143
958.4375, 136
958.5625, 106
958.5625, 163
958.8125, 135
958.8125, 143
959.4375, 136
959.8125, 106
959.8125, 143
960.4375, 136
961.4375, 136
961.8125, 106
961.8125, 118
962.4375, 136
962.75, 135
963.4375, 136
964.4375, 118
964.75, 135
964.8125, 106
964.8125, 136
965.4375, 136
965.75, 135
966.4375, 136
966.75, 135
967.0625, 106
967.0625, 163
967.4375, 136
967.75, 135
968.4375, 136
968.75, 135
969.0625, 106
969.0625, 163
969.3125, 102
969.4375, 163
969.75, 135
970.4375, 136
970.75, 135
971.25, 106
971.4375, 163
971.75, 135
972.4375, 136
972.75, 135
973.25, 106
973.4375, 163
973.75, 135
974.4375, 136
974.5, 106
974.5, 163
974.75, 135
975.3125, 102
975.4375, 163
975.75, 135
976.4375, 136
976.75, 135
977.25, 106
977.75, 196
978.4375, 136
978.75, 135
979.25, 106
979.5, 196
979.5, 200
979.75, 135
980.4375, 136
981.1875, 135
981.1875, 200
981.25, 106
982.125, 196
982.125, 200
982.4375, 136
982.8125, 135
982.8125, 200
983.25, 106
983.5, 196
983.5, 200
983.8125, 135
983.8125, 200
984.4375, 136
984.5625, 106
984.5625, 200
985.1875, 135
985.1875, 200
985.3125, 102
986.0, 196
986.0, 200
986.125, 135
986.125, 200
986.4375, 136
987.25, 135
987.5, 199
987.5, 200
988.25, 196
989.0, 199
989.0, 200
989.125, 196
989.125, 200
989.25, 135
990.0625, 199
990.0625, 200
990.125, 196
990.125, 200
990.3125, 136
991.25, 135
992.0, 199
992.0, 200
992.0625, 143
992.0625, 200
992.3125, 136
993.25, 143
994.25, 199
994.625, 199
994.625, 200
995.25, 143
995.5625, 199
995.5625, 200
995.8125, 143
995.8125, 200
996.3125, 136
996.4375, 96
997.25, 105
998.25, 199
998.375, 199
999.25, 143
