10.5666666667, 106
11.5666666667, 106
12.5666666667, 106
13.5666666667, 106
14.5666666667, 106
15.5666666667, 106
15.7666666667, 106
16.5666666667, 106
16.7666666667, 106
17.5666666667, 106
17.7666666667, 106
18.5666666667, 106
18.7666666667, 106
19.5666666667, 106
19.7666666667, 106
20.5666666667, 106
20.7666666667, 106
21.5666666667, 106
21.7666666667, 106
22.5666666667, 106
22.7666666667, 106
23.5666666667, 106
23.7666666667, 106
24.5666666667, 106
24.7666666667, 106
25.5666666667, 106
25.7666666667, 106
26.4333333333, 106
26.5666666667, 106
26.7666666667, 106
27.4333333333, 106
27.5666666667, 106
27.7666666667, 106
28.4333333333, 106
28.5666666667, 106
28.6, 106
28.7666666667, 106
29.4333333333, 106
29.5666666667, 106
29.6, 106
29.7666666667, 106
30.4333333333, 106
30.5333333333, 106
30.5666666667, 106
30.6, 106
30.7666666667, 106
31.4333333333, 106
31.5333333333, 106
31.5666666667, 106
31.6, 106
31.7666666667, 106
32.4333333333, 106
32.5333333333, 106
32.5666666667, 106
32.6, 106
32.7666666667, 106
33.4333333333, 106
33.5333333333, 106
33.5666666667, 106
33.6, 106
33.7666666667, 106
34.4333333333, 106
34.5333333333, 106
34.5666666667, 106
34.6, 106
34.7666666667, 106
35.4333333333, 106
35.5333333333, 106
35.5666666667, 106
35.6, 106
35.7666666667, 106
36.4333333333, 106
36.5333333333, 106
36.5666666667, 106
36.6, 106
36.7666666667, 106
37.4333333333, 106
37.5333333333, 106
37.5666666667, 106
37.6, 106
37.7666666667, 106
38.4333333333, 106
38.5333333333, 106
38.5666666667, 106
38.6, 106
38.7666666667, 106
39.4333333333, 106
39.5333333333, 106
39.5666666667, 106
39.6, 106
39.7666666667, 106
40.4333333333, 106
40.5333333333, 106
40.5666666667, 106
40.6, 106
40.7666666667, 106
41.4333333333, 106
41.5333333333, 106
41.5666666667, 106
41.6, 106
41.7666666667, 106
42.4333333333, 106
42.5333333333, 106
42.5666666667, 106
42.6, 106
42.7666666667, 106
43.4333333333, 106
43.5333333333, 106
43.5666666667, 106
44.0, 97
44.0333333333, 98
44.4333333333, 108
44.5333333333, 106
44.5666666667, 106
45.0, 97
45.0333333333, 98
45.4333333333, 108
45.5333333333, 106
45.5666666667, 106
46.0, 97
46.0333333333, 98
46.4333333333, 108
46.5333333333, 106
46.5666666667, 106
47.0, 97
47.0333333333, 98
47.4333333333, 108
47.5333333333, 106
47.5666666667, 106
48.0, 97
48.0333333333, 98
48.4333333333, 108
48.5333333333, 106
48.5666666667, 106
49.0, 97
49.0333333333, 98
49.4333333333, 108
49.5333333333, 106
49.5666666667, 106
50.0, 97
50.0333333333, 98
50.4333333333, 108
50.5333333333, 106
50.5666666667, 106
51.0, 97
51.0333333333, 98
51.4333333333, 108
51.5333333333, 106
51.5666666667, 106
52.0, 97
52.0333333333, 98
52.4333333333, 108
52.5333333333, 106
52.5666666667, 106
53.0, 97
53.0333333333, 98
53.4333333333, 108
53.5333333333, 106
53.5666666667, 106
54.0, 97
54.0333333333, 98
54.4333333333, 108
54.5333333333, 106
54.5666666667, 106
55.0, 97
55.0333333333, 98
55.4333333333, 108
55.5333333333, 106
55.5666666667, 106
56.0, 97
56.0333333333, 98
56.4333333333, 108
56.5333333333, 106
56.5666666667, 106
57.0, 97
57.0333333333, 98
57.4333333333, 108
57.5333333333, 106
57.5666666667, 106
58.0, 97
58.0333333333, 98
58.4333333333, 108
58.5333333333, 106
58.5666666667, 106
59.0, 97
59.0333333333, 98
59.4333333333, 110
59.5333333333, 108
60.0, 96
60.0333333333, 97
60.1, 98
60.4333333333, 110
60.5333333333, 108
61.0, 98
61.0333333333, 98
61.1, 100
61.4333333333, 110
61.5333333333, 108
62.0, 96
62.0333333333, 98
62.1, 100
62.4333333333, 110
62.5333333333, 108
63.0, 98
63.0333333333, 98
63.1, 100
63.4333333333, 110
63.5333333333, 108
64.0, 96
64.0333333333, 98
64.1, 100
64.4333333333, 110
64.5333333333, 108
65.0, 98
65.0333333333, 98
65.1, 100
65.4333333333, 110
65.5333333333, 108
66.0, 96
66.0333333333, 98
66.1, 100
66.4333333333, 110
66.5333333333, 108
67.0, 98
67.0333333333, 98
67.1, 100
67.4333333333, 110
67.5333333333, 108
68.0, 96
68.0333333333, 100
68.1, 102
68.4333333333, 110
68.5333333333, 108
69.0, 98
69.0333333333, 100
69.1, 102
69.4333333333, 112
69.5333333333, 110
70.0, 96
70.0333333333, 100
70.1, 102
70.4333333333, 112
70.5333333333, 110
71.0, 98
71.0333333333, 100
71.1, 102
71.4333333333, 112
71.5333333333, 110
72.0, 96
72.0333333333, 100
72.1, 102
72.4333333333, 112
72.5333333333, 110
73.0, 98
73.0333333333, 100
73.1, 102
73.4333333333, 112
73.5333333333, 110
74.0, 96
74.0333333333, 100
74.1, 102
74.4333333333, 112
74.5333333333, 110
75.0, 98
75.0333333333, 102
75.4333333333, 112
75.5333333333, 112
75.5666666667, 110
76.0, 102
76.0333333333, 103
76.4333333333, 112
76.5333333333, 112
76.5666666667, 110
77.0, 102
77.0333333333, 103
77.4333333333, 112
77.5333333333, 112
77.5666666667, 110
78.0, 102
78.0333333333, 103
78.4333333333, 113
78.5333333333, 112
78.5666666667, 112
79.0, 102
79.0333333333, 103
79.4333333333, 113
79.5333333333, 112
79.5666666667, 112
80.0, 102
80.0333333333, 103
80.4333333333, 113
80.5333333333, 112
80.5666666667, 112
81.0, 102
81.0333333333, 103
81.4333333333, 113
81.5333333333, 112
81.5666666667, 112
82.0, 102
82.0333333333, 103
82.4333333333, 113
82.5333333333, 112
82.5666666667, 112
83.0, 102
83.0333333333, 103
83.4333333333, 113
83.5333333333, 112
83.5666666667, 112
84.0, 102
84.0333333333, 103
84.4333333333, 113
84.5333333333, 112
84.5666666667, 112
85.0, 102
85.0333333333, 103
85.4333333333, 113
85.5333333333, 112
85.5666666667, 112
86.0, 102
86.0333333333, 103
86.4333333333, 113
86.5333333333, 112
86.5666666667, 112
87.0, 102
87.0333333333, 103
87.4333333333, 113
87.5333333333, 112
87.5666666667, 112
88.0, 102
88.0333333333, 103
88.4333333333, 113
88.5333333333, 112
88.5666666667, 112
89.0, 102
89.0333333333, 103
89.4333333333, 113
89.5333333333, 112
89.5666666667, 112
90.0, 102
90.0333333333, 103
90.4333333333, 113
90.5333333333, 112
90.5666666667, 112
91.0, 102
91.0333333333, 103
91.4333333333, 113
91.5333333333, 112
91.5666666667, 112
92.0, 102
92.0333333333, 103
92.4333333333, 113
92.5333333333, 112
92.5666666667, 112
93.0, 102
93.0333333333, 103
93.4333333333, 113
93.5333333333, 112
93.5666666667, 112
94.0, 102
94.0333333333, 103
94.4333333333, 113
94.5333333333, 112
94.5666666667, 112
95.0, 102
95.0333333333, 103
95.4333333333, 113
95.5333333333, 112
95.5666666667, 112
96.0, 102
96.0333333333, 103
96.4333333333, 113
96.5333333333, 112
96.5666666667, 112
97.0, 102
97.0333333333, 103
97.4333333333, 113
97.5333333333, 112
97.5666666667, 112
98.0, 102
98.0333333333, 103
98.4333333333, 113
98.5333333333, 112
98.5666666667, 112
99.0, 102
99.0333333333, 103
99.4333333333, 117
99.5333333333, 112
99.5666666667, 112
100.0, 102
100.033333333, 103
100.433333333, 117
100.533333333, 112
100.566666667, 112
101.0, 102
101.033333333, 103
101.433333333, 117
101.533333333, 112
101.566666667, 112
102.0, 102
102.033333333, 103
102.433333333, 117
102.533333333, 112
102.566666667, 112
103.0, 102
103.033333333, 103
103.433333333, 117
103.533333333, 112
103.566666667, 112
104.0, 102
104.033333333, 103
104.433333333, 117
104.533333333, 112
104.566666667, 112
105.0, 102
105.033333333, 103
105.433333333, 117
105.533333333, 112
105.566666667, 112
106.0, 102
106.033333333, 103
106.433333333, 117
106.533333333, 112
106.566666667, 112
107.0, 102
107.033333333, 103
107.433333333, 117
107.533333333, 112
107.566666667, 112
108.0, 102
108.033333333, 103
108.433333333, 117
108.533333333, 112
108.566666667, 112
109.0, 102
109.033333333, 103
109.433333333, 117
109.533333333, 112
109.566666667, 112
110.0, 102
110.033333333, 103
110.433333333, 117
110.533333333, 112
110.566666667, 112
111.0, 103
111.033333333, 109
111.433333333, 120
111.533333333, 117
111.566666667, 112
112.0, 103
112.033333333, 109
112.433333333, 120
112.533333333, 117
112.566666667, 112
113.0, 103
113.033333333, 109
113.433333333, 120
113.533333333, 117
113.566666667, 112
114.0, 109
114.033333333, 110
114.433333333, 120
114.533333333, 117
114.566666667, 112
115.0, 109
115.033333333, 110
115.433333333, 120
115.533333333, 117
115.566666667, 112
116.0, 109
116.033333333, 110
116.433333333, 120
116.533333333, 117
116.566666667, 112
117.0, 109
117.033333333, 110
117.433333333, 120
117.533333333, 117
117.566666667, 112
118.0, 109
118.033333333, 110
118.433333333, 120
118.533333333, 117
118.566666667, 112
119.0, 109
119.033333333, 110
119.433333333, 120
119.533333333, 117
119.566666667, 112
120.0, 109
120.033333333, 110
120.433333333, 120
120.533333333, 117
121.0, 105
121.033333333, 109
121.1, 110
121.433333333, 121
121.533333333, 117
122.0, 109
122.033333333, 109
122.1, 110
122.433333333, 121
122.533333333, 117
123.0, 105
123.033333333, 109
123.1, 110
123.433333333, 121
123.533333333, 121
124.0, 109
124.033333333, 109
124.1, 110
124.433333333, 121
124.533333333, 121
125.0, 105
125.033333333, 109
125.1, 110
125.433333333, 121
125.533333333, 121
126.0, 109
126.033333333, 110
126.433333333, 121
126.533333333, 121
126.566666667, 120
127.0, 110
127.033333333, 112
127.433333333, 121
127.533333333, 121
127.566666667, 120
128.0, 110
128.033333333, 112
128.433333333, 121
128.533333333, 121
128.566666667, 120
129.0, 110
129.033333333, 112
129.433333333, 121
129.533333333, 121
129.566666667, 120
130.0, 110
130.033333333, 112
130.433333333, 121
130.533333333, 121
130.566666667, 120
131.0, 110
131.033333333, 112
131.433333333, 121
131.533333333, 121
131.566666667, 120
132.0, 110
132.033333333, 112
132.433333333, 121
132.533333333, 121
132.566666667, 120
133.0, 110
133.033333333, 112
133.433333333, 121
133.533333333, 121
133.566666667, 120
134.0, 110
134.033333333, 112
134.433333333, 121
134.533333333, 121
134.566666667, 120
135.0, 112
135.433333333, 121
135.533333333, 121
135.566666667, 120
135.6, 120
136.0, 112
136.433333333, 121
136.533333333, 121
136.566666667, 120
136.6, 120
137.0, 112
137.433333333, 121
137.533333333, 121
137.566666667, 120
137.6, 120
138.0, 112
138.433333333, 121
138.533333333, 121
138.566666667, 120
138.6, 120
139.0, 112
139.433333333, 121
139.533333333, 121
139.566666667, 120
140.0, 112
140.033333333, 112
140.433333333, 122
140.533333333, 121
140.566666667, 121
141.0, 112
141.033333333, 112
141.433333333, 122
141.533333333, 121
141.566666667, 121
142.0, 112
142.033333333, 112
142.433333333, 122
142.533333333, 121
142.566666667, 121
143.0, 112
143.033333333, 112
143.433333333, 122
143.533333333, 121
143.566666667, 121
144.0, 112
144.033333333, 112
144.433333333, 122
144.533333333, 121
144.566666667, 121
145.0, 112
145.033333333, 112
145.433333333, 122
145.533333333, 122
145.566666667, 121
146.0, 112
146.033333333, 112
146.433333333, 122
146.533333333, 122
146.566666667, 121
147.0, 112
147.033333333, 112
147.433333333, 122
147.533333333, 122
147.566666667, 121
148.0, 112
148.033333333, 112
148.433333333, 122
148.533333333, 122
148.566666667, 121
149.0, 112
149.033333333, 112
149.433333333, 122
149.533333333, 122
149.566666667, 121
150.0, 112
150.033333333, 112
150.433333333, 122
150.533333333, 122
150.566666667, 121
151.0, 112
151.033333333, 112
151.433333333, 122
151.533333333, 122
151.566666667, 121
152.0, 112
152.033333333, 112
152.433333333, 122
152.533333333, 122
152.566666667, 121
153.0, 112
153.033333333, 112
153.433333333, 122
153.533333333, 122
153.566666667, 121
154.0, 112
154.033333333, 112
154.433333333, 122
154.533333333, 122
154.566666667, 121
155.0, 112
155.033333333, 112
155.433333333, 122
155.533333333, 122
155.566666667, 121
156.0, 112
156.033333333, 112
156.433333333, 122
156.533333333, 122
156.566666667, 121
157.0, 112
157.033333333, 112
157.433333333, 122
157.533333333, 122
157.566666667, 121
158.0, 112
158.033333333, 112
158.433333333, 122
158.533333333, 122
158.566666667, 121
159.0, 112
159.033333333, 112
159.433333333, 122
159.533333333, 122
159.566666667, 121
160.0, 112
160.433333333, 122
160.533333333, 122
160.566666667, 122
160.6, 121
161.0, 112
161.433333333, 122
161.533333333, 122
161.566666667, 122
161.6, 121
162.0, 112
162.433333333, 122
162.533333333, 122
162.566666667, 122
162.6, 121
163.0, 112
163.433333333, 122
163.533333333, 122
163.566666667, 122
163.6, 121
164.0, 112
164.433333333, 122
164.533333333, 122
164.566666667, 122
164.6, 121
165.0, 112
165.433333333, 122
165.533333333, 122
165.566666667, 122
165.6, 121
166.0, 112
166.433333333, 122
166.533333333, 122
166.566666667, 122
166.6, 121
167.0, 112
167.433333333, 122
167.533333333, 122
167.566666667, 122
167.6, 121
168.0, 112
168.433333333, 122
168.533333333, 122
168.566666667, 121
168.6, 118
169.0, 112
169.433333333, 122
169.533333333, 122
169.566666667, 121
169.6, 118
170.0, 112
170.433333333, 122
170.533333333, 122
170.566666667, 121
170.6, 118
171.0, 112
171.433333333, 122
171.533333333, 122
171.566666667, 121
171.6, 118
172.0, 112
172.433333333, 122
172.533333333, 122
172.566666667, 121
172.6, 118
173.0, 112
173.433333333, 122
173.533333333, 121
173.566666667, 118
173.6, 116
174.0, 112
174.433333333, 122
174.533333333, 121
174.566666667, 118
174.6, 116
175.0, 112
175.433333333, 122
175.533333333, 121
175.566666667, 118
175.6, 116
176.0, 112
176.433333333, 122
176.533333333, 121
176.566666667, 118
176.6, 116
177.0, 112
177.433333333, 122
177.533333333, 121
177.566666667, 118
177.6, 116
178.0, 112
178.433333333, 121
178.533333333, 118
178.566666667, 116
178.6, 114
179.0, 112
179.433333333, 121
179.533333333, 118
179.566666667, 116
179.6, 114
180.0, 112
180.433333333, 121
180.533333333, 118
180.566666667, 116
180.6, 114
181.0, 112
181.433333333, 121
181.533333333, 118
181.566666667, 116
181.6, 113
182.0, 112
182.433333333, 121
182.533333333, 118
182.566666667, 116
182.6, 113
183.0, 112
183.433333333, 121
183.533333333, 118
183.566666667, 116
183.6, 113
184.0, 112
184.433333333, 121
184.533333333, 118
184.566666667, 116
184.6, 113
185.0, 112
185.433333333, 121
185.533333333, 118
185.566666667, 116
185.6, 113
186.0, 112
186.433333333, 121
186.533333333, 118
186.566666667, 116
186.6, 113
187.0, 112
187.433333333, 121
187.533333333, 118
187.566666667, 116
187.6, 113
188.0, 112
188.433333333, 121
188.533333333, 118
188.566666667, 116
188.6, 113
189.0, 112
189.433333333, 121
189.533333333, 118
189.566666667, 116
189.6, 113
190.0, 112
190.433333333, 121
190.533333333, 118
190.566666667, 116
190.6, 113
191.0, 112
191.433333333, 121
191.533333333, 118
191.566666667, 116
191.6, 113
192.433333333, 121
192.533333333, 118
192.566666667, 116
192.6, 113
192.766666667, 112
193.433333333, 121
193.533333333, 118
193.566666667, 116
193.6, 113
193.766666667, 112
194.433333333, 118
194.533333333, 116
194.566666667, 113
194.6, 112
194.766666667, 108
195.433333333, 121
195.533333333, 118
195.566666667, 116
195.6, 113
195.766666667, 112
196.433333333, 118
196.533333333, 116
196.566666667, 113
196.6, 112
196.766666667, 108
197.433333333, 121
197.533333333, 118
197.566666667, 116
197.6, 113
197.766666667, 112
198.433333333, 118
198.533333333, 116
198.566666667, 113
198.6, 112
198.766666667, 108
199.433333333, 121
199.533333333, 118
199.566666667, 116
199.6, 113
199.766666667, 112
200.433333333, 118
200.533333333, 116
200.566666667, 113
200.6, 112
200.766666667, 108
201.433333333, 121
201.533333333, 118
201.566666667, 113
201.6, 112
201.766666667, 106
202.433333333, 118
202.533333333, 113
202.566666667, 112
202.6, 108
202.766666667, 106
203.433333333, 121
203.533333333, 118
203.566666667, 113
203.6, 112
203.766666667, 106
204.433333333, 113
204.533333333, 112
204.566666667, 108
204.6, 106
204.766666667, 106
205.433333333, 121
205.533333333, 113
205.566666667, 112
205.6, 106
205.766666667, 106
206.433333333, 113
206.533333333, 112
206.566666667, 108
206.6, 106
206.766666667, 106
207.433333333, 121
207.533333333, 113
207.566666667, 112
207.6, 106
207.766666667, 106
208.433333333, 113
208.533333333, 112
208.566666667, 108
208.6, 106
208.766666667, 106
209.433333333, 121
209.533333333, 113
209.566666667, 112
209.6, 106
209.766666667, 106
210.433333333, 113
210.533333333, 112
210.566666667, 108
210.6, 106
210.766666667, 106
211.433333333, 113
211.533333333, 112
211.566666667, 106
211.6, 106
211.766666667, 105
212.433333333, 113
212.533333333, 112
212.566666667, 106
212.6, 106
212.766666667, 105
213.433333333, 113
213.533333333, 112
213.566666667, 106
213.6, 106
213.766666667, 105
214.433333333, 113
214.533333333, 112
214.566666667, 106
214.6, 106
214.766666667, 105
215.433333333, 113
215.533333333, 112
215.566666667, 106
215.6, 106
215.766666667, 105
216.433333333, 113
216.533333333, 112
216.566666667, 106
216.6, 106
216.766666667, 105
217.433333333, 113
217.533333333, 112
217.566666667, 106
217.6, 106
217.766666667, 105
218.433333333, 113
218.533333333, 112
218.566666667, 106
218.6, 106
218.766666667, 105
219.433333333, 113
219.533333333, 112
219.566666667, 106
219.6, 106
219.766666667, 105
220.433333333, 113
220.533333333, 112
220.566666667, 106
220.6, 106
220.766666667, 105
221.433333333, 113
221.533333333, 112
221.566666667, 106
221.6, 106
221.766666667, 105
222.433333333, 113
222.533333333, 112
222.566666667, 106
222.6, 106
222.766666667, 105
223.433333333, 113
223.533333333, 106
223.566666667, 106
223.6, 105
224.0, 99
224.433333333, 113
224.533333333, 106
224.566666667, 106
224.6, 105
225.0, 99
225.433333333, 113
225.533333333, 106
225.566666667, 106
225.6, 105
226.0, 99
226.433333333, 113
226.533333333, 109
226.566666667, 106
226.6, 105
227.0, 99
227.433333333, 109
227.533333333, 109
227.566666667, 106
227.6, 105
228.0, 99
228.433333333, 109
228.533333333, 109
228.566666667, 106
228.6, 105
229.0, 99
229.433333333, 109
229.533333333, 109
229.566666667, 106
229.6, 105
230.0, 99
230.433333333, 109
230.533333333, 109
230.566666667, 106
230.6, 105
231.0, 99
231.433333333, 109
231.533333333, 109
231.566666667, 106
231.6, 105
232.0, 99
232.433333333, 109
232.533333333, 109
232.566666667, 106
232.6, 105
233.0, 99
233.433333333, 109
233.533333333, 109
233.566666667, 105
234.0, 98
234.033333333, 99
234.433333333, 109
234.533333333, 109
234.566666667, 105
235.0, 98
235.033333333, 99
235.433333333, 109
235.533333333, 109
235.566666667, 105
236.0, 98
236.033333333, 99
236.433333333, 109
236.533333333, 109
236.566666667, 105
237.0, 98
237.033333333, 99
237.433333333, 109
237.533333333, 109
237.566666667, 105
238.0, 98
238.033333333, 106
238.433333333, 109
238.533333333, 109
238.566666667, 105
239.0, 98
239.033333333, 106
239.433333333, 109
239.533333333, 109
239.566666667, 105
240.0, 98
240.033333333, 106
240.433333333, 109
240.533333333, 109
240.566666667, 105
241.0, 98
241.033333333, 106
241.433333333, 109
241.533333333, 109
241.566666667, 105
242.0, 98
242.033333333, 106
242.433333333, 109
242.533333333, 109
242.6, 105
243.0, 106
243.033333333, 110
243.433333333, 109
243.533333333, 109
243.6, 105
244.0, 106
244.033333333, 110
244.433333333, 109
244.533333333, 109
244.6, 105
245.0, 106
245.033333333, 110
245.433333333, 109
245.533333333, 109
245.6, 105
246.0, 106
246.033333333, 110
246.433333333, 109
246.533333333, 109
246.6, 105
247.0, 106
247.033333333, 110
247.433333333, 109
247.533333333, 109
247.6, 105
248.0, 106
248.033333333, 110
248.433333333, 109
248.533333333, 109
248.6, 105
249.0, 106
249.033333333, 110
249.433333333, 109
249.533333333, 109
249.6, 105
250.0, 106
250.033333333, 110
250.433333333, 109
250.533333333, 109
250.6, 105
251.0, 106
251.033333333, 110
251.433333333, 109
251.533333333, 109
251.6, 105
252.0, 106
252.033333333, 110
252.433333333, 109
252.533333333, 109
252.6, 105
253.0, 106
253.033333333, 110
253.433333333, 109
253.533333333, 109
253.6, 105
254.0, 106
254.033333333, 110
254.433333333, 109
254.533333333, 109
254.6, 105
255.0, 106
255.033333333, 110
255.433333333, 109
255.533333333, 109
255.6, 105
256.0, 106
256.033333333, 110
256.433333333, 109
256.533333333, 109
256.6, 105
257.0, 106
257.033333333, 110
257.433333333, 109
257.533333333, 109
257.6, 105
258.0, 106
258.033333333, 110
258.433333333, 109
258.533333333, 109
258.6, 105
259.0, 106
259.033333333, 110
259.433333333, 109
259.533333333, 109
259.6, 105
260.0, 106
260.033333333, 110
260.433333333, 109
260.533333333, 109
260.6, 105
261.0, 106
261.033333333, 110
261.533333333, 109
261.6, 109
261.866666667, 105
261.866666667, 106
262.0, 110
262.266666667, 119
262.266666667, 126
262.533333333, 109
262.7, 109
262.7, 110
262.9, 105
262.9, 106
263.0, 126
263.066666667, 119
263.066666667, 127
263.433333333, 137
263.533333333, 109
263.633333333, 105
263.633333333, 110
264.0, 106
264.233333333, 119
264.233333333, 127
264.533333333, 109
264.733333333, 109
264.733333333, 110
265.0, 106
265.166666667, 126
265.2, 119
265.2, 127
265.533333333, 109
265.866666667, 105
265.866666667, 110
266.0, 126
266.233333333, 119
266.233333333, 127
266.4, 109
266.4, 129
266.466666667, 109
266.466666667, 126
266.666666667, 105
266.666666667, 109
267.0, 110
267.166666667, 127
267.3, 119
267.3, 129
267.533333333, 109
268.0, 110
268.133333333, 126
268.3, 119
268.3, 127
268.5, 109
268.5, 126
268.533333333, 109
269.0, 110
269.066666667, 119
269.066666667, 127
269.133333333, 129
269.433333333, 137
269.533333333, 109
270.0, 110
270.133333333, 127
270.233333333, 119
270.233333333, 129
270.466666667, 109
270.466666667, 126
271.0, 109
271.033333333, 110
271.1, 127
271.133333333, 129
271.433333333, 137
272.0, 109
272.033333333, 110
272.1, 127
272.133333333, 129
272.466666667, 109
272.466666667, 126
273.0, 109
273.033333333, 110
273.1, 127
273.133333333, 129
273.433333333, 137
274.0, 109
274.033333333, 110
274.1, 129
274.433333333, 141
274.533333333, 109
275.0, 110
275.1, 129
275.133333333, 131
275.433333333, 137
275.533333333, 119
276.0, 110
276.1, 129
276.133333333, 131
276.533333333, 119
276.9, 109
276.9, 110
277.0, 126
277.1, 129
277.133333333, 131
277.433333333, 137
277.533333333, 119
278.0, 110
278.1, 129
278.133333333, 131
278.5, 119
278.5, 126
278.533333333, 109
279.0, 110
279.1, 129
279.133333333, 131
279.433333333, 137
279.533333333, 119
280.0, 110
280.1, 129
280.133333333, 131
280.5, 119
280.5, 126
281.0, 110
281.1, 129
281.133333333, 130
281.166666667, 131
281.566666667, 119
282.0, 126
282.1, 129
282.133333333, 130
282.3, 119
282.3, 131
282.866666667, 109
282.866666667, 110
283.0, 126
283.1, 129
283.133333333, 130
283.166666667, 131
283.566666667, 119
284.0, 126
284.1, 129
284.133333333, 130
284.2, 119
284.2, 131
284.666666667, 109
284.666666667, 110
285.0, 126
285.1, 129
285.133333333, 130
285.166666667, 131
285.566666667, 119
286.0, 126
286.066666667, 119
286.066666667, 129
286.1, 130
286.133333333, 131
287.0, 110
287.033333333, 126
287.1, 129
287.133333333, 130
287.166666667, 131
288.0, 126
288.033333333, 129
288.1, 130
288.133333333, 131
288.5, 109
288.5, 126
289.0, 126
289.033333333, 129
289.1, 130
289.133333333, 131
289.433333333, 137
290.0, 126
290.033333333, 129
290.1, 130
290.133333333, 131
290.933333333, 109
290.933333333, 126
291.0, 126
291.033333333, 129
291.1, 130
291.133333333, 131
291.433333333, 137
292.0, 126
292.033333333, 129
292.1, 130
292.133333333, 131
292.733333333, 109
292.733333333, 126
293.0, 126
293.033333333, 129
293.1, 130
293.133333333, 131
293.433333333, 137
294.0, 126
294.033333333, 129
294.1, 130
294.133333333, 131
295.0, 126
295.033333333, 126
295.1, 129
295.133333333, 130
295.166666667, 131
296.0, 126
296.033333333, 126
296.1, 129
296.133333333, 130
296.2, 109
296.2, 131
297.0, 126
297.033333333, 126
297.1, 129
297.133333333, 130
297.166666667, 131
298.0, 126
298.033333333, 126
298.1, 129
298.133333333, 130
298.266666667, 109
298.266666667, 131
299.0, 115
299.033333333, 126
299.1, 126
299.133333333, 130
299.166666667, 131
300.0, 115
300.033333333, 126
300.1, 126
300.133333333, 130
300.266666667, 109
300.266666667, 131
301.0, 115
301.033333333, 126
301.1, 130
301.133333333, 131
301.433333333, 122
302.0, 115
302.033333333, 126
302.1, 130
302.133333333, 131
302.433333333, 122
303.0, 115
303.033333333, 126
303.1, 130
303.433333333, 141
303.6, 122
304.0, 115
304.1, 126
304.133333333, 130
304.433333333, 122
304.6, 118
305.0, 115
305.1, 126
305.133333333, 130
305.433333333, 122
305.6, 118
306.0, 115
306.1, 126
306.133333333, 130
306.433333333, 122
306.6, 118
307.0, 105
307.1, 126
307.133333333, 130
307.433333333, 122
307.6, 118
308.0, 105
308.066666667, 118
308.066666667, 126
308.133333333, 130
308.433333333, 122
308.6, 114
309.0, 105
309.133333333, 126
309.2, 122
309.2, 130
309.433333333, 118
309.6, 114
310.0, 105
310.133333333, 126
310.266666667, 118
310.266666667, 130
310.433333333, 114
310.6, 112
311.0, 105
311.266666667, 118
311.266666667, 126
311.433333333, 114
311.6, 112
311.633333333, 110
311.633333333, 126
312.0, 105
312.433333333, 118
312.466666667, 114
312.466666667, 130
312.6, 112
312.7, 110
312.7, 126
313.0, 105
313.366666667, 118
313.366666667, 130
313.433333333, 114
313.6, 112
313.766666667, 110
314.0, 126
314.2, 118
314.2, 130
314.433333333, 114
314.6, 112
314.666666667, 110
314.666666667, 126
315.0, 105
315.266666667, 118
315.266666667, 130
315.433333333, 114
315.6, 112
315.766666667, 110
316.0, 126
316.4, 118
316.4, 130
316.433333333, 114
316.6, 112
316.766666667, 110
317.4, 118
317.4, 126
317.433333333, 116
317.6, 114
317.766666667, 112
317.9, 110
317.9, 126
318.0, 130
318.433333333, 118
318.6, 114
318.766666667, 112
319.433333333, 118
319.6, 116
319.766666667, 114
320.0, 126
320.233333333, 118
320.233333333, 130
320.433333333, 114
320.6, 112
320.766666667, 110
321.333333333, 118
321.333333333, 126
321.433333333, 116
321.6, 114
321.766666667, 112
322.0, 126
322.433333333, 118
322.6, 114
322.766666667, 112
323.433333333, 118
323.6, 116
323.633333333, 114
323.633333333, 126
323.766666667, 112
324.0, 130
324.433333333, 118
324.566666667, 114
324.6, 112
324.766666667, 110
325.433333333, 118
325.566666667, 116
325.6, 114
325.766666667, 112
326.433333333, 139
326.533333333, 118
326.566666667, 114
326.6, 112
326.766666667, 110
327.433333333, 118
327.533333333, 116
327.566666667, 114
327.6, 112
327.766666667, 110
328.433333333, 139
328.533333333, 118
328.566666667, 114
328.6, 112
328.766666667, 110
329.433333333, 118
329.533333333, 116
329.566666667, 114
329.6, 112
329.766666667, 110
330.433333333, 139
330.533333333, 118
330.566666667, 114
330.6, 112
330.766666667, 110
331.433333333, 118
331.533333333, 116
331.566666667, 114
331.6, 112
331.766666667, 110
332.433333333, 139
332.533333333, 118
332.566666667, 114
332.6, 112
332.766666667, 110
333.433333333, 118
333.533333333, 116
333.566666667, 114
333.6, 112
333.766666667, 110
334.433333333, 139
334.533333333, 118
334.566666667, 114
334.6, 112
334.766666667, 110
335.433333333, 118
335.533333333, 116
335.566666667, 114
335.6, 112
335.766666667, 110
336.433333333, 139
336.533333333, 118
336.566666667, 114
336.6, 112
336.766666667, 110
337.433333333, 118
337.533333333, 116
337.566666667, 114
337.6, 112
337.766666667, 110
338.433333333, 139
338.533333333, 118
338.566666667, 114
338.6, 112
338.766666667, 110
339.433333333, 118
339.533333333, 116
339.566666667, 114
339.6, 112
339.766666667, 110
340.433333333, 139
340.533333333, 118
340.566666667, 114
340.6, 112
340.766666667, 110
341.433333333, 118
341.533333333, 116
341.566666667, 114
341.6, 110
342.0, 105
342.433333333, 123
342.533333333, 118
342.566666667, 114
342.6, 110
343.0, 105
343.433333333, 123
343.533333333, 118
343.566666667, 114
343.6, 110
344.0, 105
344.433333333, 123
344.533333333, 118
344.566666667, 114
344.6, 110
345.0, 105
345.433333333, 123
345.533333333, 118
345.566666667, 114
345.6, 110
346.0, 105
346.433333333, 123
346.533333333, 118
346.566666667, 114
346.633333333, 110
346.633333333, 121
347.0, 105
347.433333333, 123
347.533333333, 118
347.566666667, 114
348.0, 105
348.066666667, 118
348.066666667, 121
348.433333333, 133
348.533333333, 123
348.566666667, 114
349.0, 105
349.133333333, 121
349.433333333, 123
349.533333333, 118
349.566666667, 114
350.0, 105
350.133333333, 121
350.433333333, 123
350.533333333, 118
350.566666667, 114
351.0, 105
351.133333333, 121
351.433333333, 123
351.533333333, 118
351.566666667, 114
352.0, 105
352.133333333, 121
352.433333333, 123
352.533333333, 118
352.566666667, 114
353.0, 105
353.133333333, 121
353.433333333, 123
353.533333333, 118
353.566666667, 114
354.0, 105
354.133333333, 121
354.433333333, 123
354.533333333, 118
354.566666667, 114
355.0, 105
355.133333333, 121
355.433333333, 123
355.533333333, 118
355.566666667, 114
356.0, 121
356.433333333, 133
356.533333333, 123
356.566666667, 118
356.833333333, 114
356.833333333, 121
357.433333333, 133
357.533333333, 123
357.566666667, 116
358.0, 121
358.033333333, 137
358.433333333, 133
358.533333333, 123
358.566666667, 114
359.033333333, 121
359.366666667, 133
359.366666667, 137
359.433333333, 123
359.533333333, 116
359.566666667, 114
360.0, 121
360.033333333, 137
360.433333333, 133
360.533333333, 123
360.566666667, 114
361.033333333, 121
361.1, 137
361.433333333, 133
361.533333333, 123
361.566666667, 116
362.0, 121
362.033333333, 137
362.433333333, 152
362.533333333, 133
362.566666667, 123
363.033333333, 121
363.1, 137
363.433333333, 133
363.533333333, 123
363.566666667, 116
364.0, 121
364.033333333, 137
364.433333333, 152
364.533333333, 133
364.566666667, 123
365.0, 121
365.033333333, 137
365.433333333, 152
365.533333333, 133
365.566666667, 123
366.0, 121
366.033333333, 137
366.433333333, 152
366.533333333, 133
366.566666667, 123
367.0, 121
367.033333333, 137
367.433333333, 152
367.533333333, 133
367.566666667, 123
368.0, 121
368.033333333, 137
368.433333333, 152
368.533333333, 123
369.0, 100
369.033333333, 121
369.1, 137
369.433333333, 153
369.533333333, 123
370.0, 100
370.033333333, 121
370.1, 137
370.433333333, 153
370.533333333, 123
371.0, 100
371.033333333, 121
371.1, 137
371.433333333, 153
371.533333333, 123
372.0, 100
372.033333333, 121
372.1, 137
372.433333333, 153
372.533333333, 123
373.0, 100
373.033333333, 121
373.1, 137
373.433333333, 153
373.533333333, 123
374.0, 100
374.033333333, 121
374.1, 137
374.433333333, 153
374.566666667, 123
375.0, 121
375.033333333, 137
375.1, 139
375.433333333, 153
375.566666667, 123
376.0, 121
376.033333333, 137
376.1, 139
376.433333333, 153
376.566666667, 123
377.0, 121
377.033333333, 137
377.1, 139
377.433333333, 153
377.566666667, 123
378.0, 121
378.033333333, 137
378.1, 139
378.433333333, 153
378.566666667, 123
379.0, 132
379.033333333, 137
379.1, 139
379.433333333, 153
379.566666667, 123
380.0, 132
380.033333333, 137
380.1, 139
380.433333333, 153
380.566666667, 123
381.0, 132
381.033333333, 137
381.1, 139
381.433333333, 153
381.566666667, 123
382.0, 132
382.033333333, 137
382.1, 139
382.433333333, 153
382.566666667, 123
383.0, 132
383.033333333, 137
383.1, 139
383.433333333, 153
383.566666667, 123
384.0, 123
384.033333333, 132
384.1, 139
384.433333333, 153
384.566666667, 133
385.0, 123
385.033333333, 132
385.1, 139
385.433333333, 153
385.566666667, 133
386.0, 123
386.033333333, 132
386.1, 139
386.433333333, 153
386.566666667, 133
387.0, 123
387.033333333, 132
387.133333333, 139
387.433333333, 133
387.566666667, 126
388.0, 123
388.033333333, 132
388.133333333, 139
388.433333333, 133
388.566666667, 126
389.0, 123
389.033333333, 132
389.133333333, 139
389.433333333, 133
389.566666667, 126
390.0, 123
390.133333333, 132
390.433333333, 133
390.466666667, 126
390.466666667, 139
390.566666667, 121
391.0, 123
391.133333333, 132
391.3, 133
391.3, 139
391.433333333, 126
391.566666667, 121
392.0, 123
392.133333333, 132
392.433333333, 133
392.566666667, 126
392.733333333, 121
392.733333333, 132
393.0, 123
393.133333333, 139
393.433333333, 133
393.566666667, 126
393.966666667, 121
393.966666667, 123
394.0, 132
394.133333333, 139
394.433333333, 133
394.566666667, 126
395.0, 123
395.133333333, 132
395.4, 133
395.4, 139
395.433333333, 126
395.566666667, 121
396.0, 123
396.133333333, 132
396.266666667, 133
396.266666667, 139
396.433333333, 126
396.566666667, 121
397.0, 123
397.133333333, 132
397.233333333, 133
397.233333333, 139
397.433333333, 126
397.566666667, 121
398.0, 123
398.133333333, 132
398.433333333, 133
398.566666667, 126
398.733333333, 121
398.733333333, 132
399.0, 123
399.133333333, 139
399.433333333, 133
399.566666667, 126
399.866666667, 121
399.866666667, 123
400.0, 132
400.133333333, 139
400.433333333, 133
400.566666667, 126
400.666666667, 121
400.666666667, 132
401.0, 123
401.066666667, 121
401.066666667, 139
401.433333333, 133
401.566666667, 126
402.0, 123
402.166666667, 132
402.2, 126
402.2, 139
402.566666667, 121
402.633333333, 106
402.633333333, 126
403.0, 95
403.166666667, 132
403.266666667, 126
403.266666667, 139
403.566666667, 121
403.633333333, 106
403.633333333, 126
404.0, 95
404.166666667, 132
404.433333333, 126
404.566666667, 121
404.766666667, 106
405.0, 132
405.266666667, 133
405.266666667, 139
405.433333333, 126
405.566666667, 121
405.666666667, 106
405.666666667, 132
406.0, 95
406.433333333, 133
406.566666667, 126
406.766666667, 121
406.8, 106
406.8, 132
407.0, 139
407.433333333, 126
407.566666667, 121
407.766666667, 106
408.0, 132
408.266666667, 126
408.266666667, 139
408.533333333, 121
408.566666667, 106
408.633333333, 106
408.633333333, 126
409.0, 95
409.366666667, 126
409.366666667, 132
409.566666667, 121
409.766666667, 106
409.833333333, 106
409.833333333, 126
410.0, 132
410.433333333, 126
410.533333333, 121
410.566666667, 106
410.766666667, 106
411.0, 132
411.433333333, 126
411.566666667, 121
411.766666667, 106
412.0, 132
412.3, 126
412.3, 139
412.533333333, 121
412.566666667, 106
412.6, 106
413.0, 95
413.1, 126
413.566666667, 121
413.6, 106
413.7, 106
413.7, 126
414.0, 95
414.233333333, 126
414.233333333, 139
414.533333333, 121
414.566666667, 106
414.6, 106
415.0, 95
415.4, 118
415.4, 126
415.566666667, 117
415.6, 106
415.766666667, 106
416.366666667, 118
416.366666667, 126
416.533333333, 117
416.566666667, 116
416.6, 106
416.766666667, 106
417.066666667, 117
417.066666667, 126
417.566666667, 118
417.6, 116
417.766666667, 106
417.933333333, 106
417.933333333, 126
418.066666667, 117
418.066666667, 139
418.5, 118
418.5, 126
418.533333333, 116
418.566666667, 106
418.6, 106
419.0, 95
419.433333333, 118
419.566666667, 117
419.6, 106
419.766666667, 106
420.433333333, 118
420.5, 117
420.5, 139
420.533333333, 116
420.566666667, 106
420.6, 106
421.0, 95
421.433333333, 118
421.566666667, 117
421.6, 106
421.7, 106
421.7, 139
422.0, 95
422.433333333, 118
422.533333333, 117
422.566666667, 106
422.6, 106
423.0, 95
423.433333333, 118
423.566666667, 117
423.766666667, 106
423.9, 106
423.9, 128
424.033333333, 139
424.5, 116
424.5, 117
424.533333333, 106
424.566666667, 106
425.0, 95
425.033333333, 128
425.433333333, 140
425.566666667, 106
425.766666667, 106
426.033333333, 128
426.1, 139
426.533333333, 116
426.566666667, 106
426.7, 106
426.7, 117
427.0, 95
427.033333333, 128
427.433333333, 147
427.533333333, 140
427.766666667, 106
428.033333333, 128
428.1, 136
428.433333333, 147
428.533333333, 116
429.0, 95
429.033333333, 128
429.1, 136
429.433333333, 150
429.533333333, 147
430.0, 95
430.033333333, 128
430.1, 136
430.433333333, 150
430.533333333, 147
431.0, 95
431.033333333, 128
431.1, 136
431.433333333, 150
431.533333333, 147
432.033333333, 128
432.1, 136
432.133333333, 146
432.433333333, 150
432.533333333, 116
433.033333333, 128
433.066666667, 116
433.066666667, 136
433.133333333, 146
433.433333333, 150
433.533333333, 140
434.033333333, 128
434.1, 136
434.133333333, 146
434.433333333, 150
434.533333333, 116
435.033333333, 128
435.1, 136
435.133333333, 146
435.433333333, 150
435.666666667, 116
435.666666667, 128
436.033333333, 136
436.1, 139
436.133333333, 146
436.433333333, 150
436.533333333, 116
437.033333333, 128
437.1, 136
437.133333333, 146
437.433333333, 150
437.8, 116
437.8, 128
438.033333333, 136
438.1, 139
438.133333333, 146
438.433333333, 150
438.533333333, 116
439.033333333, 128
439.066666667, 116
439.066666667, 136
439.133333333, 146
439.433333333, 150
439.533333333, 140
440.033333333, 128
440.1, 136
440.133333333, 146
440.433333333, 150
440.533333333, 116
441.033333333, 128
441.1, 136
441.133333333, 146
441.433333333, 150
441.633333333, 116
441.633333333, 128
442.033333333, 136
442.1, 139
442.133333333, 146
442.433333333, 150
442.533333333, 116
443.033333333, 128
443.066666667, 116
443.066666667, 136
443.133333333, 146
443.433333333, 150
443.566666667, 140
444.033333333, 128
444.133333333, 146
444.433333333, 150
444.566666667, 140
444.7, 116
444.7, 128
445.133333333, 146
445.2, 150
445.2, 152
445.433333333, 140
445.566666667, 140
445.633333333, 116
445.633333333, 128
446.133333333, 146
446.433333333, 150
446.566666667, 140
446.6, 140
446.866666667, 116
446.866666667, 146
447.066666667, 140
447.066666667, 152
447.433333333, 150
447.566666667, 147
447.6, 140
447.7, 116
447.7, 152
448.133333333, 146
448.433333333, 150
448.566666667, 140
448.6, 140
448.666666667, 116
448.666666667, 152
449.133333333, 146
449.433333333, 150
449.566666667, 140
449.6, 140
449.666666667, 116
449.666666667, 152
450.133333333, 146
450.433333333, 150
450.566666667, 140
450.6, 140
450.966666667, 116
450.966666667, 146
451.433333333, 150
451.566666667, 150
451.6, 148
451.9, 140
451.9, 146
452.433333333, 150
452.566666667, 148
452.6, 140
453.0, 146
453.3, 150
453.3, 152
453.433333333, 148
453.566666667, 140
453.6, 140
454.133333333, 146
454.433333333, 150
454.466666667, 140
454.466666667, 152
454.566666667, 140
455.0, 128
455.133333333, 146
455.433333333, 150
455.466666667, 140
455.466666667, 152
455.566666667, 140
456.033333333, 128
456.133333333, 146
456.4, 150
456.4, 152
456.433333333, 140
456.833333333, 116
456.833333333, 122
457.0, 128
457.033333333, 136
457.433333333, 150
457.566666667, 148
457.6, 140
458.033333333, 122
458.433333333, 150
458.566666667, 148
458.6, 140
458.933333333, 116
458.933333333, 122
459.3, 150
459.3, 152
459.433333333, 150
459.566666667, 148
459.6, 140
459.7, 129
459.7, 152
460.033333333, 122
460.433333333, 150
460.566666667, 148
460.6, 140
460.8, 116
460.8, 122
461.433333333, 150
461.533333333, 150
461.566666667, 148
461.6, 140
461.766666667, 129
462.433333333, 150
462.566666667, 148
462.6, 140
462.7, 129
462.7, 152
463.0, 122
463.433333333, 150
463.533333333, 148
463.566666667, 140
463.6, 129
464.033333333, 122
464.433333333, 150
464.566666667, 148
464.6, 140
465.0, 122
465.233333333, 150
465.233333333, 152
465.433333333, 148
465.533333333, 129
465.7, 111
465.7, 113
466.033333333, 122
466.133333333, 136
466.433333333, 150
466.6, 116
466.933333333, 111
466.933333333, 122
467.0, 136
467.366666667, 150
467.366666667, 152
467.433333333, 148
467.533333333, 129
467.666666667, 111
467.666666667, 113
468.033333333, 122
468.133333333, 136
468.433333333, 150
468.6, 116
468.633333333, 111
468.633333333, 136
469.0, 122
469.2, 150
469.2, 152
469.433333333, 148
469.533333333, 129
469.966666667, 111
469.966666667, 113
470.033333333, 122
470.066666667, 116
470.066666667, 136
470.433333333, 150
470.566666667, 148
471.0, 113
471.033333333, 122
471.433333333, 150
471.533333333, 148
471.566666667, 111
472.0, 113
472.033333333, 122
472.433333333, 150
472.566666667, 148
472.7, 111
472.7, 113
473.0, 122
473.333333333, 150
473.333333333, 152
473.433333333, 148
473.533333333, 129
473.566666667, 111
474.033333333, 113
474.066666667, 106
474.066666667, 122
474.433333333, 150
474.566666667, 148
474.866666667, 111
474.866666667, 113
475.033333333, 122
475.4, 150
475.4, 152
475.433333333, 148
475.533333333, 111
475.566666667, 106
476.033333333, 113
476.133333333, 122
476.433333333, 150
476.566666667, 111
476.933333333, 106
476.933333333, 113
477.033333333, 122
477.4, 148
477.4, 152
477.466666667, 111
477.466666667, 132
477.566666667, 110
478.033333333, 111
478.133333333, 113
478.566666667, 111
478.833333333, 110
478.833333333, 113
479.033333333, 122
479.066666667, 106
479.066666667, 132
479.433333333, 148
479.533333333, 111
479.566666667, 110
480.033333333, 113
480.133333333, 122
480.566666667, 111
480.7, 110
480.7, 113
481.033333334, 122
481.133333334, 132
481.533333334, 111
481.566666667, 110
481.7, 106
481.7, 113
482.033333334, 122
482.133333334, 132
482.566666667, 111
482.666666667, 110
482.666666667, 113
482.7, 106
482.7, 132
483.033333334, 122
483.433333334, 148
483.533333334, 111
483.566666667, 110
484.033333334, 113
484.133333334, 122
484.466666667, 111
484.466666667, 132
484.566666667, 110
484.7, 106
484.7, 113
485.033333334, 122
485.066666667, 106
485.066666667, 152
485.433333334, 148
485.533333334, 111
485.566666667, 110
486.033333334, 113
486.133333334, 122
486.566666667, 111
486.8, 110
486.8, 113
487.033333334, 122
487.133333334, 132
487.5, 111
487.5, 132
487.566666667, 110
488.033333334, 111
488.133333334, 113
489.033333334, 113
489.133333334, 122
489.533333334, 111
489.866666667, 110
489.866666667, 113
490.033333334, 122
490.133333334, 131
490.8, 111
490.8, 113
491.033333334, 122
491.133333334, 131
491.366666667, 111
491.366666667, 132
491.666666667, 110
491.666666667, 111
492.033333334, 113
492.133333334, 122
492.466666667, 111
492.466666667, 131
493.033333334, 113
493.133333334, 122
493.2, 111
493.2, 131
493.266666667, 106
493.266666667, 132
494.033333334, 111
494.133333334, 113
495.033333334, 113
495.133333334, 122
495.533333334, 111
496.033333334, 113
496.133333334, 131
496.966666667, 111
496.966666667, 113
497.0, 122
497.133333334, 131
497.4, 129
497.4, 132
497.533333334, 111
497.666666667, 110
497.666666667, 113
498.133333334, 131
498.166666667, 132
498.266666667, 129
498.266666667, 147
499.0, 113
499.033333334, 122
499.1, 131
499.133333334, 132
499.166666667, 152
500.033333334, 111
500.066666667, 106
500.066666667, 113
500.1, 131
500.133333334, 147
500.433333334, 169
501.0, 113
501.033333334, 122
501.1, 131
501.133333334, 152
501.433333334, 169
502.033333334, 111
502.1, 113
502.133333334, 131
502.166666667, 147
502.966666667, 106
502.966666667, 113
503.0, 122
503.033333334, 131
503.1, 152
503.166666667, 161
503.533333334, 156
504.033333334, 113
504.1, 131
504.133333334, 147
504.166666667, 161
505.0, 113
505.033333334, 122
505.1, 131
505.133333334, 152
505.166666667, 161
506.033333334, 111
506.066666667, 106
506.066666667, 113
506.1, 131
506.133333334, 147
506.166666667, 161
507.0, 113
507.033333334, 122
507.1, 131
507.166666667, 161
507.566666667, 156
508.033333334, 113
508.1, 147
508.166666667, 157
508.566666667, 156
508.8, 106
508.8, 113
509.0, 122
509.033333334, 157
509.1, 161
509.433333334, 169
509.566666667, 156
510.033333334, 113
510.1, 147
510.166666667, 157
510.566666667, 156
510.933333334, 106
510.933333334, 122
511.0, 157
511.033333334, 161
511.433333334, 170
511.533333334, 169
511.566666667, 156
512.033333334, 149
512.433333334, 170
512.533333334, 169
512.566666667, 156
513.0, 145
513.033333334, 149
513.433333334, 169
513.566666667, 156
513.6, 154
514.0, 145
514.033333334, 157
514.433333334, 170
514.533333334, 169
514.566666667, 156
515.0, 145
515.033333334, 149
515.433333334, 169
515.566666667, 156
515.6, 154
516.0, 145
516.033333334, 157
516.433333334, 170
516.533333334, 169
516.566666667, 156
517.0, 145
517.033333334, 149
517.433333334, 169
517.566666667, 156
517.6, 154
518.0, 145
518.033333334, 157
518.433333334, 170
518.533333334, 169
518.566666667, 156
519.0, 145
519.033333334, 149
519.433333334, 169
519.566666667, 156
519.6, 154
520.0, 145
520.033333334, 157
520.433333334, 170
520.533333334, 169
520.566666667, 156
521.0, 145
521.433333334, 169
521.566666667, 156
521.6, 154
522.0, 145
522.1, 157
522.433333334, 169
522.566666667, 156
522.6, 122
523.0, 145
523.166666667, 157
523.466666667, 156
523.466666667, 161
523.566666667, 154
523.6, 122
524.0, 145
524.1, 157
524.433333334, 169
524.533333334, 156
524.6, 122
525.0, 131
525.1, 145
525.433333334, 169
525.533333334, 156
525.6, 122
526.0, 131
526.1, 145
526.433333334, 169
526.533333334, 156
526.6, 122
527.0, 131
527.1, 145
527.433333334, 169
527.533333334, 156
527.6, 122
528.0, 131
528.1, 145
528.433333334, 169
528.533333334, 156
528.6, 122
529.0, 131
529.1, 145
529.433333334, 169
529.533333334, 156
529.6, 122
530.0, 131
530.1, 145
530.433333334, 169
530.533333334, 156
530.6, 122
531.0, 131
531.1, 145
531.433333334, 169
531.533333334, 156
531.6, 122
532.0, 131
532.1, 145
532.433333334, 169
532.533333334, 156
532.6, 122
533.0, 131
533.1, 145
533.433333334, 169
533.533333334, 156
533.6, 122
534.0, 131
534.1, 145
534.433333334, 169
534.533333334, 156
534.6, 122
535.0, 145
535.433333334, 169
535.533333334, 156
535.566666667, 154
535.6, 122
536.0, 145
536.433333334, 170
536.533333334, 156
536.566666667, 122
536.633333334, 110
536.633333334, 113
537.0, 145
537.433333334, 169
537.533333334, 156
537.566666667, 154
537.6, 122
538.0, 145
538.433333334, 170
538.533333334, 156
538.566666667, 122
539.0, 113
539.1, 145
539.433333334, 169
539.533333333, 156
539.566666667, 122
540.0, 113
540.1, 145
540.433333333, 156
540.533333333, 122
540.566666667, 110
541.0, 113
541.1, 145
541.433333333, 169
541.533333333, 128
541.566666667, 122
542.0, 113
542.1, 145
542.433333333, 128
542.533333333, 122
542.566666667, 110
543.0, 113
543.1, 145
543.433333333, 169
543.533333333, 128
543.566666667, 122
544.0, 113
544.1, 125
544.433333333, 128
544.533333333, 122
544.566666667, 110
545.0, 113
545.1, 145
545.433333333, 169
545.533333333, 128
545.566666667, 122
546.0, 113
546.1, 125
546.433333333, 128
546.533333333, 122
546.566666667, 110
547.0, 113
547.1, 145
547.433333333, 169
547.533333333, 128
547.566666667, 122
548.0, 113
548.1, 125
548.433333333, 128
548.533333333, 122
548.566666667, 110
549.0, 113
549.1, 145
549.433333333, 169
549.533333333, 128
549.566666667, 122
550.0, 113
550.1, 125
550.433333333, 128
550.533333333, 122
551.0, 99
551.033333333, 113
551.1, 145
551.433333333, 166
551.533333333, 128
552.0, 99
552.033333333, 113
552.1, 125
552.433333333, 166
552.533333333, 128
553.0, 99
553.033333333, 113
553.1, 145
553.433333333, 166
553.533333333, 128
554.0, 99
554.033333333, 113
554.1, 125
554.433333333, 166
554.533333333, 128
555.0, 99
555.033333333, 113
555.1, 145
555.433333333, 166
555.533333333, 128
556.0, 99
556.033333333, 113
556.1, 125
556.433333333, 166
556.533333333, 128
557.0, 99
557.033333333, 113
557.1, 145
557.433333333, 166
557.533333333, 128
558.0, 99
558.033333333, 113
558.1, 125
558.433333333, 166
558.533333333, 128
559.0, 99
559.033333333, 113
559.1, 145
559.433333333, 166
559.533333333, 128
560.0, 99
560.033333333, 113
560.1, 125
560.433333333, 166
560.533333333, 128
561.0, 99
561.033333333, 113
561.1, 145
561.433333333, 166
561.533333333, 128
562.0, 99
562.033333333, 113
562.1, 125
562.433333333, 166
562.533333333, 128
563.0, 99
563.033333333, 113
563.1, 145
563.433333333, 166
563.533333333, 128
564.0, 99
564.033333333, 113
564.1, 125
564.433333333, 166
564.533333333, 128
565.0, 99
565.033333333, 113
565.1, 145
565.433333333, 166
565.533333333, 128
566.0, 99
566.1, 125
566.166666667, 156
566.433333333, 128
566.566666667, 122
567.0, 145
567.1, 155
567.166666667, 156
567.466666667, 128
567.466666667, 161
567.566666667, 122
568.0, 125
568.1, 155
568.166666667, 156
568.566666667, 128
568.8, 122
568.8, 145
569.0, 147
569.1, 155
569.166666667, 156
569.5, 128
569.5, 147
569.566666667, 122
570.0, 125
570.1, 155
570.166666667, 156
570.433333333, 147
570.7, 128
570.7, 135
571.0, 145
571.1, 155
571.166666667, 156
571.433333333, 147
571.566666667, 142
572.0, 125
572.1, 155
572.166666667, 156
572.433333333, 147
572.566666667, 142
573.0, 145
573.1, 155
573.166666667, 156
573.433333333, 147
573.566666667, 142
574.0, 125
574.1, 155
574.166666667, 156
574.433333333, 147
574.566666667, 142
575.0, 145
575.1, 155
575.166666667, 156
575.433333333, 147
575.566666667, 142
576.0, 125
576.1, 155
576.166666667, 156
576.433333333, 147
576.566666667, 142
577.0, 145
577.1, 155
577.166666667, 156
577.433333333, 147
577.566666667, 118
578.0, 125
578.066666667, 147
578.066666667, 155
578.1, 156
578.433333333, 166
578.566666667, 118
579.0, 145
579.066666667, 147
579.066666667, 155
579.1, 156
579.433333333, 166
579.566666667, 118
580.0, 125
580.1, 155
580.166666667, 156
580.433333333, 147
580.566666667, 118
581.0, 145
581.1, 155
581.166666667, 156
581.433333333, 147
581.566666667, 118
582.0, 125
582.1, 155
582.166666667, 156
582.433333333, 147
582.566666667, 118
583.0, 145
583.1, 155
583.166666667, 156
583.433333333, 147
583.566666667, 118
584.0, 125
584.1, 155
584.166666667, 156
584.433333333, 147
584.566666667, 118
585.0, 145
585.066666667, 147
585.066666667, 155
585.1, 156
585.433333333, 166
585.566666667, 118
586.0, 125
586.1, 155
586.166666667, 156
586.433333333, 147
586.566666667, 118
587.0, 145
587.1, 155
587.166666667, 156
587.433333333, 147
587.566666667, 118
588.033333333, 125
588.1, 155
588.166666667, 156
588.566666667, 118
588.666666667, 109
588.666666667, 147
589.033333333, 145
589.1, 155
589.166666667, 156
589.433333333, 118
589.833333333, 109
589.833333333, 116
590.1, 125
590.166666667, 155
590.366666667, 118
590.366666667, 156
590.566666667, 116
591.1, 145
591.166666667, 147
591.366666667, 118
591.366666667, 155
591.433333333, 116
591.633333333, 109
591.633333333, 116
592.1, 125
592.166666667, 155
592.366666667, 118
592.366666667, 156
592.566666667, 116
592.933333333, 109
592.933333333, 145
593.166666667, 147
593.433333333, 127
593.566666667, 118
593.7, 116
593.7, 155
593.8, 109
593.8, 125
594.166666667, 156
594.533333333, 127
594.566666667, 118
594.9, 116
594.9, 145
594.966666667, 109
594.966666667, 147
595.066666667, 116
595.066666667, 156
595.433333333, 166
595.533333333, 127
595.566666667, 118
596.1, 125
596.166666667, 156
596.566666667, 118
597.1, 124
597.166666667, 145
597.233333333, 118
597.233333333, 147
597.433333333, 116
598.033333333, 116
598.066666667, 109
598.066666667, 124
598.1, 125
598.166666667, 140
598.566666667, 118
599.1, 124
599.166666667, 140
599.433333333, 118
599.566666667, 116
599.866666667, 109
599.866666667, 124
600.1, 125
600.166666667, 140
600.566666667, 118
600.666666667, 116
600.666666667, 124
600.7, 109
600.7, 140
601.166666667, 145
601.433333333, 127
601.566666667, 118
602.1, 124
602.166666667, 125
602.566666667, 118
602.666666667, 116
602.666666667, 124
603.166666667, 140
603.433333333, 127
603.5, 118
603.5, 145
603.566666667, 116
603.666666667, 109
603.666666667, 124
604.1, 125
604.166666667, 140
604.566666667, 118
604.966666667, 116
604.966666667, 124
605.166666667, 140
605.266666667, 127
605.266666667, 145
605.566666667, 118
605.833333333, 116
605.833333333, 124
606.1, 125
606.166666667, 140
606.466666667, 118
606.466666667, 169
606.566666667, 116
607.1, 124
607.166666667, 140
607.833333333, 118
607.833333333, 124
607.9, 109
607.9, 125
608.166666667, 140
608.466666667, 127
608.466666667, 169
608.833333333, 118
608.833333333, 124
609.166666667, 140
609.233333333, 127
609.233333333, 145
609.266666667, 118
609.266666667, 175
609.966666667, 116
609.966666667, 124
610.1, 125
610.166666667, 140
610.3, 118
610.3, 169
611.066666667, 116
611.066666667, 124
611.166666667, 140
611.4, 118
611.4, 145
612.1, 124
612.166666667, 125
612.233333333, 118
612.233333333, 140
612.266666667, 109
612.266666667, 169
613.1, 124
613.166666667, 140
614.1, 124
614.166666667, 125
614.2, 118
614.2, 140
614.266666667, 116
614.266666667, 169
615.1, 124
615.166666667, 140
616.1, 124
616.166666667, 125
616.233333333, 118
616.233333333, 140
616.333333333, 116
616.333333333, 169
616.366666667, 109
616.366666667, 175
617.1, 124
617.166666667, 140
617.2, 118
617.2, 145
617.366666667, 109
617.366666667, 169
618.1, 124
618.166666667, 125
618.833333333, 118
618.833333333, 124
618.933333333, 109
618.933333333, 140
619.1, 145
619.4, 161
619.4, 169
619.466666667, 118
619.466666667, 169
620.1, 124
620.166666667, 125
620.2, 118
620.2, 140
621.1, 136
621.166666667, 140
621.233333333, 118
621.233333333, 145
621.333333333, 116
621.333333333, 169
622.1, 125
622.166666667, 136
622.3, 118
622.3, 140
622.833333333, 116
622.833333333, 136
623.1, 140
623.166666667, 145
624.1, 121
624.166666667, 136
624.466666667, 118
624.466666667, 140
625.1, 121
625.166666667, 136
625.5, 123
625.5, 169
625.6, 116
626.1, 121
626.166666667, 136
626.466666667, 123
626.466666667, 169
627.033333333, 113
627.1, 121
627.166666667, 136
627.6, 123
627.9, 109
627.9, 121
628.1, 136
628.2, 161
628.2, 169
628.6, 123
628.833333333, 118
628.833333333, 121
629.1, 136
629.6, 123
629.666666667, 118
629.666666667, 136
629.9, 109
629.9, 121
630.1, 169
630.6, 123
630.8, 118
630.8, 121
631.1, 136
631.6, 123
632.1, 121
632.2, 123
632.2, 136
632.266666667, 109
632.266666667, 169
632.466666667, 106
632.466666667, 169
633.033333333, 113
633.1, 121
633.233333333, 123
633.233333333, 136
633.633333333, 109
633.633333333, 113
634.1, 121
634.6, 123
634.633333333, 118
634.633333333, 136
634.9, 106
634.9, 121
635.1, 169
635.266666667, 123
635.266666667, 175
635.933333333, 109
635.933333333, 113
636.1, 121
636.366666667, 123
636.366666667, 136
636.633333333, 108
636.633333333, 113
637.1, 121
637.466666667, 123
637.466666667, 136
638.1, 113
638.133333333, 121
638.933333333, 109
638.933333333, 113
639.1, 121
639.6, 123
640.1, 114
640.266666667, 123
640.266666667, 136
640.7, 108
640.7, 113
640.733333333, 106
640.733333333, 136
641.1, 114
641.266666667, 123
641.266666667, 169
641.366666667, 109
641.366666667, 175
642.1, 114
642.2, 123
642.2, 136
642.466666667, 108
642.466666667, 169
642.7, 106
642.7, 127
643.1, 114
643.233333333, 123
643.233333333, 136
643.266666667, 109
643.266666667, 175
643.666666667, 108
643.666666667, 127
644.1, 114
644.3, 123
644.3, 136
644.933333333, 109
644.933333333, 114
645.1, 127
645.766666667, 123
645.8, 109
645.8, 127
645.833333333, 108
645.833333333, 136
645.933333333, 106
645.933333333, 169
646.1, 175
646.666666667, 123
646.666666667, 127
646.8, 109
646.8, 114
647.1, 136
647.233333333, 123
647.233333333, 169
647.333333333, 109
647.333333333, 175
648.1, 114
648.133333333, 127
648.466666667, 109
648.466666667, 169
648.666666667, 108
648.666666667, 127
649.1, 114
649.133333333, 161
649.9, 109
649.9, 114
650.066666667, 108
650.066666667, 127
650.1, 161
650.133333333, 164
650.4, 109
650.4, 175
651.1, 114
651.133333333, 127
651.166666667, 161
652.1, 114
652.133333333, 127
652.166666667, 161
652.7, 108
652.7, 127
653.1, 114
653.133333333, 161
653.166666667, 164
653.266666667, 108
653.266666667, 175
653.466666667, 106
653.466666667, 164
654.1, 114
654.133333333, 127
654.166666667, 161
654.3, 108
654.3, 175
654.633333333, 106
654.633333333, 127
655.066666667, 108
655.066666667, 114
655.1, 161
655.133333333, 164
655.166666667, 175
655.8, 106
655.8, 114
656.1, 127
656.133333333, 161
656.166666667, 164
657.0, 114
657.1, 127
657.133333333, 161
657.166666667, 164
657.5, 108
657.5, 164
658.0, 114
658.1, 127
658.133333333, 161
658.166666667, 182
658.466666667, 108
658.466666667, 164
659.0, 114
659.1, 127
659.133333333, 161
659.166666667, 182
659.666666667, 108
659.666666667, 127
660.0, 114
660.1, 161
660.133333333, 164
660.166666667, 182
661.0, 114
661.1, 127
661.133333333, 161
661.166666667, 164
662.0, 114
662.1, 127
662.133333333, 161
662.166666667, 164
662.333333333, 108
662.333333333, 182
663.0, 114
663.1, 127
663.133333333, 161
663.166666667, 164
663.466666667, 108
663.466666667, 164
664.0, 114
664.1, 127
664.133333333, 161
664.433333333, 183
665.0, 114
665.1, 127
665.133333333, 153
665.166666667, 161
666.0, 114
666.066666667, 108
666.066666667, 127
666.1, 153
666.133333333, 161
666.166666667, 164
667.0, 114
667.1, 127
667.133333333, 153
667.166666667, 161
667.2, 108
667.2, 164
668.0, 114
668.1, 127
668.133333333, 153
668.166666667, 161
668.3, 108
668.3, 164
669.0, 114
669.1, 127
669.133333333, 153
669.166666667, 161
669.633333333, 108
669.633333333, 125
670.0, 114
670.1, 127
670.133333333, 153
670.166666667, 161
670.5, 108
670.5, 125
671.0, 114
671.1, 127
671.133333333, 153
671.166666667, 161
671.666666667, 108
671.666666667, 125
672.0, 114
672.133333333, 127
672.166666667, 153
672.666666667, 119
672.666666667, 125
673.0, 114
673.133333333, 153
673.166666667, 161
673.6, 119
673.866666667, 108
673.866666667, 114
674.0, 125
674.133333333, 153
674.433333333, 183
674.533333333, 119
674.6, 108
675.0, 114
675.133333333, 153
675.433333333, 183
675.533333333, 119
675.6, 108
676.0, 114
676.133333333, 153
676.433333333, 183
676.533333333, 119
676.6, 108
677.0, 114
677.133333333, 153
677.433333333, 183
677.533333333, 119
677.6, 108
678.0, 114
678.133333333, 153
678.433333333, 183
678.533333333, 119
678.6, 108
679.0, 114
679.133333333, 153
679.533333333, 119
679.6, 108
679.733333333, 106
679.733333333, 125
680.0, 97
680.133333333, 153
680.466666667, 119
680.466666667, 125
680.533333333, 108
680.6, 106
681.0, 97
681.133333333, 153
681.533333333, 119
681.6, 108
681.766666667, 106
682.0, 125
682.133333333, 153
682.533333333, 119
682.6, 108
682.633333333, 106
682.633333333, 125
683.0, 97
683.133333333, 153
683.533333333, 119
683.6, 108
683.766666667, 106
684.0, 125
684.066666667, 108
684.066666667, 153
684.433333333, 171
684.533333333, 119
684.6, 106
685.0, 97
685.133333333, 153
685.533333333, 119
685.6, 108
685.766666667, 106
686.0, 125
686.133333333, 153
686.533333333, 119
686.6, 108
686.666666667, 106
686.666666667, 125
687.0, 97
687.133333333, 153
687.5, 119
687.5, 125
687.533333333, 108
687.6, 106
688.0, 97
688.133333333, 153
688.533333333, 119
688.6, 108
688.633333333, 106
688.633333333, 125
689.0, 97
689.133333333, 153
689.533333333, 119
689.6, 108
689.766666667, 106
690.0, 125
690.133333333, 153
690.466666667, 119
690.466666667, 125
690.533333333, 108
690.6, 106
691.0, 97
691.133333333, 153
691.5, 119
691.5, 125
691.533333333, 106
692.0, 97
692.033333333, 105
692.133333333, 153
692.533333333, 119
692.6, 106
693.0, 97
693.033333333, 125
693.133333333, 153
693.533333333, 119
693.6, 106
694.0, 125
694.033333333, 153
694.433333333, 170
694.533333333, 119
694.6, 106
695.0, 153
695.433333333, 170
695.566666667, 170
695.6, 119
695.8, 106
695.8, 171
696.333333333, 170
696.333333333, 179
696.433333333, 170
696.566666667, 159
696.6, 119
696.7, 106
696.7, 179
697.0, 171
697.433333333, 170
697.6, 119
697.7, 106
697.7, 153
698.033333333, 171
698.066666667, 159
698.066666667, 179
698.433333333, 170
698.6, 119
699.0, 153
699.033333333, 171
699.2, 170
699.2, 179
699.6, 119
699.666666667, 106
699.666666667, 125
700.0, 153
700.033333333, 171
700.433333333, 170
700.466666667, 119
700.466666667, 179
700.6, 106
701.0, 153
701.033333333, 171
701.133333333, 179
701.6, 119
701.8, 106
701.8, 125
702.0, 153
702.033333333, 171
702.2, 170
702.2, 179
702.6, 119
702.933333333, 106
702.933333333, 125
703.0, 153
703.033333333, 171
703.133333333, 179
703.466666667, 119
703.466666667, 125
703.6, 106
704.0, 153
704.033333333, 171
704.266666667, 170
704.266666667, 179
704.6, 119
704.666666667, 106
704.666666667, 125
705.0, 153
705.033333333, 171
705.133333333, 179
705.6, 119
706.0, 125
706.033333333, 153
706.366666667, 170
706.366666667, 171
706.6, 119
706.8, 106
706.8, 125
707.0, 153
707.033333333, 171
707.133333333, 179
707.6, 119
707.833333333, 106
707.833333333, 125
708.0, 153
708.033333333, 171
708.433333333, 170
708.6, 119
708.966666667, 106
708.966666667, 153
709.0, 171
709.033333333, 179
709.433333333, 198
709.6, 119
710.0, 153
710.033333333, 171
710.366666667, 170
710.366666667, 179
710.6, 119
711.0, 125
711.033333333, 153
711.133333333, 171
711.6, 119
711.633333333, 106
711.633333333, 125
712.0, 153
712.033333333, 171
712.333333333, 170
712.333333333, 179
712.6, 119
712.7, 106
712.7, 123
713.0, 153
713.033333333, 171
713.133333333, 179
713.6, 119
713.633333333, 106
713.633333333, 123
714.0, 153
714.033333333, 171
714.433333333, 170
714.466666667, 119
714.466666667, 179
714.6, 106
715.0, 153
715.033333333, 171
715.133333333, 179
715.6, 119
715.866666667, 106
715.866666667, 123
716.0, 153
716.033333333, 171
716.433333333, 170
716.6, 119
717.0, 153
717.033333333, 171
717.133333333, 179
717.566666667, 119
717.6, 106
718.0, 123
718.033333333, 171
718.4, 170
718.4, 179
718.566666667, 106
719.0, 105
719.033333333, 123
719.133333333, 171
719.266666667, 106
719.266666667, 179
719.466666667, 106
719.466666667, 123
720.0, 98
720.033333333, 105
720.4, 170
720.4, 171
720.566666667, 106
720.6, 106
721.0, 123
721.033333333, 171
721.133333333, 179
721.566666667, 106
722.0, 96
722.033333333, 123
722.4, 170
722.4, 171
722.566666667, 106
722.6, 106
723.0, 123
723.033333333, 171
723.133333333, 179
723.466666667, 106
723.466666667, 123
723.566666667, 106
724.0, 96
724.033333333, 171
724.233333333, 170
724.233333333, 179
724.566666667, 106
724.6, 106
725.0, 123
725.033333333, 171
725.133333333, 179
725.566666667, 106
725.6, 106
726.0, 123
726.033333333, 171
726.433333333, 170
726.566666667, 106
726.6, 106
727.0, 171
727.033333333, 179
727.433333333, 198
727.566666667, 130
727.6, 106
728.0, 171
728.033333333, 179
728.433333333, 136
728.566666667, 130
728.6, 106
729.0, 171
729.033333333, 179
729.433333333, 136
729.566666667, 130
729.6, 106
730.0, 171
730.033333333, 179
730.433333333, 136
730.566666667, 130
730.6, 106
731.0, 171
731.033333333, 179
731.433333333, 136
731.566666667, 130
731.6, 106
732.0, 171
732.433333333, 164
732.466666667, 136
732.466666667, 179
732.566666667, 130
732.6, 106
733.0, 171
733.233333333, 164
733.233333333, 179
733.433333333, 136
733.566666667, 130
733.6, 106
734.0, 171
734.333333333, 164
734.333333333, 179
734.433333333, 136
734.566666667, 130
734.6, 106
735.0, 171
735.433333333, 164
735.5, 136
735.5, 179
735.566666667, 130
735.6, 106
736.0, 171
736.433333333, 164
736.566666667, 136
736.6, 130
736.966666667, 106
736.966666667, 171
737.0, 179
737.433333333, 164
737.566666667, 136
737.6, 130
737.833333333, 106
737.833333333, 171
738.0, 179
738.433333333, 164
738.566666667, 136
738.6, 130
739.0, 171
739.433333333, 164
739.566666667, 136
739.6, 130
739.633333333, 106
739.633333333, 179
740.0, 171
740.433333333, 164
740.566666667, 136
740.6, 130
740.633333333, 106
740.633333333, 179
741.0, 171
741.433333333, 164
741.566666667, 136
741.6, 130
741.633333333, 106
741.633333333, 179
742.433333333, 192
742.5, 164
742.5, 193
742.6, 136
742.8, 130
742.8, 179
743.0, 192
743.433333333, 164
743.6, 136
743.866666667, 130
743.866666667, 179
744.0, 192
744.066666667, 164
744.066666667, 193
744.433333333, 199
744.6, 136
744.866666667, 130
744.866666667, 179
745.0, 192
745.266666667, 164
745.266666667, 193
745.433333333, 136
745.6, 130
746.0, 180
746.1, 192
746.233333333, 164
746.233333333, 193
746.433333333, 136
746.6, 130
747.0, 180
747.433333333, 164
747.6, 136
747.633333333, 130
747.633333333, 180
748.1, 192
748.4, 187
748.4, 193
748.433333333, 164
748.6, 136
749.0, 180
749.233333333, 164
749.233333333, 192
749.3, 136
749.3, 193
749.433333333, 130
749.6, 106
750.0, 180
750.1, 192
750.433333333, 164
751.0, 141
751.233333333, 164
751.233333333, 180
751.366666667, 136
751.366666667, 192
751.433333333, 130
751.7, 106
751.7, 141
752.0, 180
752.1, 192
752.2, 164
752.2, 193
752.433333333, 136
752.666666667, 130
752.666666667, 141
753.0, 180
753.433333333, 164
754.0, 141
754.1, 180
754.233333333, 164
754.233333333, 192
754.366666667, 136
754.366666667, 193
754.433333333, 130
755.0, 141
755.233333333, 164
755.233333333, 180
755.433333333, 130
756.0, 141
756.066666667, 164
756.066666667, 180
756.1, 192
756.433333333, 136
756.866666667, 130
756.866666667, 141
757.0, 180
757.266666667, 164
757.266666667, 192
757.433333333, 130
757.733333333, 106
757.733333333, 141
758.0, 180
758.1, 192
758.233333333, 164
758.233333333, 193
758.433333333, 130
758.666666667, 109
758.666666667, 141
759.0, 180
759.3, 164
759.3, 192
759.433333333, 130
760.0, 141
760.1, 180
760.433333333, 164
760.466666667, 130
760.466666667, 192
760.9, 109
760.9, 141
761.0, 180
761.333333333, 164
761.333333333, 192
761.433333333, 130
761.933333333, 109
761.933333333, 141
762.0, 180
762.1, 193
762.433333333, 164
762.566666667, 130
762.833333333, 109
762.833333333, 141
763.233333333, 164
763.233333333, 180
763.433333333, 130
763.566666667, 110
763.966666667, 109
763.966666667, 141
764.1, 180
764.433333333, 164
764.566666667, 130
764.9, 110
764.9, 141
765.4, 164
765.4, 180
765.433333333, 130
765.566666667, 110
765.866666667, 109
765.866666667, 141
766.1, 180
766.433333333, 164
766.566666667, 130
766.666666667, 110
766.666666667, 141
766.733333333, 109
766.733333333, 180
767.033333333, 118
767.433333333, 130
767.566666667, 110
768.033333333, 118
768.1, 141
768.233333333, 130
768.233333333, 180
768.566666667, 110
769.033333333, 118
769.166666667, 120
769.233333333, 110
769.233333333, 141
769.566666667, 109
769.666666667, 106
769.666666667, 120
770.033333333, 118
770.1, 141
770.233333333, 130
770.233333333, 180
770.566666667, 110
771.033333333, 118
771.366666667, 130
771.366666667, 151
771.4, 110
771.4, 152
771.566666667, 109
772.033333333, 118
772.1, 151
772.233333333, 130
772.233333333, 152
772.566666667, 110
773.033333333, 118
773.1, 151
773.366666667, 130
773.366666667, 152
773.566666667, 110
774.033333333, 118
774.1, 151
774.5, 130
774.5, 151
774.566666667, 109
775.033333333, 118
775.1, 152
775.166666667, 180
775.566666667, 110
775.933333333, 109
775.933333333, 118
776.033333333, 151
776.066666667, 110
776.066666667, 152
776.166666667, 180
776.433333333, 172
776.566666667, 109
777.033333333, 118
777.1, 152
777.166666667, 180
777.5, 110
777.5, 151
777.566666667, 109
778.033333333, 118
778.1, 152
778.166666667, 180
778.566666667, 110
779.033333333, 118
779.1, 151
779.166666667, 152
779.566666667, 110
779.733333333, 109
779.733333333, 151
780.033333333, 118
780.1, 152
780.366666667, 195
780.366666667, 199
780.566666667, 110
780.7, 109
780.7, 151
781.033333333, 118
781.1, 152
781.266666667, 195
781.266666667, 199
781.566666667, 110
781.633333333, 109
781.633333333, 151
782.033333333, 118
782.1, 152
782.366666667, 195
782.366666667, 199
782.5, 110
782.5, 151
782.566666667, 109
783.033333333, 118
783.1, 152
783.433333333, 195
784.033333333, 118
784.1, 152
784.166666667, 188
784.333333333, 110
784.333333333, 199
784.5, 109
784.5, 151
785.033333333, 118
785.066666667, 110
785.066666667, 152
785.166666667, 188
785.433333333, 172
785.733333333, 109
785.733333333, 152
786.033333333, 118
786.166666667, 188
786.3, 172
786.3, 199
786.966666667, 110
786.966666667, 118
787.033333333, 151
787.1, 152
787.166666667, 188
787.233333333, 110
787.233333333, 199
787.466666667, 109
787.466666667, 151
788.033333333, 118
788.1, 152
788.166666667, 188
788.233333333, 110
788.233333333, 199
788.933333333, 109
788.933333333, 118
789.033333333, 151
789.1, 152
789.166666667, 188
789.9, 110
789.9, 151
790.033333333, 152
790.333333333, 172
790.333333333, 188
790.366666667, 145
790.366666667, 199
791.033333333, 136
791.1, 151
791.3, 145
791.3, 152
791.666666667, 110
791.666666667, 151
791.966666667, 109
791.966666667, 136
792.033333333, 152
792.3, 172
792.3, 188
792.7, 145
792.7, 151
792.833333333, 110
792.833333333, 136
793.033333333, 152
793.266666667, 172
793.266666667, 188
793.733333333, 145
793.733333333, 151
793.9, 110
793.9, 136
794.033333333, 152
794.366666667, 172
794.366666667, 188
794.433333333, 145
794.633333333, 109
794.633333333, 152
795.033333333, 136
795.433333333, 172
795.766666667, 145
795.833333333, 114
795.833333333, 152
796.366666667, 172
796.366666667, 188
796.433333333, 164
796.633333333, 145
796.633333333, 152
797.033333333, 136
797.2, 172
797.2, 188
797.233333333, 145
797.233333333, 199
797.433333333, 114
797.6, 107
798.033333333, 136
798.266666667, 172
798.266666667, 188
798.333333333, 145
798.333333333, 199
798.433333333, 114
798.6, 107
799.033333333, 136
799.233333333, 172
799.233333333, 188
799.433333333, 145
799.466666667, 114
799.466666667, 199
799.6, 107
800.033333333, 136
800.433333333, 145
800.6, 114
800.633333333, 107
800.633333333, 188
801.033333333, 136
801.433333333, 172
801.6, 145
802.033333333, 136
802.433333333, 145
802.533333333, 114
802.6, 107
802.666666667, 106
802.666666667, 188
803.033333333, 136
803.433333333, 172
803.533333333, 145
803.6, 114
803.833333333, 107
803.833333333, 136
804.433333333, 164
804.533333333, 145
804.6, 114
805.033333333, 136
805.433333333, 172
805.533333333, 145
805.6, 114
805.8, 107
805.8, 136
806.366666667, 145
806.366666667, 188
806.433333333, 138
806.533333333, 114
806.6, 107
806.9, 106
806.9, 136
807.433333333, 172
807.5, 145
807.5, 188
807.533333333, 138
807.6, 114
807.933333333, 107
807.933333333, 136
808.066666667, 138
808.066666667, 188
808.433333333, 145
808.533333333, 114
808.6, 107
808.966666667, 106
808.966666667, 136
809.3, 172
809.3, 188
809.433333333, 145
809.533333333, 138
809.6, 114
810.033333333, 136
810.333333333, 145
810.333333333, 188
810.433333333, 114
810.6, 107
810.933333333, 106
810.933333333, 109
811.033333333, 136
811.066666667, 114
811.066666667, 188
811.433333333, 172
811.533333333, 145
811.6, 107
812.033333333, 136
812.333333333, 145
812.333333333, 188
812.433333333, 114
812.6, 107
813.0, 109
813.033333333, 136
813.2, 172
813.2, 188
813.433333333, 145
813.6, 107
814.0, 109
814.033333333, 136
814.433333333, 145
814.6, 107
815.0, 109
815.033333333, 136
815.233333333, 172
815.233333333, 188
815.433333333, 145
815.6, 107
816.0, 109
816.033333333, 136
816.266666667, 145
816.266666667, 188
816.433333333, 107
816.6, 106
817.0, 109
817.033333333, 136
817.433333333, 172
817.533333333, 145
817.6, 107
818.033333333, 136
818.233333333, 145
818.233333333, 188
818.433333333, 114
818.6, 107
819.0, 109
819.033333333, 136
819.433333333, 172
819.533333333, 145
819.6, 107
820.033333333, 136
820.3, 145
820.3, 188
820.433333333, 114
820.6, 107
820.633333333, 106
820.633333333, 109
821.0, 136
821.333333333, 172
821.333333333, 188
821.433333333, 145
821.533333333, 138
821.6, 107
822.033333333, 136
822.2, 145
822.2, 188
822.433333333, 114
822.6, 107
822.933333333, 106
822.933333333, 109
823.0, 136
823.433333333, 172
823.533333333, 145
823.6, 138
824.033333333, 136
824.3, 145
824.3, 188
824.433333333, 114
824.6, 107
824.7, 106
824.7, 109
825.0, 136
825.233333333, 172
825.233333333, 188
825.433333333, 145
825.533333333, 138
825.6, 107
826.033333333, 136
826.333333333, 155
826.333333333, 188
826.433333333, 145
826.533333333, 114
826.666666667, 106
826.666666667, 145
827.0, 136
827.433333333, 172
827.533333333, 155
827.6, 145
827.766666667, 138
828.433333333, 155
828.533333333, 145
828.766666667, 138
828.8, 114
828.8, 145
829.0, 188
829.433333333, 172
829.533333333, 155
829.6, 145
829.766666667, 138
830.433333333, 155
830.533333333, 145
830.633333333, 138
830.633333333, 145
830.733333333, 114
830.733333333, 188
831.0, 136
831.433333333, 172
831.533333333, 155
831.6, 145
831.766666667, 138
832.433333333, 155
832.533333333, 145
832.766666667, 138
833.0, 145
833.2, 172
833.2, 188
833.433333333, 155
833.533333333, 145
833.766666667, 138
834.133333333, 145
834.4, 145
834.4, 188
834.433333333, 138
834.766666667, 114
835.0, 136
835.1, 145
835.266666667, 155
835.266666667, 188
835.433333333, 145
835.533333333, 138
836.033333333, 136
836.133333333, 145
836.433333333, 145
836.766666667, 114
836.9, 106
836.9, 136
837.0, 145
837.433333333, 172
837.533333333, 155
837.6, 145
837.766666667, 138
838.433333333, 155
838.533333333, 145
838.766666667, 138
838.9, 114
838.9, 145
838.966666667, 106
838.966666667, 188
839.433333333, 190
839.533333333, 172
839.6, 155
839.733333333, 145
839.733333333, 188
840.133333333, 136
840.433333333, 145
840.766666667, 125
841.0, 136
841.1, 145
841.3, 155
841.3, 188
841.433333333, 125
842.133333333, 136
842.166666667, 136
842.433333333, 125
842.466666667, 114
842.466666667, 136
842.733333333, 106
842.733333333, 136
843.0, 95
843.1, 136
843.133333333, 145
843.433333333, 145
843.733333333, 125
843.733333333, 136
844.133333333, 136
844.166666667, 136
844.333333333, 125
844.333333333, 145
844.433333333, 114
844.766666667, 106
845.0, 136
845.1, 136
845.133333333, 145
845.433333333, 145
846.133333333, 136
846.166666667, 136
846.433333333, 125
846.666666667, 114
846.666666667, 136
847.0, 95
847.1, 136
847.133333333, 145
847.433333333, 145
848.133333333, 136
848.166666667, 136
848.433333333, 125
848.466666667, 106
848.466666667, 136
849.0, 95
849.1, 136
849.133333333, 136
849.166666667, 145
849.433333333, 125
850.0, 136
850.133333333, 136
850.166666667, 136
850.433333333, 125
850.766666667, 106
851.0, 136
851.1, 136
851.433333333, 155
851.533333333, 145
852.0, 136
852.133333333, 136
852.433333333, 145
852.766666667, 125
853.0, 136
853.1, 136
853.4, 155
853.4, 194
853.433333333, 145
854.0, 136
854.133333333, 136
854.166666667, 136
854.433333333, 125
854.766666667, 106
855.0, 136
855.1, 136
855.333333333, 155
855.333333333, 194
855.433333333, 145
855.7, 125
855.7, 136
856.0, 136
856.133333333, 136
856.3, 145
856.3, 194
856.433333333, 125
856.766666667, 106
857.0, 136
857.033333333, 136
857.433333333, 172
857.533333333, 155
857.566666667, 145
858.0, 136
858.033333333, 194
858.433333333, 155
858.533333333, 145
858.766666667, 106
859.0, 175
859.033333333, 194
859.433333333, 172
859.533333333, 155
859.7, 145
859.7, 175
860.0, 136
860.033333333, 194
860.433333333, 165
860.533333333, 155
860.766666667, 106
861.0, 175
861.033333333, 194
861.433333333, 172
861.533333333, 165
861.766666667, 155
862.0, 175
862.033333333, 194
862.433333333, 165
862.533333333, 155
862.766666667, 106
863.0, 175
863.033333333, 194
863.433333333, 172
863.533333333, 165
863.766666667, 155
864.0, 175
864.033333333, 194
864.433333333, 165
864.766666667, 106
865.0, 136
865.033333333, 175
865.433333333, 172
865.533333333, 165
866.0, 136
866.033333333, 175
866.233333333, 165
866.233333333, 194
866.433333333, 125
866.766666667, 116
867.0, 136
867.033333333, 175
867.433333333, 165
868.0, 136
868.033333333, 136
868.433333333, 165
868.5, 125
868.5, 175
868.766666667, 116
869.0, 136
869.033333333, 175
869.433333333, 165
869.633333333, 125
869.633333333, 136
870.0, 95
870.033333333, 175
870.233333333, 165
870.233333333, 194
870.433333333, 125
870.766666667, 116
871.0, 136
871.033333333, 175
871.433333333, 165
871.766666667, 125
871.933333333, 116
871.933333333, 175
872.033333333, 194
872.433333333, 192
872.533333333, 165
872.766666667, 125
873.0, 175
873.033333333, 194
873.433333333, 165
873.533333333, 125
873.766666667, 116
874.033333333, 175
874.433333333, 165
874.533333333, 125
874.7, 124
874.7, 175
874.766666667, 116
875.033333333, 194
875.433333333, 165
875.533333333, 125
875.766666667, 124
875.966666667, 116
875.966666667, 175
876.033333333, 194
876.433333333, 165
876.533333333, 125
876.633333333, 124
876.633333333, 175
876.766666667, 116
877.033333333, 194
877.433333333, 165
877.533333333, 125
877.7, 124
877.7, 175
877.733333333, 116
877.733333333, 194
878.0, 95
878.433333333, 196
878.533333333, 165
878.7, 125
878.7, 175
878.766666667, 116
879.033333333, 194
879.433333333, 165
879.533333333, 125
879.766666667, 124
880.033333333, 171
880.4, 165
880.4, 194
880.433333333, 125
880.533333333, 124
880.666666667, 116
880.666666667, 171
881.0, 95
881.033333333, 194
881.433333333, 165
881.533333333, 125
881.766666667, 116
882.033333333, 171
882.2, 165
882.2, 194
882.433333333, 125
882.533333333, 124
882.733333333, 116
882.733333333, 171
883.0, 95
883.033333333, 194
883.433333333, 165
883.533333333, 125
883.766666667, 116
884.033333333, 171
884.366666667, 165
884.366666667, 194
884.433333333, 125
884.533333333, 124
884.666666667, 116
884.666666667, 171
885.0, 95
885.033333333, 194
885.433333333, 200
885.533333333, 165
885.766666667, 125
886.033333333, 171
886.1, 194
886.433333333, 165
886.533333333, 125
886.766666667, 124
887.033333333, 171
887.1, 194
887.433333333, 165
887.533333333, 125
887.766666667, 124
888.033333333, 171
888.1, 194
888.433333333, 193
888.666666667, 165
888.666666667, 171
889.0, 95
889.033333333, 194
889.1, 200
889.433333333, 193
889.533333333, 165
890.0, 95
890.033333333, 171
890.1, 194
890.433333333, 193
890.766666667, 165
891.033333333, 171
891.1, 194
891.433333333, 193
891.533333333, 165
891.766666667, 124
892.033333333, 171
892.1, 194
892.433333333, 193
892.766666667, 165
893.033333333, 171
893.1, 194
893.433333333, 193
893.466666667, 165
893.466666667, 200
893.533333333, 124
894.0, 95
894.033333333, 171
894.1, 194
894.433333333, 193
894.766666667, 165
895.033333333, 171
895.1, 194
895.2, 193
895.2, 200
895.533333333, 165
895.766666667, 124
896.033333333, 171
896.1, 173
896.433333333, 193
896.5, 165
896.5, 194
896.766666667, 124
897.033333333, 171
897.1, 194
897.433333333, 193
897.533333333, 165
897.633333333, 124
897.633333333, 171
898.0, 95
898.033333333, 194
898.433333333, 200
898.566666667, 193
899.0, 95
899.033333333, 194
899.1, 200
899.433333333, 193
899.533333333, 120
900.0, 95
900.033333333, 171
900.1, 194
900.433333333, 193
900.766666667, 120
901.033333333, 171
901.066666667, 124
901.066666667, 194
901.1, 200
901.433333333, 193
901.533333333, 120
902.0, 95
902.033333333, 96
902.1, 171
902.433333333, 193
902.6, 120
903.0, 96
903.1, 171
903.433333333, 193
903.533333333, 120
903.6, 106
904.0, 95
904.1, 171
904.433333333, 193
904.6, 120
904.766666667, 106
905.1, 171
905.3, 124
905.3, 200
905.466666667, 120
905.466666667, 173
905.533333333, 110
905.6, 106
906.0, 99
906.1, 171
906.5, 120
906.5, 173
906.6, 110
906.766666666, 106
907.0, 111
907.1, 200
907.533333333, 120
907.6, 110
907.7, 106
907.7, 111
908.0, 99
908.1, 173
908.566666666, 120
908.6, 110
908.7, 106
908.7, 173
909.0, 99
909.1, 200
909.466666666, 120
909.466666666, 173
909.533333333, 110
909.6, 106
910.0, 99
910.1, 111
910.566666666, 120
910.6, 110
910.7, 106
910.7, 173
911.0, 99
911.1, 200
911.533333333, 120
911.6, 110
912.0, 99
912.033333333, 111
912.1, 173
912.566666666, 120
912.6, 110
913.0, 99
913.033333333, 168
913.1, 173
913.566666666, 120
913.6, 110
914.0, 99
914.033333333, 168
914.1, 173
914.566666666, 120
914.6, 110
915.0, 99
915.033333333, 168
915.1, 173
915.566666666, 120
915.6, 110
916.0, 99
916.033333333, 168
916.1, 197
916.466666666, 120
916.466666666, 173
916.6, 110
917.0, 99
917.033333333, 111
917.1, 168
917.566666666, 120
917.6, 110
918.0, 99
918.033333333, 168
918.1, 197
918.433333333, 200
918.6, 110
919.0, 99
919.033333333, 111
919.1, 168
919.433333333, 200
919.6, 110
920.0, 99
920.033333333, 111
920.1, 168
920.433333333, 200
920.6, 110
921.0, 99
921.033333333, 111
921.1, 168
921.433333333, 200
921.6, 110
922.0, 99
922.033333333, 111
922.1, 168
922.433333333, 200
922.6, 110
923.0, 99
923.033333333, 111
923.1, 168
923.433333333, 200
923.6, 110
924.0, 99
924.033333333, 111
924.1, 168
924.433333333, 200
924.6, 110
925.0, 99
925.033333333, 111
925.1, 168
925.433333333, 200
925.6, 110
926.0, 99
926.033333333, 111
926.1, 168
926.433333333, 200
926.6, 110
927.0, 99
927.033333333, 111
927.1, 168
927.433333333, 200
927.6, 110
928.0, 99
928.033333333, 111
928.1, 168
928.433333333, 200
928.6, 110
929.0, 99
929.033333333, 111
929.1, 168
929.433333333, 200
929.733333333, 110
929.733333333, 111
930.0, 99
930.033333333, 133
930.166666666, 168
930.566666666, 138
930.766666666, 110
931.0, 133
931.033333333, 168
931.1, 173
931.433333333, 200
931.7, 110
931.7, 111
932.0, 99
932.033333333, 133
932.166666666, 168
932.566666666, 138
932.766666666, 110
933.0, 133
933.033333333, 168
933.1, 173
933.433333333, 200
933.666666666, 110
933.666666666, 111
934.0, 99
934.033333333, 133
934.166666666, 168
934.566666666, 138
934.766666666, 110
935.0, 133
935.033333333, 168
935.1, 173
935.733333333, 110
935.733333333, 111
936.0, 99
936.033333333, 133
936.2, 138
936.2, 168
936.366666666, 110
936.366666666, 197
936.766666666, 105
937.033333333, 111
937.1, 133
937.3, 110
937.3, 168
937.766666666, 106
938.033333333, 111
938.1, 133
938.466666666, 110
938.466666666, 168
938.766666666, 106
938.833333333, 105
938.833333333, 111
939.1, 133
939.2, 119
939.2, 168
939.766666666, 110
940.033333333, 111
940.1, 133
940.333333333, 110
940.333333333, 168
940.366666666, 106
940.366666666, 197
940.766666666, 105
941.033333333, 111
941.066666666, 106
941.066666666, 133
941.1, 168
941.2, 110
941.2, 173
941.766666666, 105
942.033333333, 111
942.066666666, 106
942.066666666, 133
942.566666666, 138
942.733333333, 110
942.733333333, 150
942.766666666, 105
943.1, 157
943.266666666, 119
943.266666666, 173
943.5, 110
943.5, 197
943.766666666, 106
943.8, 105
943.8, 111
944.566666666, 138
944.766666666, 119
945.1, 150
945.766666666, 119
945.8, 110
945.8, 150
946.4, 138
946.4, 157
946.5, 119
946.5, 173
946.766666666, 110
947.1, 150
947.766666666, 119
947.933333333, 110
947.933333333, 150
948.066666666, 119
948.066666666, 157
948.3, 138
948.3, 186
948.333333333, 110
948.333333333, 197
948.766666666, 105
949.1, 150
949.766666666, 119
949.8, 110
949.8, 150
950.4, 138
950.4, 157
950.7, 119
950.7, 150
950.766666666, 105
951.1, 157
951.633333333, 119
951.633333333, 150
951.766666666, 110
952.2, 138
952.2, 157
952.4, 110
952.4, 186
952.466666666, 106
952.466666666, 173
952.766666666, 105
953.1, 150
953.5, 119
953.5, 157
953.7, 106
953.7, 150
954.0, 99
954.366666666, 138
954.366666666, 157
954.766666666, 110
955.066666666, 119
955.066666666, 150
955.1, 157
955.333333333, 110
955.333333333, 173
955.766666666, 106
956.766666666, 138
957.1, 150
957.133333333, 157
957.233333333, 119
957.233333333, 173
957.5, 106
957.5, 186
957.766666666, 105
958.066666666, 119
958.066666666, 150
958.133333333, 157
958.666666666, 138
958.666666666, 150
959.0, 99
959.066666666, 119
959.066666666, 157
959.1, 173
959.133333333, 186
959.633333333, 105
959.633333333, 150
960.0, 99
960.133333333, 157
960.766666666, 138
961.1, 150
961.133333333, 157
961.666666666, 119
961.666666666, 150
961.7, 105
961.7, 157
962.033333333, 118
962.133333333, 186
962.433333333, 127
963.033333333, 118
963.066666666, 106
963.066666666, 150
963.133333333, 157
963.266666666, 127
963.266666666, 186
963.733333333, 105
963.733333333, 109
964.033333333, 118
964.133333333, 150
964.2, 127
964.2, 157
964.9, 106
964.9, 115
965.033333333, 118
965.133333333, 150
965.266666666, 127
965.266666666, 157
965.5, 106
965.5, 109
965.633333333, 105
965.633333333, 150
966.033333333, 118
966.133333333, 157
966.433333333, 127
966.633333333, 106
966.633333333, 150
967.033333333, 118
967.133333333, 157
967.4, 127
967.4, 186
967.766666666, 106
967.8, 105
967.8, 109
968.133333333, 150
968.2, 127
968.2, 157
968.366666666, 119
968.366666666, 186
968.466666666, 106
968.466666666, 115
969.0, 99
969.133333333, 150
969.3, 127
969.3, 186
969.433333333, 119
969.6, 116
970.0, 99
970.133333333, 150
970.433333333, 127
970.6, 119
970.766666666, 116
971.133333333, 150
971.433333333, 127
971.6, 119
971.733333333, 116
971.733333333, 127
971.766666666, 111
972.066666666, 119
972.066666666, 150
972.433333333, 189
972.566666666, 127
972.6, 116
972.766666666, 106
973.133333333, 150
973.433333333, 127
973.6, 119
973.666666666, 116
973.666666666, 127
973.7, 111
973.7, 150
974.0, 99
974.433333333, 189
974.566666666, 127
974.6, 119
974.766666666, 116
975.133333333, 150
975.433333333, 127
975.6, 119
975.766666666, 116
976.1, 127
976.133333333, 150
976.433333333, 119
976.6, 116
976.766666666, 106
977.1, 127
977.133333333, 150
977.433333333, 119
977.6, 116
977.766666666, 111
978.066666666, 119
978.066666666, 127
978.133333333, 150
978.433333333, 127
978.6, 116
978.733333333, 106
978.733333333, 127
979.0, 99
979.066666666, 119
979.066666666, 150
979.433333333, 189
979.566666666, 127
979.6, 116
980.0, 99
980.033333333, 150
980.433333333, 189
980.566666666, 127
980.6, 116
981.0, 99
981.033333333, 150
981.433333333, 189
981.566666666, 127
981.6, 116
982.0, 99
982.033333333, 150
982.433333333, 189
982.566666666, 127
982.6, 116
983.0, 99
983.033333333, 150
983.433333333, 189
983.566666666, 127
983.6, 116
984.0, 99
984.033333333, 150
984.433333333, 189
984.566666666, 127
984.6, 116
985.0, 99
985.033333333, 150
985.433333333, 189
985.566666666, 127
985.6, 116
986.0, 99
986.033333333, 150
986.433333333, 189
986.6, 116
987.0, 99
987.033333333, 127
987.1, 190
987.433333333, 189
987.6, 116
988.0, 99
988.033333333, 127
988.1, 190
988.433333333, 189
988.6, 116
989.0, 99
989.033333333, 127
989.1, 190
989.433333333, 189
989.6, 116
990.0, 99
990.033333333, 127
990.1, 190
990.433333333, 189
990.6, 116
991.0, 99
991.033333333, 127
991.1, 190
991.433333333, 189
991.6, 116
992.0, 99
992.033333333, 127
992.1, 190
992.433333333, 129
992.6, 116
993.0, 99
993.033333333, 127
993.1, 190
993.433333333, 129
993.6, 116
994.0, 99
994.1, 127
994.433333333, 129
994.466666666, 116
994.466666666, 190
994.6, 111
995.0, 99
995.1, 127
995.333333333, 129
995.333333333, 190
995.433333333, 116
995.6, 111
996.0, 99
996.1, 127
996.433333333, 116
996.6, 111
997.0, 99
997.1, 127
997.266666666, 116
997.266666666, 190
997.433333333, 111
997.666666666, 105
997.666666666, 108
998.0, 99
998.1, 127
998.2, 116
998.2, 190
998.6, 111
998.766666666, 105
999.1, 115
999.333333333, 116
999.333333333, 127
999.433333333, 113
999.6, 111
999.766666666, 105
