3.9, 95
6.16666666667, 95
10.7, 95
11.8666666667, 95
12.5, 106
13.5, 106
14.2666666667, 106
14.4, 106
15.1, 95
15.4, 106
16.1, 95
16.3, 96
17.1, 95
17.3, 96
18.1, 95
18.3, 96
19.1, 95
19.3, 96
19.6666666667, 95
19.7333333333, 96
20.1, 96
20.4, 106
20.6666666667, 95
20.9666666667, 106
21.4, 106
21.5, 106
21.9666666667, 106
22.0333333333, 106
22.4, 106
22.5, 106
22.9666666667, 106
23.4, 106
23.5, 106
23.9666666667, 107
24.4, 106
24.5, 106
24.8333333333, 107
24.9666666667, 106
25.4, 106
25.5, 106
25.8333333333, 107
25.9666666667, 106
26.4, 106
26.5, 106
26.8333333333, 107
26.9666666667, 106
27.4, 106
27.4333333333, 106
27.5, 106
27.8333333333, 107
27.9666666667, 106
28.4, 106
28.4333333333, 106
28.5, 106
28.8333333333, 107
28.9666666667, 106
29.4, 106
29.4333333333, 106
29.5, 106
29.8333333333, 107
29.9666666667, 106
30.4, 106
30.4333333333, 106
30.5, 106
30.8333333333, 107
30.9333333333, 106
31.1, 96
31.4, 106
31.6666666667, 95
31.7333333333, 97
31.8333333333, 107
32.1, 96
32.4, 106
32.6666666667, 95
32.7333333333, 97
32.8333333333, 107
33.1, 96
33.4, 106
33.6666666667, 95
33.7333333333, 97
33.8333333333, 107
34.1, 96
34.4, 106
34.6666666667, 95
34.7333333333, 97
34.8333333333, 107
35.1, 96
35.4, 108
35.6666666667, 97
35.7333333333, 98
35.8333333333, 107
36.1, 96
36.4, 108
36.6666666667, 95
36.7333333333, 97
36.8333333333, 107
37.1, 96
37.4, 108
37.6666666667, 97
37.7333333333, 98
37.8333333333, 107
38.1, 96
38.4, 108
38.6666666667, 95
38.7333333333, 97
38.8333333333, 107
39.1, 96
39.4, 108
39.6666666667, 97
39.7333333333, 98
39.8333333333, 107
40.1, 96
40.4, 108
40.6666666667, 95
40.7333333333, 97
40.8333333333, 107
41.1, 96
41.4, 108
41.6666666667, 97
41.7333333333, 98
41.8333333333, 107
42.1, 96
42.4, 108
42.6666666667, 95
42.7333333333, 97
42.8333333333, 107
43.1, 96
43.4, 108
43.6666666667, 97
43.7333333333, 98
43.8333333333, 107
44.1, 96
44.4, 108
44.6666666667, 95
44.7333333333, 97
44.8333333333, 107
45.1, 96
45.4, 108
45.6666666667, 97
45.7333333333, 98
45.8333333333, 107
46.1, 96
46.4, 108
46.6666666667, 95
46.7333333333, 97
46.8333333333, 107
47.1, 96
47.4, 108
47.6666666667, 97
47.7333333333, 98
47.8333333333, 107
48.1, 96
48.4, 108
48.6666666667, 95
48.7333333333, 97
48.8333333333, 107
49.1, 96
49.4, 108
49.6666666667, 97
49.7333333333, 98
49.8333333333, 107
50.1, 96
50.4, 108
50.6666666667, 95
50.7333333333, 97
50.8333333333, 107
51.1, 96
51.4, 108
51.6666666667, 97
51.7333333333, 98
51.8333333333, 107
52.1, 96
52.4, 108
52.6666666667, 95
52.7333333333, 97
52.8333333333, 107
53.1, 96
53.4, 108
53.6666666667, 97
53.7333333333, 98
53.8333333333, 107
54.1, 96
54.4, 108
54.6666666667, 95
54.7333333333, 97
54.8333333333, 107
55.1, 96
55.4, 108
55.6666666667, 97
55.7333333333, 98
55.8333333333, 107
56.1, 100
56.4, 108
56.6666666667, 95
56.7333333333, 100
56.8333333333, 107
57.1, 96
57.4, 108
57.6666666667, 98
57.7333333333, 100
57.8333333333, 107
58.1, 100
58.4, 108
58.6666666667, 95
58.7333333333, 100
58.8333333333, 107
59.1, 96
59.4, 108
59.6666666667, 98
59.7333333333, 100
59.8333333333, 107
60.1, 100
60.4, 108
60.6666666667, 95
60.7333333333, 100
60.8333333333, 107
61.1, 96
61.4, 108
61.6666666667, 98
61.7333333333, 100
61.8333333333, 107
62.1, 100
62.4, 108
62.6666666667, 95
62.7333333333, 100
62.8333333333, 107
63.1, 96
63.4, 108
63.6666666667, 98
63.7333333333, 100
63.8333333333, 107
64.1, 100
64.4, 108
64.6666666667, 95
64.7333333333, 100
64.8333333333, 107
65.1, 96
65.4, 108
65.6666666667, 98
65.7333333333, 100
65.8333333333, 107
66.1, 100
66.4, 108
66.6666666667, 95
66.7333333333, 100
66.8333333333, 107
67.1, 101
67.4, 108
67.6666666667, 98
67.7333333333, 100
67.8333333333, 107
68.1, 101
68.4, 108
68.6666666667, 95
68.7333333333, 100
68.8333333333, 112
69.1, 101
69.4, 108
69.6666666667, 98
69.7333333333, 100
69.8333333333, 112
70.1, 101
70.4, 108
70.6666666667, 95
70.7333333333, 100
70.8333333333, 112
71.1, 101
71.4, 108
71.6666666667, 98
71.7333333333, 100
71.8333333333, 112
72.1, 101
72.4, 108
72.6666666667, 95
72.7333333333, 102
72.8333333333, 112
73.1, 101
73.4, 108
73.6666666667, 98
73.7333333333, 102
73.8333333333, 112
74.1, 101
74.4, 108
74.6666666667, 95
74.7333333333, 102
74.8333333333, 112
75.1, 101
75.4, 108
75.6666666667, 98
75.7333333333, 102
75.8333333333, 112
76.1, 101
76.4, 108
76.6666666667, 95
76.7333333333, 102
76.8333333333, 112
77.1, 101
77.4, 108
77.6666666667, 98
77.7333333333, 102
77.8333333333, 112
78.1, 101
78.4, 108
78.6666666667, 95
78.7333333333, 102
78.8333333333, 112
79.1, 101
79.4, 108
79.6666666667, 98
79.7333333333, 102
79.8333333333, 112
80.1, 101
80.4, 108
80.6666666667, 95
80.7333333333, 102
80.8333333333, 112
81.1, 101
81.4, 108
81.6666666667, 98
81.7333333333, 102
81.8333333333, 112
82.1, 101
82.4, 108
82.6666666667, 95
82.7333333333, 102
82.8333333333, 112
83.1, 101
83.4, 108
83.6666666667, 98
83.7333333333, 102
83.8333333333, 112
84.1, 101
84.4, 108
84.6666666667, 95
84.7333333333, 102
84.8333333333, 112
85.1, 101
85.4, 108
85.6666666667, 98
85.7333333333, 102
85.8333333333, 112
86.1, 101
86.4, 108
86.6666666667, 95
86.7333333333, 102
86.8333333333, 112
87.1, 101
87.4, 108
87.6666666667, 98
87.7333333333, 102
87.8333333333, 112
88.1, 101
88.4, 108
88.6666666667, 95
88.7333333333, 102
88.8333333333, 112
89.1, 101
89.4, 115
89.6666666667, 102
89.7333333333, 105
89.8333333333, 112
90.1, 101
90.4, 115
90.6666666667, 105
90.8333333333, 112
90.9666666667, 112
91.4, 116
91.4333333333, 115
91.6666666667, 105
91.8333333333, 112
91.9666666667, 112
92.4, 116
92.4333333333, 115
92.6666666667, 105
92.8333333333, 116
92.9666666667, 112
93.4, 116
93.4333333333, 115
93.6666666667, 105
93.8333333333, 116
93.9666666667, 112
94.4, 116
94.4333333333, 115
94.6666666667, 105
94.8333333333, 116
94.9666666667, 112
95.4, 116
95.4333333333, 115
95.6666666667, 105
95.8333333333, 116
95.9666666667, 112
96.4, 116
96.4333333333, 115
96.6666666667, 105
96.8333333333, 116
96.9666666667, 112
97.4, 116
97.4333333333, 115
97.6666666667, 105
97.8333333333, 116
97.9666666667, 112
98.4, 116
98.4333333333, 115
98.6666666667, 105
98.8333333333, 116
98.9666666667, 112
99.4, 116
99.4333333333, 115
99.6666666667, 105
99.8333333333, 116
99.9666666667, 112
100.4, 116
100.433333333, 115
100.666666667, 105
100.833333333, 116
100.966666667, 112
101.4, 116
101.433333333, 115
101.666666667, 108
101.833333333, 116
101.966666667, 112
102.4, 116
102.433333333, 115
102.666666667, 108
102.833333333, 116
102.966666667, 112
103.4, 116
103.433333333, 115
103.666666667, 108
103.833333333, 116
103.966666667, 112
104.4, 116
104.433333333, 115
104.666666667, 108
104.833333333, 116
104.966666667, 112
105.4, 116
105.433333333, 115
105.666666667, 108
105.833333333, 116
105.966666667, 112
106.4, 116
106.433333333, 115
106.666666667, 108
106.833333333, 116
106.966666667, 112
107.4, 116
107.433333333, 115
107.666666667, 108
107.833333333, 116
107.966666667, 112
108.4, 116
108.433333333, 115
108.666666667, 108
108.833333333, 116
108.966666667, 112
109.4, 116
109.433333333, 115
109.666666667, 108
109.833333333, 116
109.966666667, 112
110.4, 116
110.433333333, 115
110.666666667, 108
110.833333333, 116
110.966666667, 112
111.4, 116
111.433333333, 115
111.666666667, 108
111.833333333, 116
111.966666667, 112
112.4, 116
112.433333333, 115
112.666666667, 108
112.833333333, 116
112.966666667, 112
113.4, 120
113.433333333, 116
113.666666667, 108
113.833333333, 116
113.966666667, 112
114.4, 120
114.433333333, 116
114.666666667, 108
114.833333333, 116
114.966666667, 112
115.4, 120
115.433333333, 120
115.666666667, 108
115.833333333, 116
115.966666667, 112
116.4, 120
116.433333333, 120
116.666666667, 108
116.833333333, 116
116.966666667, 112
117.4, 120
117.433333333, 120
117.666666667, 108
117.833333333, 116
117.966666667, 112
118.4, 120
118.433333333, 120
118.666666667, 108
118.833333333, 116
118.966666667, 112
119.4, 120
119.433333333, 120
119.666666667, 108
119.833333333, 116
119.966666667, 112
120.4, 120
120.433333333, 120
120.666666667, 108
120.833333333, 121
120.966666667, 116
121.4, 120
121.433333333, 120
121.666666667, 108
121.833333333, 121
121.966666667, 116
122.4, 120
122.433333333, 120
122.666666667, 108
122.833333333, 121
122.966666667, 116
123.4, 120
123.433333333, 120
123.666666667, 108
123.833333333, 121
123.966666667, 116
124.4, 121
124.433333333, 120
124.666666667, 108
124.833333333, 121
124.966666667, 116
125.4, 121
125.433333333, 120
125.666666667, 108
125.833333333, 122
125.966666667, 121
126.4, 121
126.433333333, 120
126.666666667, 108
126.833333333, 122
126.966666667, 121
127.4, 121
127.433333333, 120
127.666666667, 108
127.833333333, 122
127.966666667, 121
128.4, 121
128.433333333, 120
128.666666667, 108
128.833333333, 122
128.966666667, 121
129.4, 121
129.433333333, 120
129.666666667, 108
129.833333333, 122
129.966666667, 121
130.4, 121
130.433333333, 120
130.666666667, 108
130.833333333, 122
130.966666667, 121
131.4, 121
131.433333333, 120
131.666666667, 108
131.833333333, 122
131.966666667, 121
132.4, 121
132.433333333, 120
132.666666667, 108
132.833333333, 122
132.966666667, 121
133.4, 121
133.433333333, 120
133.666666667, 108
133.833333333, 122
133.966666667, 121
134.4, 121
134.433333333, 120
134.666666667, 108
134.833333333, 122
134.966666667, 121
135.4, 121
135.433333333, 120
135.666666667, 112
135.833333333, 122
135.966666667, 121
136.4, 121
136.433333333, 120
136.666666667, 112
136.833333333, 122
136.966666667, 121
137.4, 121
137.433333333, 120
137.666666667, 112
137.833333333, 122
137.966666667, 121
138.4, 121
138.433333333, 120
138.666666667, 112
138.833333333, 122
138.966666667, 121
139.4, 121
139.433333333, 120
139.666666667, 112
139.833333333, 122
139.966666667, 121
140.4, 121
140.433333333, 120
140.666666667, 112
140.833333333, 122
140.966666667, 121
141.4, 121
141.433333333, 120
141.666666667, 112
141.833333333, 122
141.966666667, 121
142.4, 121
142.433333333, 120
142.666666667, 112
142.833333333, 122
142.966666667, 121
143.4, 121
143.433333333, 120
143.666666667, 112
143.833333333, 122
143.966666667, 121
144.4, 121
144.433333333, 120
144.666666667, 112
144.833333333, 122
144.966666667, 121
145.4, 121
145.433333333, 120
145.666666667, 112
145.833333333, 122
145.966666667, 121
146.4, 121
146.666666667, 106
146.733333333, 112
146.833333333, 122
147.1, 112
147.4, 121
147.666666667, 106
147.733333333, 112
147.833333333, 122
148.1, 112
148.4, 121
148.666666667, 106
148.733333333, 112
148.833333333, 122
149.1, 112
149.4, 121
149.666666667, 106
149.733333333, 112
149.833333333, 122
150.1, 112
150.4, 121
150.666666667, 112
150.733333333, 112
150.833333333, 122
151.1, 112
151.4, 121
151.666666667, 112
151.733333333, 112
151.833333333, 122
152.1, 112
152.4, 121
152.666666667, 112
152.733333333, 112
152.833333333, 122
153.1, 112
153.4, 121
153.666666667, 112
153.733333333, 112
153.833333333, 122
154.1, 112
154.4, 121
154.666666667, 112
154.733333333, 112
154.833333333, 122
155.1, 112
155.4, 121
155.666666667, 112
155.733333333, 112
155.833333333, 122
156.1, 112
156.4, 121
156.666666667, 112
156.733333333, 112
156.833333333, 122
157.1, 112
157.4, 121
157.666666667, 112
157.733333333, 112
157.833333333, 122
158.1, 112
158.4, 121
158.666666667, 112
158.833333333, 122
158.966666667, 122
159.4, 122
159.433333333, 121
159.666666667, 112
159.833333333, 122
159.966666667, 122
160.4, 122
160.433333333, 121
160.666666667, 112
160.833333333, 122
160.966666667, 122
161.4, 122
161.433333333, 121
161.666666667, 112
161.833333333, 122
161.966666667, 122
162.4, 122
162.433333333, 121
162.666666667, 110
162.833333333, 122
162.966666667, 122
163.4, 122
163.433333333, 121
163.666666667, 110
163.833333333, 122
163.966666667, 122
164.4, 122
164.433333333, 121
164.666666667, 110
164.833333333, 122
164.966666667, 122
165.4, 122
165.433333333, 121
165.666666667, 110
165.833333333, 122
165.966666667, 122
166.4, 122
166.433333333, 121
166.666666667, 110
166.833333333, 122
166.966666667, 122
167.4, 122
167.433333333, 121
167.666666667, 110
167.833333333, 122
167.966666667, 122
168.4, 122
168.433333333, 121
168.666666667, 110
168.833333333, 122
168.966666667, 118
169.4, 122
169.433333333, 121
169.666666667, 110
169.833333333, 122
169.966666667, 118
170.4, 122
170.433333333, 121
170.666666667, 110
170.833333333, 122
170.966666667, 118
171.4, 122
171.433333333, 121
171.666666667, 110
171.833333333, 122
171.966666667, 118
172.4, 122
172.433333333, 117
172.666666667, 110
172.833333333, 122
172.966666667, 118
173.4, 122
173.433333333, 117
173.666666667, 110
173.833333333, 122
173.966666667, 118
174.4, 122
174.433333333, 117
174.666666667, 110
174.833333333, 122
174.966666667, 118
175.4, 122
175.433333333, 117
175.666666667, 110
175.833333333, 122
175.966666667, 118
176.4, 122
176.433333333, 117
176.666666667, 110
176.833333333, 122
176.966666667, 118
177.4, 122
177.433333333, 117
177.666666667, 110
177.833333333, 122
177.966666667, 118
178.4, 122
178.433333333, 117
178.666666667, 110
178.833333333, 122
178.966666667, 118
179.4, 122
179.433333333, 117
179.666666667, 110
179.833333333, 122
179.966666667, 118
180.4, 122
180.433333333, 117
180.666666667, 110
180.833333333, 118
180.966666667, 113
181.4, 122
181.433333333, 117
181.666666667, 110
181.833333333, 118
181.966666667, 113
182.4, 122
182.433333333, 117
182.666666667, 110
182.833333333, 118
182.966666667, 113
183.4, 122
183.433333333, 117
183.666666667, 110
183.833333333, 118
183.966666667, 113
184.4, 122
184.433333333, 117
184.666666667, 110
184.833333333, 118
185.1, 103
185.4, 117
185.666666667, 110
185.733333333, 110
185.833333333, 112
186.1, 103
186.4, 117
186.666666667, 110
186.733333333, 110
186.833333333, 112
187.1, 103
187.4, 117
187.666666667, 110
187.733333333, 110
187.833333333, 112
188.1, 103
188.4, 117
188.666666667, 110
188.733333333, 110
188.833333333, 112
189.1, 103
189.4, 117
189.666666667, 110
189.733333333, 110
189.833333333, 112
190.1, 103
190.4, 117
190.666666667, 110
190.733333333, 110
190.833333333, 112
191.1, 103
191.4, 117
191.666666667, 110
191.733333333, 110
191.833333333, 112
192.1, 103
192.4, 117
192.666666667, 110
192.733333333, 110
192.833333333, 112
193.1, 103
193.4, 117
193.666666667, 110
193.733333333, 110
193.833333333, 112
194.1, 103
194.4, 117
194.666666667, 110
194.733333333, 110
194.833333333, 112
195.1, 103
195.4, 117
195.666666667, 110
195.733333333, 110
195.833333333, 112
196.1, 103
196.4, 117
196.666666667, 110
196.733333333, 110
196.833333333, 112
197.1, 103
197.4, 117
197.666666667, 110
197.733333333, 110
197.833333333, 112
198.1, 103
198.4, 117
198.666666667, 97
198.733333333, 110
198.833333333, 112
199.1, 103
199.4, 117
199.666666667, 97
199.733333333, 110
199.833333333, 112
200.1, 103
200.4, 117
200.666666667, 97
200.733333333, 110
200.833333333, 112
201.1, 103
201.4, 117
201.666666667, 97
201.733333333, 110
201.833333333, 112
202.1, 103
202.5, 106
202.733333333, 110
202.8, 110
202.833333333, 107
203.4, 111
203.5, 106
203.733333333, 110
203.833333333, 112
203.966666667, 107
204.4, 111
204.5, 106
204.733333333, 110
204.833333333, 112
204.966666667, 107
205.4, 111
205.5, 106
205.733333333, 110
205.833333333, 112
205.966666667, 107
206.4, 111
206.5, 106
206.733333333, 110
206.833333333, 112
206.966666667, 107
207.4, 111
207.5, 106
207.733333333, 110
207.833333333, 112
207.966666667, 107
208.4, 111
208.5, 106
208.733333333, 110
208.833333333, 112
208.966666667, 107
209.4, 111
209.5, 106
209.733333333, 110
209.833333333, 112
209.966666667, 107
210.4, 111
210.433333333, 106
210.666666667, 97
210.833333333, 112
210.966666667, 105
211.4, 111
211.433333333, 106
211.666666667, 97
211.833333333, 105
211.966666667, 105
212.4, 111
212.433333333, 106
212.666666667, 97
212.833333333, 105
212.966666667, 105
213.4, 111
213.433333333, 106
213.666666667, 97
213.833333333, 105
213.966666667, 105
214.4, 111
214.433333333, 106
214.666666667, 97
214.833333333, 105
214.966666667, 105
215.4, 111
215.433333333, 106
215.666666667, 97
215.833333333, 105
215.966666667, 105
216.4, 111
216.433333333, 106
216.666666667, 97
216.833333333, 105
216.966666667, 105
217.4, 111
217.433333333, 106
217.666666667, 97
217.833333333, 105
217.966666667, 105
218.4, 106
218.433333333, 106
218.666666667, 97
218.833333333, 105
218.966666667, 105
219.4, 106
219.433333333, 106
219.666666667, 97
219.833333333, 105
219.966666667, 105
220.4, 106
220.433333333, 106
220.666666667, 97
220.833333333, 105
220.966666667, 105
221.4, 106
221.433333333, 106
221.666666667, 97
221.833333333, 105
221.966666667, 105
222.4, 106
222.433333333, 106
222.666666667, 97
222.833333333, 105
222.966666667, 105
223.4, 106
223.433333333, 106
223.666666667, 97
223.833333333, 105
223.966666667, 105
224.4, 106
224.433333333, 106
224.666666667, 97
224.833333333, 105
224.966666667, 105
225.4, 106
225.433333333, 106
225.666666667, 97
225.833333333, 105
225.966666667, 105
226.4, 106
226.433333333, 106
226.666666667, 97
226.833333333, 105
226.966666667, 105
227.4, 106
227.433333333, 106
227.666666667, 99
227.833333333, 105
227.966666667, 105
228.4, 106
228.433333333, 106
228.666666667, 99
228.833333333, 105
228.966666667, 105
229.4, 106
229.433333333, 106
229.666666667, 99
229.833333333, 105
229.966666667, 105
230.4, 106
230.433333333, 106
230.666666667, 99
230.833333333, 105
230.966666667, 105
231.4, 106
231.433333333, 106
231.666666667, 99
231.833333333, 105
231.966666667, 105
232.4, 106
232.433333333, 106
232.666666667, 99
232.833333333, 112
232.966666667, 105
233.4, 106
233.433333333, 106
233.666666667, 99
233.833333333, 112
233.966666667, 105
234.4, 106
234.433333333, 106
234.666666667, 99
234.833333333, 112
234.966666667, 105
235.4, 106
235.433333333, 106
235.666666667, 99
235.833333333, 112
235.966666667, 105
236.4, 106
236.433333333, 106
236.666666667, 99
236.833333333, 112
236.966666667, 105
237.4, 106
237.433333333, 106
237.666666667, 99
237.833333333, 112
238.1, 106
238.4, 106
238.433333333, 105
238.666666667, 99
238.833333333, 112
239.1, 106
239.4, 106
239.433333333, 105
239.666666667, 99
239.833333333, 112
240.1, 106
240.4, 106
240.433333333, 105
240.666666667, 99
240.833333333, 112
241.1, 106
241.4, 119
241.433333333, 105
241.666666667, 99
241.833333333, 112
242.1, 106
242.4, 119
242.433333333, 105
242.666666667, 99
242.833333333, 112
243.1, 106
243.4, 119
243.433333333, 105
243.666666667, 99
243.833333333, 112
244.1, 106
244.4, 119
244.433333333, 105
244.666666667, 99
244.833333333, 112
245.1, 106
245.4, 119
245.433333333, 105
245.666666667, 99
245.833333333, 112
246.1, 106
246.4, 119
246.433333333, 105
246.666666667, 99
246.833333333, 112
247.1, 106
247.4, 119
247.433333333, 105
247.833333333, 112
247.966666667, 107
248.4, 119
248.433333333, 106
248.833333333, 112
249.1, 106
249.3, 115
249.433333333, 105
249.733333333, 109
249.966666667, 107
250.3, 109
250.433333333, 106
250.733333333, 109
251.3, 109
251.433333333, 106
251.733333333, 109
252.3, 109
252.433333333, 107
252.733333333, 109
253.3, 109
253.433333333, 106
253.733333333, 109
254.3, 109
254.433333333, 107
254.733333333, 109
255.3, 109
255.433333333, 106
255.733333333, 109
256.3, 109
256.433333333, 107
256.733333333, 109
256.8, 115
257.3, 109
257.433333333, 106
257.733333333, 109
257.8, 115
258.3, 109
258.433333333, 107
258.733333333, 109
258.8, 115
259.3, 109
259.433333333, 106
259.733333333, 109
259.8, 115
260.3, 109
260.433333333, 107
260.733333333, 109
260.8, 115
261.3, 109
261.433333333, 106
261.733333333, 109
261.8, 115
262.3, 109
262.433333333, 107
262.733333333, 109
262.8, 115
263.3, 109
263.433333333, 106
263.733333333, 109
263.8, 115
264.3, 109
264.433333333, 107
264.733333333, 109
264.8, 115
265.3, 109
265.433333333, 106
265.733333333, 109
265.8, 115
266.3, 109
266.433333333, 107
266.733333333, 115
266.8, 118
267.3, 109
267.433333333, 106
267.733333333, 115
267.8, 118
268.3, 109
268.433333333, 107
268.733333333, 115
268.8, 118
269.3, 109
269.433333333, 105
269.733333333, 115
269.8, 118
270.1, 109
270.3, 118
270.433333333, 107
270.733333333, 115
270.8, 130
271.1, 109
271.3, 118
271.733333333, 115
271.8, 130
272.1, 109
272.3, 118
272.733333333, 115
272.8, 130
273.1, 109
273.3, 118
273.733333333, 115
273.8, 130
274.1, 109
274.3, 118
274.733333333, 115
274.8, 130
275.1, 109
275.3, 118
275.733333333, 115
275.8, 130
276.1, 109
276.3, 118
276.733333333, 115
276.8, 131
277.1, 109
277.3, 131
277.733333333, 115
277.8, 131
278.1, 109
278.3, 131
278.733333333, 115
278.8, 131
279.1, 109
279.3, 131
279.733333333, 115
279.8, 131
280.1, 109
280.3, 131
280.733333333, 115
280.8, 131
281.1, 130
281.3, 131
281.733333333, 115
281.8, 130
282.1, 130
282.3, 131
282.733333333, 115
282.8, 130
283.1, 130
283.3, 131
283.666666667, 115
283.733333333, 130
283.8, 131
284.1, 130
284.3, 131
284.666666667, 115
284.733333333, 130
284.8, 131
285.1, 130
285.3, 131
285.666666667, 115
285.733333333, 130
285.8, 131
286.1, 130
286.3, 131
286.666666667, 115
286.733333333, 130
286.8, 131
287.1, 130
287.3, 131
287.666666667, 130
287.733333333, 131
287.833333333, 133
288.1, 131
288.4, 137
288.666666667, 126
288.733333333, 130
288.833333333, 133
289.1, 131
289.4, 137
289.666666667, 126
289.733333333, 130
289.833333333, 133
290.1, 131
290.4, 137
290.666666667, 126
290.733333333, 130
290.833333333, 133
291.1, 131
291.4, 137
291.666666667, 126
291.733333333, 130
291.833333333, 133
292.1, 131
292.4, 137
292.666666667, 126
292.733333333, 130
292.833333333, 133
293.1, 131
293.4, 137
293.666666667, 126
293.733333333, 130
293.833333333, 133
294.1, 131
294.4, 137
294.666666667, 126
294.733333333, 130
295.1, 130
295.3, 131
295.5, 129
295.666666667, 130
295.733333333, 131
296.3, 130
296.5, 129
296.666666667, 130
296.733333333, 131
297.133333333, 129
297.3, 130
297.666666667, 126
297.733333333, 130
298.3, 130
298.5, 129
298.666666667, 130
298.733333333, 131
299.3, 130
299.5, 129
299.666666667, 130
299.733333333, 131
300.5, 129
300.666666667, 130
301.5, 129
301.666666667, 130
302.5, 129
302.666666667, 130
303.5, 129
303.666666667, 130
304.5, 129
304.666666667, 130
305.433333333, 129
305.5, 128
305.666666667, 130
306.433333333, 129
306.5, 128
306.666666667, 130
307.433333333, 129
307.5, 128
307.666666667, 130
308.433333333, 129
308.5, 128
308.666666667, 130
309.433333333, 129
309.666666667, 126
310.433333333, 129
310.666666667, 126
311.433333333, 129
311.666666667, 126
312.433333333, 129
312.666666667, 126
313.433333333, 129
313.666666667, 126
314.433333333, 129
314.666666667, 126
315.433333333, 129
315.666666667, 126
315.833333333, 129
316.433333333, 123
316.666666667, 126
316.833333333, 129
317.433333333, 123
317.5, 114
317.666666667, 131
317.833333333, 129
317.933333333, 114
318.433333333, 123
318.5, 112
318.666666667, 131
318.833333333, 129
319.433333333, 123
319.5, 114
319.666666667, 131
319.833333333, 129
320.433333333, 123
320.5, 114
320.833333333, 129
321.433333333, 123
321.5, 114
321.833333333, 129
322.433333333, 123
322.5, 114
322.833333333, 129
323.4, 123
323.433333333, 114
323.5, 112
323.833333333, 129
324.433333333, 123
324.5, 114
324.833333333, 129
325.4, 123
325.433333333, 114
325.5, 112
325.833333333, 129
326.433333333, 123
326.5, 114
326.833333333, 129
327.4, 123
327.433333333, 114
327.5, 112
327.833333333, 129
328.433333333, 114
328.5, 112
328.833333333, 129
329.4, 123
329.433333333, 114
329.5, 112
329.833333333, 129
330.433333333, 114
330.5, 112
330.833333333, 114
330.966666667, 109
331.4, 123
331.433333333, 112
331.5, 105
331.833333333, 114
331.966666667, 109
332.433333333, 112
332.5, 106
332.833333333, 111
332.966666667, 109
333.4, 123
333.433333333, 112
333.5, 105
333.833333333, 111
333.966666667, 109
334.433333333, 112
334.5, 106
334.833333333, 111
334.966666667, 109
335.4, 123
335.433333333, 112
335.5, 105
335.833333333, 111
335.966666667, 109
336.433333333, 112
336.5, 106
336.833333333, 111
336.966666667, 109
337.4, 123
337.433333333, 112
337.5, 105
337.833333333, 111
337.966666667, 109
338.433333333, 118
338.5, 112
338.833333333, 111
338.966666667, 109
339.4, 118
339.433333333, 112
339.5, 105
339.833333333, 111
339.966666667, 109
340.433333333, 118
340.5, 112
340.833333333, 111
340.966666667, 109
341.4, 118
341.433333333, 112
341.5, 105
341.833333333, 111
341.966666667, 109
342.433333333, 118
342.5, 112
342.833333333, 111
342.966666667, 109
343.4, 118
343.433333333, 112
343.5, 105
343.833333333, 111
344.2, 117
344.433333333, 118
344.5, 112
344.833333333, 128
345.3, 117
345.4, 112
345.433333333, 111
345.5, 105
345.833333333, 128
346.3, 117
346.433333333, 112
346.5, 111
346.833333333, 128
347.3, 117
347.4, 112
347.433333333, 111
347.5, 105
347.833333333, 128
348.3, 117
348.433333333, 112
348.5, 111
348.833333333, 128
349.3, 117
349.4, 112
349.433333333, 111
349.5, 105
349.833333333, 128
350.3, 117
350.433333333, 112
350.666666667, 128
350.833333333, 128
351.3, 117
351.4, 112
351.433333333, 111
351.8, 128
352.3, 117
352.433333333, 111
352.666666667, 128
352.966666667, 128
353.1, 130
353.4, 118
353.433333333, 111
353.8, 128
354.1, 117
354.433333333, 118
354.666666667, 128
354.966666667, 128
355.1, 130
355.4, 118
355.433333333, 111
355.8, 128
356.1, 117
356.433333333, 118
356.666666667, 128
356.966666667, 128
357.1, 130
357.4, 118
357.433333333, 111
357.8, 128
358.1, 117
358.433333333, 118
358.666666667, 128
358.966666667, 128
359.1, 130
359.4, 118
359.433333333, 111
359.8, 128
360.1, 117
360.433333333, 118
360.666666667, 128
360.966666667, 128
361.1, 130
361.433333333, 118
361.8, 128
362.1, 117
362.433333333, 118
362.666666667, 128
362.966666667, 128
363.1, 130
363.433333333, 118
363.633333333, 111
363.8, 128
364.1, 117
364.433333333, 118
364.666666667, 128
364.966666667, 128
365.1, 130
365.433333333, 118
365.8, 128
366.1, 117
366.3, 130
366.433333333, 111
366.666666667, 128
366.966666667, 128
367.1, 130
367.3, 142
367.433333333, 111
367.8, 128
368.1, 117
368.3, 130
368.433333333, 111
368.666666667, 128
368.966666667, 128
369.1, 130
369.3, 142
369.433333333, 111
369.8, 128
370.1, 117
370.3, 130
370.433333333, 111
370.666666667, 128
370.8, 142
371.1, 117
371.3, 130
371.433333333, 111
371.8, 128
372.1, 117
372.3, 130
372.433333333, 111
372.666666667, 128
372.8, 142
373.1, 117
373.3, 130
373.433333333, 111
373.8, 128
374.1, 117
374.3, 130
374.433333333, 111
374.666666667, 128
374.8, 142
375.1, 117
375.3, 130
375.433333333, 111
375.8, 128
376.1, 117
376.3, 130
376.433333333, 111
376.666666667, 128
376.8, 142
377.1, 117
377.3, 130
377.433333333, 111
377.8, 128
378.1, 117
378.3, 130
378.433333333, 111
378.666666667, 128
378.8, 142
379.1, 130
379.3, 132
379.433333333, 111
379.8, 128
380.1, 130
380.3, 131
380.433333333, 111
380.666666667, 128
380.8, 132
381.1, 130
381.3, 132
381.433333333, 111
381.8, 128
382.1, 130
382.3, 131
382.433333333, 105
382.666666667, 128
382.733333333, 132
382.8, 142
383.1, 130
383.3, 132
383.666666667, 100
383.733333333, 128
383.8, 131
384.1, 130
384.3, 132
384.666666667, 100
384.733333333, 128
384.8, 142
385.1, 130
385.3, 132
385.666666667, 100
385.733333333, 128
385.8, 131
386.1, 130
386.3, 132
386.666666667, 118
386.733333333, 118
386.8, 142
387.1, 130
387.3, 132
387.733333333, 118
387.8, 118
388.1, 130
388.3, 131
388.666666667, 118
388.733333333, 118
388.8, 132
389.1, 130
389.3, 132
389.733333333, 118
389.8, 118
390.1, 130
390.3, 131
390.666666667, 118
390.733333333, 118
390.8, 132
391.1, 109
391.3, 132
391.733333333, 118
391.8, 118
392.1, 109
392.266666667, 105
392.3, 132
392.666666667, 106
392.733333333, 118
392.8, 118
393.1, 109
393.3, 132
393.733333333, 106
393.8, 118
394.1, 109
394.3, 118
394.666666667, 106
394.733333333, 118
394.8, 118
395.1, 103
395.3, 109
395.733333333, 106
395.8, 118
395.966666667, 105
396.1, 109
396.3, 118
396.666666667, 106
396.733333333, 118
396.8, 118
397.1, 103
397.3, 109
397.733333333, 106
397.833333333, 109
397.966666667, 105
398.1, 118
398.3, 118
398.666666667, 106
398.733333333, 118
398.833333333, 109
399.1, 103
399.3, 118
399.733333333, 106
399.833333333, 109
399.966666667, 105
400.1, 118
400.3, 118
400.666666667, 106
400.733333333, 118
400.833333333, 109
401.1, 103
401.3, 118
401.733333333, 106
401.833333333, 109
401.966666667, 105
402.1, 118
402.3, 118
402.666666667, 106
402.833333333, 109
402.966666667, 105
403.1, 118
403.3, 118
403.8, 106
403.833333333, 105
403.966666667, 105
404.1, 118
404.3, 118
404.666666667, 106
404.833333333, 109
404.966666667, 105
405.1, 118
405.3, 118
405.8, 106
405.833333333, 105
405.966666667, 105
406.1, 118
406.3, 118
406.666666667, 106
406.833333333, 109
406.966666667, 105
407.1, 118
407.3, 118
407.8, 106
407.833333333, 105
407.966666667, 105
408.1, 118
408.3, 118
408.666666667, 106
408.833333333, 109
408.966666667, 105
409.1, 118
409.3, 118
409.8, 106
409.833333333, 105
409.966666667, 105
410.1, 118
410.3, 118
410.666666667, 106
410.833333333, 109
410.966666667, 105
411.1, 118
411.3, 118
411.8, 106
411.833333333, 105
411.966666667, 105
412.1, 118
412.4, 154
412.666666667, 102
412.833333333, 109
412.966666667, 105
413.1, 118
413.4, 154
413.666666667, 102
413.833333333, 109
413.966666667, 105
414.1, 118
414.4, 154
414.666666667, 102
414.833333333, 109
414.966666667, 105
415.1, 118
415.4, 154
415.666666667, 102
415.833333333, 109
415.966666667, 105
416.1, 118
416.4, 154
416.666666667, 102
416.833333333, 109
416.966666667, 105
417.1, 118
417.4, 154
417.666666667, 102
417.833333333, 109
417.966666667, 105
418.1, 118
418.4, 154
418.666666667, 102
418.833333333, 109
418.966666667, 105
419.1, 118
419.4, 154
419.666666667, 102
419.833333333, 109
419.966666667, 105
420.1, 118
420.4, 154
420.666666667, 102
420.833333333, 109
420.966666667, 105
421.4, 131
421.433333333, 130
421.666666667, 102
421.833333333, 109
422.1, 122
422.4, 131
422.5, 105
422.833333333, 115
422.966666667, 109
423.1, 121
423.4, 131
423.5, 105
423.833333333, 115
424.1, 121
424.3, 122
424.4, 109
424.5, 105
424.833333333, 115
424.966666667, 109
425.1, 121
425.4, 131
425.5, 105
425.833333333, 115
426.1, 121
426.3, 122
426.4, 109
426.5, 105
426.833333333, 115
426.966666667, 109
427.1, 121
427.4, 131
427.5, 105
427.833333333, 115
428.1, 121
428.3, 122
428.4, 109
428.5, 105
428.833333333, 115
428.966666667, 109
429.1, 121
429.4, 131
429.833333333, 115
430.1, 121
430.3, 122
430.4, 109
430.833333333, 115
430.966666667, 109
431.1, 121
431.4, 131
431.833333333, 115
432.1, 121
432.3, 122
432.4, 109
432.833333333, 115
432.966666667, 109
433.1, 121
433.4, 131
433.833333333, 115
434.1, 121
434.3, 122
434.4, 109
434.833333333, 115
434.966666667, 109
435.1, 121
435.3, 141
435.666666667, 106
435.833333333, 109
436.1, 121
436.3, 122
436.666666667, 106
436.833333333, 109
436.966666667, 105
437.1, 121
437.3, 141
437.666666667, 106
437.833333333, 109
438.1, 121
438.3, 122
438.666666667, 106
438.8, 121
438.833333333, 105
439.1, 103
439.3, 141
439.666666667, 106
439.8, 121
439.833333333, 105
440.1, 122
440.3, 141
440.666666667, 106
440.8, 121
440.833333333, 105
441.1, 103
441.3, 141
441.666666667, 106
441.8, 121
441.833333333, 105
442.1, 122
442.3, 141
442.666666667, 106
442.8, 121
442.833333333, 105
443.1, 103
443.3, 141
443.666666667, 106
443.8, 141
443.833333333, 105
444.1, 122
444.4, 161
444.8, 141
444.833333333, 115
444.966666667, 105
445.1, 151
445.4, 161
445.8, 141
445.833333333, 115
446.1, 122
446.3, 151
446.666666667, 141
446.8, 151
446.833333333, 105
447.1, 103
447.3, 151
447.666666667, 141
447.733333333, 151
447.8, 151
448.1, 97
448.3, 122
448.666666667, 141
448.733333333, 151
448.8, 151
449.1, 97
449.3, 103
449.666666667, 141
449.733333333, 151
449.8, 151
450.1, 97
450.3, 122
450.666666667, 141
450.733333333, 151
450.8, 151
451.1, 103
451.3, 138
451.666666667, 141
451.733333333, 151
451.8, 151
452.1, 122
452.3, 138
452.666666667, 141
452.733333333, 151
452.8, 151
453.1, 103
453.3, 138
453.666666667, 141
453.733333333, 151
453.833333333, 141
454.1, 122
454.3, 151
454.666666667, 141
454.733333333, 151
454.833333333, 141
455.1, 103
455.3, 151
455.666666667, 141
455.733333333, 151
455.833333333, 141
456.1, 122
456.3, 151
456.666666667, 141
456.733333333, 151
456.833333333, 141
457.1, 103
457.3, 151
457.666666667, 141
457.733333333, 151
457.833333333, 141
458.1, 122
458.3, 151
458.733333333, 141
458.833333333, 141
458.966666667, 126
459.1, 151
459.3, 151
459.733333333, 141
459.833333333, 141
459.966666667, 126
460.1, 151
460.3, 151
460.733333333, 141
460.833333333, 141
460.966666667, 126
461.1, 151
461.3, 151
461.733333333, 141
461.833333333, 141
461.966666667, 126
462.1, 151
462.3, 151
462.733333333, 141
462.833333333, 141
462.966666667, 126
463.1, 151
463.4, 115
463.733333333, 141
463.833333333, 141
463.966666667, 126
464.1, 151
464.4, 115
464.733333333, 141
464.833333333, 141
464.966666667, 126
465.1, 151
465.4, 115
465.8, 141
465.966666667, 126
466.1, 138
466.4, 115
466.733333333, 141
466.833333333, 141
466.966666667, 126
467.1, 151
467.4, 115
467.8, 141
467.966666667, 126
468.1, 138
468.4, 115
468.733333333, 141
468.833333333, 141
468.966666667, 126
469.1, 151
469.4, 115
469.8, 141
469.966666667, 126
470.1, 138
470.4, 115
470.5, 111
470.733333333, 151
470.833333333, 141
470.966666667, 126
471.4, 160
471.5, 115
471.833333333, 141
471.966666667, 126
472.1, 151
472.4, 115
472.5, 111
472.833333333, 155
472.966666667, 141
473.4, 160
473.433333333, 126
473.5, 115
473.833333333, 141
473.966666667, 126
474.4, 160
474.433333333, 115
474.5, 111
474.833333333, 155
474.966666667, 141
475.4, 160
475.433333333, 126
475.5, 115
475.833333333, 141
475.966666667, 126
476.4, 115
476.433333333, 111
476.5, 107
476.833333333, 155
476.966666667, 141
477.4, 160
477.433333333, 126
477.5, 115
477.833333333, 141
477.966666667, 126
478.4, 115
478.433333333, 111
478.5, 107
478.833333333, 155
478.966666667, 141
479.4, 160
479.433333333, 126
479.5, 115
479.833333333, 141
479.966666667, 126
480.4, 115
480.433333333, 111
480.5, 107
480.833333334, 155
480.966666667, 141
481.4, 160
481.433333334, 126
481.5, 115
481.833333334, 141
481.966666667, 126
482.4, 115
482.433333334, 111
482.5, 107
482.833333334, 155
482.966666667, 141
483.4, 160
483.433333334, 126
483.5, 115
483.833333334, 141
483.966666667, 126
484.4, 126
484.433333334, 111
484.5, 107
484.833333334, 155
484.966666667, 141
485.4, 160
485.433333334, 126
485.5, 115
485.833333334, 141
485.966666667, 126
486.4, 126
486.433333334, 111
486.5, 107
486.833333334, 155
486.966666667, 135
487.4, 160
487.433333334, 115
487.666666667, 95
487.833333334, 135
487.966666667, 111
488.4, 126
488.433333334, 107
488.666666667, 95
488.833333334, 155
488.966666667, 135
489.4, 160
489.433333334, 115
489.666666667, 95
489.833333334, 135
489.966666667, 111
490.433333334, 126
490.5, 107
490.666666667, 133
490.833333334, 155
490.966666667, 135
491.4, 160
491.433333334, 115
491.833333334, 140
491.966666667, 135
492.433333334, 126
492.666666667, 133
492.733333334, 141
492.833333334, 135
492.966666667, 107
493.4, 160
493.433333334, 115
493.833333334, 140
493.966666667, 135
494.433333334, 126
494.666666667, 133
494.733333334, 141
494.833333334, 135
494.966666667, 107
495.4, 160
495.833333334, 140
495.966666667, 135
496.666666667, 133
496.733333334, 141
496.833333334, 135
496.966666667, 126
497.1, 153
497.666666667, 133
497.833333334, 135
497.966666667, 115
498.666666667, 133
498.733333334, 141
498.833333334, 135
499.1, 153
499.666666667, 133
499.833333334, 135
499.966666667, 115
500.666666667, 133
500.733333334, 141
500.833333334, 135
501.1, 153
501.666666667, 133
501.833333334, 135
501.966666667, 115
502.666666667, 133
502.733333334, 141
502.833333334, 135
503.1, 153
503.666666667, 133
503.733333334, 141
503.833333334, 135
503.966666667, 115
504.1, 153
504.666666667, 133
504.733333334, 141
504.833333334, 135
505.1, 153
505.666666667, 133
505.733333334, 141
505.833333334, 135
505.966666667, 115
506.1, 153
506.666666667, 133
506.733333334, 141
506.833333334, 135
507.1, 153
507.666666667, 133
507.733333334, 141
507.833333334, 135
507.966666667, 115
508.1, 153
508.666666667, 133
508.733333334, 141
508.833333334, 135
509.1, 153
509.666666667, 133
509.733333334, 141
509.833333334, 135
509.966666667, 115
510.1, 153
510.666666667, 133
510.733333334, 141
510.833333334, 135
511.1, 153
511.666666667, 133
511.733333334, 141
511.833333334, 135
511.966666667, 115
512.1, 153
512.666666667, 133
512.733333334, 141
512.833333334, 135
513.1, 153
513.666666667, 133
513.733333334, 141
513.833333334, 135
513.966666667, 115
514.1, 153
514.666666667, 133
514.733333334, 141
514.833333334, 135
515.1, 153
515.666666667, 133
515.733333334, 134
515.833333334, 135
515.966666667, 115
516.1, 141
516.666666667, 133
516.733333334, 134
516.833333334, 135
517.1, 141
517.666666667, 133
517.733333334, 134
517.833333334, 135
517.966666667, 115
518.1, 141
518.666666667, 133
518.733333334, 134
518.833333334, 135
519.1, 141
519.666666667, 133
519.733333334, 134
519.833333334, 135
519.966666667, 115
520.1, 141
520.666666667, 133
520.733333334, 134
520.833333334, 135
521.1, 141
521.666666667, 133
521.733333334, 134
521.833333334, 135
521.966666667, 115
522.666666667, 133
522.733333334, 134
522.833333334, 135
523.666666667, 133
523.733333334, 134
523.833333334, 135
523.966666667, 120
524.666666667, 133
524.8, 134
524.833333334, 126
525.666666667, 133
525.8, 134
525.833333334, 120
525.966666667, 115
526.666666667, 133
526.8, 134
526.833333334, 126
527.666666667, 133
527.8, 134
527.833333334, 120
527.966666667, 113
528.666666667, 133
528.8, 134
528.833333334, 120
529.666666667, 133
529.8, 134
529.833333334, 120
529.966666667, 113
530.666666667, 133
530.8, 134
530.833333334, 120
531.666666667, 133
531.8, 134
531.833333334, 120
531.966666667, 113
532.5, 120
532.666666667, 133
532.8, 134
532.833333334, 113
533.5, 120
533.666666667, 133
533.8, 134
533.833333334, 113
533.966666667, 107
534.5, 120
534.8, 133
534.833333334, 113
535.4, 120
535.5, 108
535.833333334, 113
535.966666667, 111
536.4, 120
536.5, 108
536.833333334, 113
537.4, 120
537.5, 111
537.833333334, 113
537.966666667, 111
538.4, 120
538.5, 108
538.833333334, 113
539.4, 120
539.5, 111
539.833333333, 113
539.966666667, 111
540.4, 120
540.5, 108
540.833333333, 113
540.966666667, 111
541.4, 120
541.5, 108
541.833333333, 113
541.866666667, 134
542.1, 118
542.4, 111
542.5, 108
542.833333333, 113
542.966666667, 111
543.4, 120
543.833333333, 113
544.1, 118
544.4, 111
544.833333333, 113
544.966666667, 111
545.3, 126
545.4, 120
545.733333333, 126
545.833333333, 111
546.1, 118
546.3, 134
546.4, 108
546.733333333, 126
546.833333333, 111
546.966666667, 108
547.3, 134
547.4, 120
547.666666667, 126
547.733333333, 134
547.833333333, 111
548.1, 118
548.4, 145
548.666666667, 126
548.733333333, 134
548.833333333, 111
549.1, 97
549.4, 145
549.666666667, 126
549.733333333, 134
549.833333333, 111
550.1, 118
550.4, 145
550.666666667, 126
550.733333333, 134
550.833333333, 111
551.1, 97
551.4, 145
551.666666667, 126
551.733333333, 134
551.833333333, 111
552.1, 118
552.4, 145
552.666666667, 126
552.733333333, 134
552.833333333, 111
553.1, 97
553.4, 145
553.666666667, 126
553.733333333, 134
553.833333333, 111
554.1, 118
554.4, 145
554.666666667, 126
554.733333333, 134
554.833333333, 111
555.1, 97
555.4, 145
555.666666667, 126
555.733333333, 134
555.833333333, 111
556.1, 118
556.4, 145
556.666666667, 126
556.733333333, 134
556.833333333, 111
557.1, 97
557.4, 145
557.666666667, 126
557.733333333, 134
557.833333333, 111
558.1, 118
558.4, 145
558.666666667, 126
558.733333333, 134
558.833333333, 111
559.1, 97
559.4, 145
559.666666667, 126
559.733333333, 134
559.833333333, 111
560.1, 118
560.433333333, 145
560.666666667, 126
560.833333333, 147
561.433333333, 167
561.5, 145
561.833333333, 154
562.433333333, 167
562.5, 147
562.833333333, 154
563.433333333, 167
563.5, 147
563.833333333, 154
564.433333333, 167
564.5, 147
564.833333333, 154
565.433333333, 167
565.5, 147
565.833333333, 154
566.433333333, 167
566.5, 147
566.833333333, 161
567.433333333, 167
567.5, 154
567.833333333, 161
568.433333333, 167
568.5, 154
568.833333333, 161
569.433333333, 167
569.5, 154
569.833333333, 161
570.433333333, 167
570.5, 154
570.833333333, 161
571.433333333, 167
571.5, 154
571.833333333, 161
572.233333333, 167
572.5, 145
572.8, 160
572.833333333, 154
573.433333333, 167
573.5, 147
573.833333333, 161
574.433333333, 167
574.5, 154
574.833333333, 161
575.433333333, 167
575.5, 154
575.833333333, 161
576.433333333, 167
576.5, 154
576.833333333, 161
577.433333333, 167
577.5, 154
577.833333333, 161
578.433333333, 167
578.5, 154
578.833333333, 161
579.433333333, 167
579.5, 147
579.833333333, 161
580.433333333, 167
580.5, 147
580.833333333, 161
581.433333333, 167
581.5, 147
581.833333333, 161
582.433333333, 167
582.5, 147
582.833333333, 161
583.433333333, 167
583.5, 147
583.833333333, 161
584.433333333, 167
584.5, 147
584.833333333, 161
585.433333333, 167
585.5, 147
585.833333333, 161
586.433333333, 167
586.5, 147
586.833333333, 161
586.966666667, 147
587.5, 130
587.8, 160
587.833333333, 147
587.966666667, 110
588.5, 130
588.8, 160
588.833333333, 147
588.966666667, 110
589.4, 130
589.8, 126
589.966666667, 115
590.3, 119
590.4, 110
590.5, 108
590.8, 160
590.966666667, 115
591.3, 119
591.4, 110
591.5, 108
591.8, 160
591.966666667, 115
592.3, 119
592.4, 110
592.5, 108
592.833333333, 126
592.966666667, 115
593.4, 130
593.5, 110
593.833333333, 126
593.966666667, 115
594.4, 130
594.5, 110
594.833333333, 126
594.966666667, 115
595.4, 130
595.5, 110
595.833333333, 126
595.966666667, 115
596.4, 130
596.5, 110
596.833333333, 126
596.966666667, 115
597.4, 130
597.5, 110
597.833333333, 126
597.966666667, 115
598.4, 130
598.466666667, 110
598.666666667, 108
598.833333333, 126
598.966666667, 115
599.4, 130
599.5, 108
599.833333333, 126
599.966666667, 115
600.4, 130
600.5, 110
600.833333333, 126
600.966666667, 115
601.4, 130
601.5, 110
601.833333333, 126
602.4, 130
602.5, 115
602.833333333, 126
603.4, 130
603.5, 115
603.833333333, 126
604.4, 130
604.5, 115
604.833333333, 126
605.4, 130
605.5, 115
605.833333333, 126
606.4, 130
606.5, 115
606.833333333, 126
607.4, 130
607.5, 115
607.833333333, 126
608.4, 130
608.5, 115
608.833333333, 126
609.4, 130
609.5, 115
609.833333333, 126
610.4, 130
610.5, 115
610.833333333, 126
611.4, 130
611.5, 115
611.833333333, 126
612.5, 130
612.833333333, 126
613.5, 130
613.833333333, 126
614.5, 130
614.833333333, 126
615.5, 130
615.833333333, 126
616.5, 130
616.833333333, 126
617.5, 130
617.733333333, 161
617.833333333, 126
618.5, 130
618.733333333, 161
618.833333333, 160
619.5, 130
619.733333333, 161
619.833333333, 160
620.5, 130
620.733333333, 161
620.833333333, 160
621.5, 130
621.733333333, 161
621.833333333, 160
622.5, 130
622.733333333, 161
622.833333333, 160
623.5, 135
623.733333333, 161
623.833333333, 160
624.5, 135
624.733333333, 161
624.833333333, 160
625.5, 135
625.733333333, 161
625.833333333, 160
626.5, 135
626.733333333, 161
626.833333333, 160
627.5, 135
627.733333333, 161
627.833333333, 160
628.5, 135
628.733333333, 161
628.833333333, 160
629.5, 135
629.733333333, 161
629.833333333, 160
630.5, 135
630.733333333, 161
630.833333333, 160
631.5, 135
631.733333333, 161
631.833333333, 160
632.5, 135
632.733333333, 161
632.833333333, 160
633.5, 135
633.733333333, 161
633.833333333, 160
634.5, 135
634.733333333, 161
634.833333333, 160
635.5, 118
635.733333333, 161
635.833333333, 160
636.666666667, 127
636.733333333, 161
637.166666667, 132
637.5, 118
637.833333333, 161
638.5, 160
638.733333333, 161
638.833333333, 160
639.5, 121
639.733333333, 161
639.833333333, 160
640.666666667, 127
640.733333333, 161
641.5, 121
641.666666667, 132
641.733333333, 161
642.666666667, 127
642.733333333, 132
643.5, 121
643.666666667, 132
643.733333333, 161
644.666666667, 127
644.733333333, 132
645.5, 121
645.666666667, 132
645.733333333, 137
646.666666667, 127
646.733333333, 132
647.5, 121
647.666666667, 132
647.733333333, 137
648.666666667, 127
648.733333333, 132
649.5, 121
649.666666667, 132
649.733333333, 137
650.666666667, 127
650.733333333, 132
651.5, 121
651.666666667, 132
651.733333333, 137
652.666666667, 127
652.733333333, 132
653.5, 121
653.666666667, 132
653.733333333, 137
654.666666667, 127
654.733333333, 132
655.5, 121
655.666666667, 132
655.733333333, 137
656.666666667, 127
656.733333333, 132
657.5, 121
657.666666667, 132
657.733333333, 137
658.666666667, 127
658.733333333, 132
659.5, 121
659.666666667, 137
659.733333333, 154
660.666666667, 127
660.733333333, 132
661.3, 137
661.5, 121
661.666666667, 137
661.733333333, 154
662.666666667, 127
662.733333333, 132
663.3, 166
663.5, 121
663.733333333, 161
663.833333333, 144
664.666666667, 127
664.733333333, 161
665.3, 166
665.5, 121
665.733333333, 161
665.833333333, 144
666.666666667, 127
666.733333333, 148
667.3, 140
667.5, 121
667.733333333, 148
667.833333333, 144
668.666666667, 127
668.733333333, 148
669.3, 140
669.5, 121
669.733333333, 148
669.833333333, 144
670.666666667, 127
670.733333333, 148
671.3, 140
671.5, 121
671.733333333, 148
671.833333333, 144
672.666666667, 127
672.733333333, 148
673.3, 140
673.5, 121
673.733333333, 148
674.733333333, 127
675.3, 140
675.5, 121
675.733333333, 148
676.733333333, 127
677.3, 140
677.5, 121
677.733333333, 148
678.733333333, 127
679.3, 140
679.5, 121
679.733333333, 148
680.5, 111
680.733333333, 140
681.3, 140
681.5, 111
681.733333333, 148
682.5, 111
682.733333333, 140
683.3, 140
683.5, 111
683.733333333, 148
684.5, 111
684.733333333, 140
685.3, 140
685.5, 111
685.733333333, 148
686.5, 111
686.733333333, 140
687.3, 140
687.5, 111
687.733333333, 148
688.5, 111
688.733333333, 140
689.3, 140
689.5, 111
689.733333333, 148
690.5, 111
690.733333333, 140
691.3, 140
691.5, 111
691.733333333, 148
691.9, 140
692.5, 111
692.733333333, 148
693.3, 140
693.5, 111
693.733333333, 148
694.5, 111
694.733333333, 140
695.3, 140
695.5, 111
695.733333333, 148
696.5, 111
696.733333333, 140
696.8, 148
697.3, 140
697.5, 111
697.733333333, 148
697.8, 161
698.5, 111
698.733333333, 140
698.8, 148
699.3, 140
699.5, 111
699.733333333, 148
699.8, 161
700.5, 111
700.733333333, 140
700.8, 148
701.3, 140
701.733333333, 148
701.8, 161
702.733333333, 140
702.8, 148
703.3, 140
703.733333333, 148
703.8, 161
704.733333333, 140
704.8, 148
705.3, 140
705.733333333, 148
705.8, 161
706.733333333, 140
706.8, 148
707.3, 140
707.733333333, 148
707.8, 161
708.733333333, 140
708.8, 148
709.3, 140
709.733333333, 148
709.8, 152
710.666666667, 140
710.733333333, 148
710.8, 152
711.3, 140
711.733333333, 148
711.8, 152
711.833333333, 147
712.733333333, 148
712.8, 152
712.833333333, 147
713.3, 148
713.666666667, 117
713.733333333, 152
713.8, 186
714.666666667, 117
714.733333333, 140
714.8, 148
715.3, 140
715.666666667, 117
715.733333333, 148
715.8, 152
715.833333333, 109
716.666666667, 117
716.733333333, 148
716.8, 152
716.833333333, 110
717.1, 100
717.4, 183
717.733333333, 152
717.8, 186
717.833333333, 147
718.1, 100
718.666666667, 117
718.733333333, 152
718.8, 186
718.833333333, 110
719.1, 100
719.4, 183
719.733333333, 152
719.8, 186
719.833333333, 147
720.1, 100
720.666666667, 117
720.733333333, 152
720.8, 186
720.833333333, 110
721.1, 100
721.4, 183
721.733333333, 152
721.8, 186
721.833333333, 147
722.1, 100
722.666666667, 117
722.733333333, 152
722.8, 186
722.833333333, 110
723.1, 100
723.4, 183
723.733333333, 152
723.8, 186
723.833333333, 147
724.1, 100
724.666666667, 117
724.733333333, 152
724.8, 186
724.833333333, 110
725.1, 100
725.4, 183
725.733333333, 152
725.8, 186
725.833333333, 147
726.1, 100
726.666666667, 117
726.733333333, 152
726.8, 186
726.833333333, 110
727.1, 100
727.4, 183
727.733333333, 152
727.8, 186
727.833333333, 147
728.1, 100
728.666666667, 117
728.733333333, 152
728.833333333, 143
728.966666667, 110
729.4, 183
729.733333333, 152
729.833333333, 147
729.966666667, 143
730.666666667, 117
730.733333333, 152
730.833333333, 143
730.966666667, 112
731.4, 183
731.733333333, 152
731.833333333, 147
732.4, 143
732.733333333, 152
732.833333333, 147
733.3, 153
733.4, 143
733.733333333, 165
733.833333333, 147
734.4, 143
734.733333333, 153
734.833333333, 147
735.3, 153
735.4, 143
735.733333333, 165
735.833333333, 147
736.4, 143
736.733333333, 153
736.833333333, 147
737.3, 153
737.4, 143
737.733333333, 165
737.833333333, 147
738.733333333, 153
738.833333333, 147
739.3, 153
739.733333333, 165
739.833333333, 147
740.733333333, 153
740.833333333, 147
741.3, 153
741.733333333, 165
741.833333333, 147
742.733333333, 153
742.833333333, 147
743.3, 153
743.733333333, 165
743.833333333, 147
744.3, 153
744.733333333, 165
744.833333333, 147
745.3, 153
745.733333333, 165
745.833333333, 147
746.3, 153
746.733333333, 165
746.833333333, 147
747.3, 153
747.733333333, 165
747.833333333, 147
748.3, 153
748.733333333, 165
749.3, 153
749.733333333, 157
750.1, 153
750.3, 157
750.733333333, 165
750.966666667, 154
751.3, 157
751.733333333, 165
751.966666667, 156
752.3, 157
752.733333333, 165
752.966666667, 156
753.3, 157
753.733333333, 165
753.966666667, 156
754.3, 157
754.733333333, 165
754.966666667, 156
755.3, 157
755.733333333, 165
755.966666667, 156
756.3, 157
756.733333333, 165
756.966666667, 156
757.3, 157
757.733333333, 165
757.966666667, 156
758.3, 157
758.733333333, 165
758.966666667, 156
759.3, 157
759.733333333, 165
759.966666667, 156
760.3, 157
760.733333333, 165
760.966666667, 156
761.3, 157
761.5, 156
761.733333333, 165
761.966666667, 154
762.3, 157
762.433333333, 156
762.5, 143
762.733333333, 189
762.966666667, 154
763.3, 157
763.433333333, 156
763.5, 143
763.733333333, 189
763.966666667, 154
764.3, 157
764.433333333, 156
764.5, 143
764.966666667, 154
765.3, 157
765.433333333, 156
765.5, 143
765.966666667, 154
766.3, 157
766.4, 156
766.433333333, 143
766.5, 117
766.966666667, 154
767.3, 157
767.4, 156
767.433333333, 143
767.5, 117
767.966666667, 154
768.3, 157
768.4, 156
768.433333333, 143
768.5, 117
768.966666667, 143
769.3, 157
769.4, 156
769.433333333, 117
769.666666667, 96
769.966666667, 143
770.3, 157
770.4, 156
770.433333333, 117
770.666666667, 96
770.966666667, 143
771.1, 155
771.4, 160
771.433333333, 117
771.666666667, 96
771.966666667, 143
772.1, 155
772.4, 160
772.433333333, 117
772.666666667, 96
772.966666667, 143
773.1, 155
773.4, 160
773.433333333, 117
773.666666667, 96
773.966666667, 143
774.1, 155
774.4, 160
774.433333333, 117
774.666666667, 96
774.966666667, 143
775.1, 155
775.4, 160
775.433333333, 117
775.666666667, 96
775.966666667, 143
776.1, 155
776.4, 160
776.433333333, 117
776.666666667, 96
776.833333333, 200
776.966666667, 117
777.4, 194
777.433333333, 160
777.666666667, 96
777.833333333, 200
777.966666667, 117
778.4, 194
778.433333333, 160
778.666666667, 96
778.833333333, 200
778.966666667, 117
779.4, 194
779.433333333, 160
779.666666667, 96
779.833333333, 200
779.966666667, 117
780.4, 194
780.433333333, 160
780.666666667, 96
780.833333333, 200
780.966666667, 117
781.4, 194
781.433333333, 160
781.666666667, 96
781.833333333, 200
781.966666667, 117
782.4, 194
782.433333333, 160
782.666666667, 96
782.833333333, 200
782.966666667, 117
783.4, 194
783.433333333, 160
783.666666667, 188
783.833333333, 200
783.966666667, 198
784.4, 194
784.433333333, 160
784.666666667, 188
784.833333333, 200
784.966666667, 198
785.4, 194
785.433333333, 160
785.666666667, 188
785.833333333, 200
785.966666667, 198
786.4, 194
786.433333333, 160
786.666666667, 188
786.833333333, 200
786.966666667, 198
787.4, 194
787.666666667, 165
787.733333333, 188
787.833333333, 200
787.966666667, 160
788.4, 194
788.666666667, 165
788.733333333, 188
788.833333333, 200
788.966666667, 160
789.4, 194
789.666666667, 165
789.733333333, 188
789.833333333, 160
789.966666667, 150
790.4, 194
790.666666667, 165
790.733333333, 188
790.833333333, 160
790.966666667, 150
791.4, 194
791.666666667, 165
791.733333333, 188
791.833333333, 160
791.966666667, 150
792.4, 194
792.666666667, 165
792.733333333, 188
792.833333333, 160
792.966666667, 150
793.4, 194
793.666666667, 165
793.733333333, 188
793.833333333, 150
794.1, 106
794.4, 120
794.666666667, 165
794.733333333, 188
794.833333333, 150
795.1, 106
795.4, 120
795.666666667, 165
795.733333333, 188
795.833333333, 150
796.1, 106
796.4, 120
796.666666667, 165
796.733333333, 188
796.833333333, 150
797.1, 106
797.4, 120
797.666666667, 165
797.733333333, 188
797.833333333, 150
798.1, 106
798.4, 120
798.666666667, 165
798.733333333, 188
798.833333333, 150
799.1, 106
799.4, 120
799.666666667, 165
799.733333333, 188
799.833333333, 150
800.1, 106
800.4, 120
800.666666667, 165
800.733333333, 188
800.833333333, 150
801.1, 106
801.4, 120
801.666666667, 165
801.733333333, 188
801.833333333, 150
802.1, 106
802.4, 120
802.666666667, 165
802.733333333, 188
802.833333333, 150
803.1, 106
803.4, 120
803.666666667, 165
803.733333333, 188
803.833333333, 150
804.1, 106
804.4, 120
804.666666667, 165
804.733333333, 188
804.833333333, 150
805.1, 106
805.4, 120
805.666666667, 165
805.733333333, 188
805.833333333, 150
806.1, 106
806.4, 120
806.666666667, 165
806.733333333, 188
806.833333333, 150
807.1, 142
807.4, 120
807.666666667, 165
807.733333333, 188
807.833333333, 150
808.1, 142
808.4, 120
808.666666667, 165
808.733333333, 188
808.833333333, 150
809.1, 142
809.4, 120
809.666666667, 165
809.733333333, 188
809.833333333, 150
810.1, 142
810.4, 120
810.666666667, 165
810.733333333, 188
810.833333333, 150
811.1, 142
811.4, 120
811.666666667, 165
811.733333333, 188
811.833333333, 150
812.1, 142
812.4, 120
812.666666667, 165
812.733333333, 188
812.833333333, 150
813.1, 142
813.4, 120
813.666666667, 165
813.733333333, 188
813.833333333, 150
814.1, 142
814.4, 120
814.666666667, 165
814.733333333, 188
814.833333333, 150
815.1, 142
815.4, 120
815.666666667, 165
815.733333333, 188
815.833333333, 150
816.1, 142
816.4, 120
816.666666667, 165
816.733333333, 188
816.833333333, 150
817.1, 142
817.4, 120
817.666666667, 165
817.733333333, 188
817.833333333, 150
818.1, 142
818.4, 120
818.666666667, 165
818.733333333, 188
818.833333333, 150
819.1, 142
819.4, 200
819.666666667, 165
819.733333333, 188
819.966666667, 150
820.1, 194
820.4, 200
820.666666667, 165
820.733333333, 188
820.966666667, 150
821.1, 194
821.4, 200
821.666666667, 165
821.733333333, 188
821.966666667, 150
822.1, 194
822.4, 200
822.666666667, 165
822.733333333, 188
822.966666667, 150
823.1, 194
823.4, 200
823.666666667, 165
823.733333333, 188
823.966666667, 150
824.1, 194
824.4, 200
824.666666667, 165
824.733333333, 188
824.966666667, 150
825.1, 194
825.4, 200
825.666666667, 165
825.733333333, 188
825.966666667, 150
826.1, 194
826.4, 200
826.666666667, 165
826.733333333, 188
826.966666667, 147
827.1, 194
827.4, 200
827.666666667, 165
827.733333333, 188
827.966666667, 147
828.1, 194
828.4, 200
828.666666667, 165
828.733333333, 188
828.966666667, 147
829.1, 194
829.4, 200
829.666666667, 165
829.733333333, 188
829.966666667, 147
830.1, 194
830.4, 200
830.666666667, 165
830.733333333, 188
830.966666667, 147
831.1, 194
831.4, 200
831.666666667, 165
831.733333333, 188
831.966666667, 147
832.1, 194
832.4, 200
832.666666667, 165
832.733333333, 188
832.966666667, 147
833.3, 194
833.4, 108
833.666666667, 165
833.733333333, 188
833.966666667, 147
834.3, 194
834.4, 108
834.666666667, 165
834.733333333, 188
834.966666667, 147
835.3, 194
835.4, 108
835.666666667, 95
835.733333333, 188
835.966666667, 147
836.3, 194
836.4, 108
836.666666667, 95
836.733333333, 188
836.966666667, 147
837.3, 194
837.4, 108
837.666666667, 95
837.733333333, 188
837.966666667, 147
838.3, 194
838.4, 108
838.666666667, 95
838.733333333, 188
838.966666667, 147
839.3, 194
839.4, 108
839.666666667, 95
839.733333333, 188
839.966666667, 147
840.3, 194
840.4, 108
840.666666667, 95
840.966666667, 147
841.3, 188
841.4, 134
841.433333333, 108
841.966666667, 147
842.3, 188
842.4, 134
842.433333333, 108
842.8, 136
842.966666667, 134
843.3, 194
843.4, 108
843.433333333, 106
843.966666667, 147
844.3, 188
844.4, 134
844.433333333, 108
844.8, 136
844.966666667, 134
845.3, 194
845.4, 178
845.433333333, 106
845.966666667, 147
846.4, 184
846.433333333, 178
846.8, 136
846.966666667, 134
847.3, 194
847.4, 178
848.4, 184
848.5, 178
849.3, 188
849.4, 178
850.4, 184
850.5, 178
851.3, 188
851.4, 178
852.4, 184
852.5, 178
853.3, 188
853.4, 178
854.4, 184
854.5, 178
855.3, 188
855.4, 178
856.4, 184
856.5, 178
857.3, 188
857.4, 178
858.4, 184
858.5, 178
859.3, 188
859.4, 178
860.4, 184
860.5, 178
861.3, 188
861.4, 178
862.4, 184
862.5, 178
863.3, 188
863.4, 178
864.4, 184
864.5, 178
865.3, 188
865.4, 178
866.4, 184
866.5, 178
867.3, 188
867.4, 178
867.5, 134
868.4, 184
868.5, 178
869.3, 188
869.4, 178
869.5, 134
870.4, 184
870.5, 178
871.3, 188
871.4, 178
871.5, 125
872.4, 184
872.5, 178
873.3, 188
873.4, 178
873.5, 125
874.4, 184
874.433333333, 178
874.5, 118
875.3, 192
875.366666667, 178
875.666666667, 103
875.8, 115
876.4, 184
876.433333333, 178
876.5, 106
877.3, 192
877.4, 178
877.433333333, 132
877.5, 118
878.4, 184
878.433333333, 178
878.5, 132
879.1, 161
879.3, 200
879.433333333, 132
879.5, 118
880.1, 134
880.3, 161
880.433333333, 132
880.5, 118
881.1, 134
881.3, 161
881.433333333, 132
881.5, 118
882.1, 134
882.3, 161
882.433333333, 132
882.5, 118
883.1, 134
883.3, 161
883.433333333, 132
883.5, 118
884.1, 134
884.3, 161
884.433333333, 132
884.5, 118
884.733333333, 134
885.1, 161
885.4, 185
885.433333333, 132
885.5, 118
885.733333333, 200
886.1, 161
886.4, 185
886.433333333, 132
886.5, 118
886.733333333, 200
887.1, 161
887.4, 185
887.433333333, 132
887.5, 118
887.733333333, 200
888.1, 161
888.4, 185
888.433333333, 132
888.5, 118
888.733333333, 200
889.1, 161
889.4, 185
889.433333333, 132
889.5, 118
889.733333333, 200
890.1, 161
890.4, 185
890.433333333, 132
890.5, 118
890.733333333, 200
891.1, 161
891.4, 185
891.433333333, 132
891.666666667, 103
891.733333333, 200
892.1, 161
892.4, 185
892.433333333, 132
892.666666667, 103
892.833333333, 200
893.1, 161
893.4, 185
893.433333333, 132
893.666666667, 103
893.833333333, 200
894.1, 161
894.4, 185
894.433333333, 132
894.666666667, 103
894.833333333, 200
895.1, 161
895.4, 185
895.433333333, 132
895.666666667, 103
895.833333333, 200
896.1, 161
896.4, 185
896.433333333, 132
896.666666667, 103
896.833333333, 200
897.1, 161
897.4, 185
897.433333333, 132
897.666666667, 103
897.833333333, 200
898.3, 161
898.433333333, 132
898.5, 125
898.666666667, 134
898.833333333, 200
899.3, 161
899.433333333, 132
899.5, 125
899.666666667, 134
899.833333333, 200
900.3, 161
900.433333333, 132
900.5, 125
900.666666667, 134
900.833333333, 200
901.3, 161
901.433333333, 132
901.5, 125
901.666666667, 134
901.833333333, 200
902.3, 161
902.433333333, 132
902.5, 125
902.666666667, 134
902.833333333, 200
903.3, 161
903.433333333, 132
903.5, 125
903.666666667, 134
903.833333333, 200
904.4, 185
904.433333333, 132
904.5, 125
904.833333333, 200
904.966666667, 194
905.4, 185
905.433333333, 132
905.5, 125
905.833333333, 200
905.966666667, 194
906.4, 185
906.433333333, 132
906.5, 125
906.833333333, 200
906.966666666, 194
907.4, 185
907.433333333, 132
907.5, 125
907.833333333, 200
907.966666666, 194
908.4, 185
908.433333333, 132
908.5, 125
908.833333333, 200
908.966666666, 194
909.4, 185
909.433333333, 132
909.5, 125
909.833333333, 200
909.966666666, 194
910.4, 185
910.433333333, 132
910.5, 125
910.833333333, 200
910.966666666, 194
911.4, 185
911.433333333, 132
911.5, 125
911.833333333, 200
911.966666666, 194
912.4, 185
912.433333333, 132
912.5, 125
912.833333333, 200
912.966666666, 194
913.4, 185
913.433333333, 132
913.5, 125
913.833333333, 200
913.966666666, 194
914.4, 185
914.433333333, 132
914.5, 125
914.833333333, 200
914.966666666, 194
915.4, 185
915.433333333, 132
915.5, 125
915.833333333, 200
915.966666666, 194
916.4, 185
916.433333333, 132
916.5, 125
916.833333333, 200
916.966666666, 194
917.4, 185
917.433333333, 132
917.5, 125
917.833333333, 200
917.966666666, 194
918.4, 185
918.433333333, 132
918.5, 125
918.833333333, 200
918.966666666, 200
919.4, 185
919.433333333, 132
919.666666666, 95
919.833333333, 200
919.966666666, 132
920.4, 200
920.433333333, 185
920.666666666, 103
920.833333333, 200
920.966666666, 132
921.4, 200
921.433333333, 200
921.666666666, 95
921.833333333, 200
921.966666666, 132
922.4, 200
922.433333333, 200
922.666666666, 103
922.833333333, 200
922.966666666, 132
923.4, 200
923.433333333, 200
923.666666666, 95
923.833333333, 200
923.966666666, 132
924.4, 200
924.433333333, 200
924.666666666, 103
924.833333333, 200
924.966666666, 132
925.4, 200
925.433333333, 200
925.666666666, 95
925.833333333, 200
926.1, 99
926.4, 200
926.666666666, 103
926.733333333, 185
926.833333333, 177
927.1, 99
927.4, 200
927.666666666, 95
927.733333333, 185
927.833333333, 177
928.1, 99
928.4, 200
928.666666666, 103
928.733333333, 185
928.833333333, 177
929.1, 99
929.4, 200
929.666666666, 95
929.733333333, 185
929.833333333, 177
930.1, 99
930.4, 200
930.666666666, 103
930.733333333, 185
930.833333333, 177
931.1, 99
931.4, 200
931.666666666, 95
931.733333333, 185
931.833333333, 177
932.1, 99
932.4, 200
932.666666666, 103
932.833333333, 177
932.966666666, 115
933.1, 185
933.4, 200
933.666666666, 95
933.733333333, 185
933.833333333, 177
934.1, 99
934.4, 200
934.666666666, 103
934.833333333, 177
934.966666666, 115
935.1, 185
935.4, 200
935.666666666, 95
935.733333333, 185
935.833333333, 177
936.1, 99
936.4, 200
936.666666666, 103
936.833333333, 177
936.966666666, 115
937.4, 200
937.433333333, 200
937.666666666, 95
937.833333333, 200
937.966666666, 116
938.4, 200
938.433333333, 200
938.666666666, 103
938.966666666, 116
939.1, 171
939.4, 200
939.433333333, 115
939.666666666, 95
939.833333333, 200
939.966666666, 116
940.4, 200
940.433333333, 200
940.666666666, 103
940.966666666, 116
941.1, 171
941.4, 200
941.433333333, 115
941.666666666, 95
941.833333333, 200
941.966666666, 116
942.4, 200
942.433333333, 200
942.666666666, 103
942.966666666, 116
943.1, 171
943.4, 200
943.433333333, 115
943.666666666, 95
943.833333333, 200
943.966666666, 116
944.4, 200
944.433333333, 200
944.666666666, 103
944.966666666, 116
945.1, 171
945.4, 200
945.433333333, 115
945.666666666, 95
945.833333333, 200
945.966666666, 116
946.4, 200
946.433333333, 200
946.666666666, 103
946.966666666, 116
947.1, 171
947.4, 200
947.433333333, 115
947.666666666, 95
947.833333333, 200
947.966666666, 116
948.4, 200
948.433333333, 200
948.666666666, 103
948.966666666, 116
949.1, 171
949.4, 200
949.433333333, 115
949.666666666, 95
949.833333333, 200
949.966666666, 116
950.4, 200
950.433333333, 200
950.666666666, 103
951.1, 171
951.3, 200
951.433333333, 116
951.5, 115
951.666666666, 180
951.833333333, 200
952.1, 200
952.4, 200
952.433333333, 116
952.666666666, 103
953.1, 171
953.3, 200
953.433333333, 116
953.5, 115
953.666666666, 180
953.833333333, 200
954.1, 200
954.4, 200
954.433333333, 116
954.666666666, 103
955.1, 171
955.3, 200
955.433333333, 116
955.5, 115
955.666666666, 180
955.833333333, 200
956.1, 200
956.4, 200
956.433333333, 116
956.666666666, 103
957.1, 176
957.3, 200
957.433333333, 116
957.666666666, 95
957.833333333, 179
958.1, 180
958.3, 200
958.433333333, 116
958.666666666, 103
958.833333333, 179
959.1, 180
959.3, 200
959.433333333, 116
959.666666666, 95
959.833333333, 179
960.1, 180
960.433333333, 147
960.5, 116
960.666666666, 180
960.833333333, 179
961.1, 200
961.433333333, 147
961.5, 116
961.666666666, 180
961.833333333, 179
962.433333333, 147
962.5, 125
962.666666666, 180
962.833333333, 179
963.433333333, 147
963.5, 125
963.666666666, 180
963.833333333, 179
964.433333333, 147
964.5, 125
964.666666666, 180
964.833333333, 179
964.966666666, 116
965.433333333, 147
965.5, 125
965.666666666, 180
965.833333333, 179
965.966666666, 116
966.433333333, 147
966.5, 125
966.666666666, 180
966.833333333, 179
966.966666666, 116
967.433333333, 147
967.5, 125
967.666666666, 180
967.966666666, 116
968.433333333, 147
968.5, 125
968.666666666, 176
968.966666666, 116
969.433333333, 147
969.5, 125
969.666666666, 176
969.966666666, 116
970.433333333, 147
970.5, 125
970.666666666, 176
970.966666666, 116
971.433333333, 147
971.5, 125
971.666666666, 176
971.966666666, 116
972.433333333, 147
972.5, 125
972.666666666, 176
972.966666666, 116
973.433333333, 147
973.5, 125
973.666666666, 176
973.966666666, 116
974.433333333, 147
974.5, 125
974.666666666, 176
974.966666666, 116
975.433333333, 147
975.5, 125
975.666666666, 180
975.966666666, 116
976.433333333, 147
976.5, 125
976.666666666, 180
976.966666666, 116
977.433333333, 147
977.5, 125
977.666666666, 180
977.966666666, 116
978.433333333, 147
978.5, 125
978.666666666, 180
978.966666666, 116
979.433333333, 147
979.666666666, 182
979.966666666, 125
980.433333333, 147
980.666666666, 182
980.966666666, 125
981.433333333, 147
981.666666666, 182
981.966666666, 125
982.433333333, 147
982.666666666, 182
982.966666666, 125
983.433333333, 147
983.666666666, 182
983.8, 199
983.966666666, 125
984.433333333, 147
984.666666666, 182
984.966666666, 125
985.433333333, 147
985.666666666, 182
985.8, 199
985.966666666, 125
986.433333333, 147
986.666666666, 182
986.966666666, 116
987.1, 182
987.433333333, 147
987.666666666, 199
987.8, 200
987.966666666, 110
988.1, 182
988.433333333, 147
988.666666666, 199
988.966666666, 116
989.1, 182
989.666666666, 154
989.8, 199
989.966666666, 147
990.1, 182
990.666666666, 154
990.966666666, 147
991.1, 182
991.666666666, 154
991.8, 199
991.966666666, 110
992.1, 182
992.666666666, 154
992.966666666, 129
993.1, 182
993.666666666, 154
993.8, 199
993.966666666, 129
994.1, 182
994.666666666, 154
994.966666666, 129
995.1, 182
995.666666666, 154
995.966666666, 110
996.1, 182
996.666666666, 154
996.966666666, 110
997.1, 182
997.666666666, 154
997.966666666, 110
998.1, 182
998.666666666, 154
998.966666666, 110
999.1, 182
999.666666666, 154
999.966666666, 110
