26.4230769231, 106
27.3461538462, 106
27.4230769231, 105
28.3461538462, 106
28.4230769231, 105
29.3461538462, 106
29.4230769231, 105
30.3461538462, 107
30.4230769231, 106
30.8846153846, 107
31.3461538462, 107
31.4230769231, 105
31.8846153846, 107
32.3461538462, 107
32.4230769231, 105
32.8846153846, 107
33.3461538462, 107
33.4230769231, 105
33.8846153846, 107
34.3461538462, 107
34.4230769231, 105
34.8846153846, 107
35.3461538462, 107
35.4230769231, 105
35.8846153846, 107
36.3461538462, 107
36.4230769231, 105
36.8846153846, 107
37.3461538462, 107
37.4230769231, 105
37.8846153846, 107
38.3461538462, 107
38.4230769231, 105
38.8846153846, 107
39.3461538462, 107
39.4230769231, 105
39.8846153846, 107
40.3461538462, 107
40.4230769231, 105
40.8846153846, 108
41.3461538462, 107
41.4230769231, 107
41.8846153846, 108
42.3461538462, 107
42.4230769231, 107
42.8846153846, 108
43.3461538462, 107
43.4230769231, 107
43.8846153846, 108
44.3461538462, 107
44.4230769231, 107
44.8846153846, 108
45.3461538462, 107
45.4230769231, 107
45.8846153846, 108
46.3461538462, 107
46.4230769231, 107
46.8846153846, 108
47.3461538462, 107
47.4230769231, 107
47.8846153846, 108
48.3461538462, 107
48.4230769231, 107
48.8846153846, 108
49.3461538462, 107
49.4230769231, 107
49.8846153846, 108
50.3461538462, 107
50.4230769231, 107
50.8846153846, 108
51.3461538462, 107
51.4230769231, 107
51.8846153846, 108
52.3461538462, 107
52.4230769231, 107
52.8846153846, 108
53.3461538462, 107
53.4230769231, 107
53.8846153846, 108
54.3461538462, 107
54.4230769231, 107
54.8846153846, 108
55.3461538462, 107
55.4230769231, 107
55.8846153846, 108
56.3461538462, 107
56.4230769231, 107
56.8846153846, 108
57.3461538462, 107
57.4230769231, 107
57.8846153846, 108
58.3461538462, 107
58.4230769231, 107
58.8846153846, 108
59.3461538462, 107
59.4230769231, 107
59.8846153846, 108
60.3461538462, 107
60.4230769231, 107
60.8846153846, 108
61.3461538462, 107
61.4230769231, 107
61.8846153846, 108
62.3461538462, 107
62.4230769231, 107
62.8846153846, 108
63.3461538462, 107
63.4230769231, 107
63.8846153846, 108
64.3461538462, 107
64.4230769231, 107
64.8846153846, 108
65.3461538462, 107
65.4230769231, 107
65.8846153846, 108
66.3461538462, 107
66.4230769231, 107
66.8846153846, 108
67.3461538462, 107
67.4230769231, 107
67.8846153846, 108
68.3461538462, 107
68.4230769231, 107
68.8846153846, 108
69.3461538462, 107
69.4230769231, 107
69.8846153846, 108
70.3461538462, 107
70.4230769231, 107
70.8846153846, 108
71.3461538462, 107
71.4230769231, 107
71.8846153846, 108
72.3461538462, 107
72.4230769231, 107
72.8846153846, 108
73.3461538462, 107
73.4230769231, 107
73.8846153846, 108
74.3461538462, 107
74.4230769231, 107
74.8846153846, 108
75.3461538462, 107
75.4230769231, 107
75.8846153846, 108
76.3461538462, 107
76.4230769231, 107
76.8846153846, 108
77.3461538462, 107
77.4230769231, 107
77.8846153846, 107
78.3461538462, 107
78.6923076923, 102
78.8846153846, 107
79.3461538462, 107
79.6923076923, 102
79.8846153846, 107
80.3461538462, 107
80.6923076923, 102
80.8846153846, 107
81.3461538462, 107
81.6923076923, 102
81.8846153846, 107
82.3461538462, 107
82.6923076923, 102
82.8846153846, 107
83.3461538462, 107
83.6923076923, 102
83.8846153846, 107
84.3461538462, 107
84.6923076923, 102
84.8846153846, 107
85.3461538462, 107
85.6923076923, 102
85.8846153846, 107
86.3461538462, 107
86.6923076923, 102
86.8846153846, 107
87.3461538462, 107
87.6923076923, 102
87.8846153846, 107
88.3461538462, 115
88.6923076923, 102
88.8846153846, 107
89.3461538462, 115
89.6923076923, 102
89.8846153846, 107
90.3461538462, 115
90.6923076923, 102
90.8846153846, 116
91.3461538462, 115
91.6923076923, 102
92.0384615385, 106
92.6923076923, 101
92.7692307692, 102
93.0384615385, 106
93.6923076923, 101
93.7692307692, 102
94.0384615385, 106
94.6923076923, 102
94.7692307692, 106
95.0384615385, 106
95.6923076923, 102
95.7692307692, 106
96.0384615385, 106
96.6923076923, 102
96.7692307692, 106
97.0384615385, 106
97.6923076923, 102
97.7692307692, 106
98.0384615385, 106
98.6923076923, 102
98.7692307692, 106
99.0384615385, 106
99.6923076923, 102
99.7692307692, 106
100.038461538, 106
100.692307692, 102
100.769230769, 106
101.038461538, 108
101.692307692, 102
101.769230769, 106
102.038461538, 108
102.692307692, 102
102.769230769, 106
103.038461538, 108
103.692307692, 102
103.769230769, 106
104.038461538, 108
104.692307692, 102
104.769230769, 106
105.038461538, 108
105.692307692, 102
105.769230769, 106
106.038461538, 108
106.692307692, 102
106.769230769, 106
107.038461538, 108
107.692307692, 102
107.769230769, 106
108.038461538, 108
108.692307692, 102
108.769230769, 106
109.038461538, 108
109.692307692, 102
109.769230769, 106
110.038461538, 108
110.692307692, 106
110.884615385, 116
111.346153846, 118
111.692307692, 109
111.884615385, 116
112.346153846, 118
112.692307692, 109
112.884615385, 116
113.346153846, 118
113.692307692, 109
113.884615385, 116
114.346153846, 118
114.692307692, 109
114.884615385, 116
115.346153846, 118
115.692307692, 109
115.884615385, 116
116.346153846, 118
116.692307692, 109
116.884615385, 116
117.346153846, 118
117.692307692, 109
117.884615385, 116
118.346153846, 118
118.692307692, 109
118.884615385, 116
119.346153846, 118
119.692307692, 109
119.884615385, 116
120.346153846, 118
120.692307692, 109
120.884615385, 116
121.346153846, 118
121.692307692, 109
121.884615385, 116
122.346153846, 118
122.692307692, 109
122.884615385, 116
123.346153846, 118
123.692307692, 109
123.884615385, 116
124.346153846, 118
124.692307692, 109
124.884615385, 116
125.346153846, 118
125.692307692, 109
125.884615385, 116
126.346153846, 122
126.692307692, 109
126.884615385, 116
127.346153846, 122
127.692307692, 109
127.884615385, 116
128.346153846, 122
128.692307692, 109
128.884615385, 116
129.346153846, 122
129.692307692, 109
129.884615385, 116
130.346153846, 122
130.692307692, 109
130.884615385, 116
131.346153846, 122
131.692307692, 109
131.884615385, 116
132.346153846, 122
132.692307692, 109
132.884615385, 116
133.346153846, 122
133.692307692, 109
133.884615385, 116
134.346153846, 122
134.692307692, 109
134.884615385, 116
135.346153846, 122
135.692307692, 109
135.884615385, 116
136.346153846, 122
136.692307692, 109
136.884615385, 122
137.346153846, 122
137.692307692, 109
137.884615385, 122
138.346153846, 122
138.692307692, 109
138.884615385, 122
139.346153846, 122
139.692307692, 109
139.884615385, 122
140.346153846, 122
140.692307692, 109
140.884615385, 122
141.346153846, 122
141.692307692, 109
141.884615385, 122
142.346153846, 122
142.692307692, 109
142.884615385, 122
143.346153846, 122
143.692307692, 109
143.884615385, 122
144.346153846, 122
144.692307692, 109
144.884615385, 122
145.346153846, 122
145.692307692, 109
145.884615385, 122
146.346153846, 122
146.692307692, 109
146.884615385, 122
147.346153846, 122
147.692307692, 109
147.884615385, 122
148.346153846, 122
148.692307692, 109
148.884615385, 122
149.346153846, 122
149.692307692, 109
149.884615385, 122
150.346153846, 122
150.692307692, 112
150.884615385, 122
151.346153846, 122
151.692307692, 112
151.884615385, 122
152.346153846, 122
152.692307692, 112
152.884615385, 122
153.346153846, 122
153.692307692, 112
153.884615385, 122
154.346153846, 122
154.692307692, 112
154.884615385, 122
155.346153846, 122
155.692307692, 112
155.884615385, 122
156.346153846, 122
156.692307692, 112
156.884615385, 122
157.346153846, 122
157.692307692, 112
157.884615385, 122
158.346153846, 122
158.692307692, 112
158.884615385, 122
159.346153846, 122
159.692307692, 112
159.884615385, 122
160.346153846, 122
160.692307692, 112
160.884615385, 122
161.346153846, 122
161.692307692, 112
161.884615385, 122
162.346153846, 122
162.692307692, 112
162.884615385, 122
163.346153846, 122
163.692307692, 112
163.884615385, 119
164.346153846, 122
164.692307692, 112
164.884615385, 119
165.346153846, 122
165.692307692, 112
165.884615385, 119
166.346153846, 122
166.692307692, 112
166.884615385, 119
167.346153846, 122
167.692307692, 112
167.884615385, 119
168.346153846, 122
168.692307692, 112
168.884615385, 119
169.346153846, 122
169.692307692, 112
169.884615385, 119
170.346153846, 122
170.692307692, 112
170.884615385, 119
171.346153846, 122
171.692307692, 112
171.884615385, 119
172.346153846, 122
172.692307692, 112
172.884615385, 119
173.346153846, 122
173.692307692, 106
173.884615385, 119
174.346153846, 122
174.692307692, 106
174.884615385, 119
175.346153846, 122
175.692307692, 106
175.884615385, 119
176.346153846, 122
176.692307692, 106
176.884615385, 119
177.346153846, 122
177.692307692, 106
177.884615385, 119
178.346153846, 122
178.692307692, 106
178.884615385, 119
179.346153846, 122
179.692307692, 106
179.884615385, 119
180.692307692, 103
180.769230769, 106
181.038461538, 109
181.692307692, 103
181.769230769, 106
182.038461538, 109
182.692307692, 103
182.769230769, 106
183.038461538, 109
183.692307692, 103
183.769230769, 106
184.038461538, 109
184.692307692, 103
184.769230769, 106
185.038461538, 109
185.692307692, 103
185.769230769, 106
186.038461538, 109
186.692307692, 103
186.769230769, 106
187.038461538, 109
187.692307692, 103
187.769230769, 106
188.038461538, 109
188.692307692, 103
188.769230769, 106
189.038461538, 109
189.692307692, 103
189.769230769, 106
190.038461538, 109
190.692307692, 103
190.769230769, 106
191.038461538, 109
191.692307692, 103
191.769230769, 106
192.038461538, 109
192.692307692, 103
192.769230769, 106
193.038461538, 109
193.692307692, 103
193.769230769, 106
194.038461538, 109
194.692307692, 103
194.769230769, 106
195.038461538, 109
195.692307692, 103
195.769230769, 106
196.038461538, 109
196.692307692, 103
196.769230769, 106
197.038461538, 109
197.692307692, 103
197.769230769, 106
198.038461538, 109
198.692307692, 103
198.769230769, 106
199.038461538, 109
199.692307692, 103
199.769230769, 106
200.038461538, 109
200.692307692, 103
200.769230769, 106
201.038461538, 109
201.692307692, 106
202.038461538, 109
202.346153846, 107
202.692307692, 106
203.038461538, 109
203.346153846, 107
203.692307692, 106
204.038461538, 109
204.346153846, 107
204.692307692, 106
205.038461538, 109
205.346153846, 107
205.692307692, 106
206.038461538, 109
206.346153846, 107
206.692307692, 95
207.038461538, 109
207.346153846, 107
207.692307692, 95
208.038461538, 109
208.346153846, 107
208.692307692, 95
209.038461538, 109
209.346153846, 107
209.692307692, 95
209.884615385, 107
210.692307692, 95
210.769230769, 96
211.038461538, 95
211.692307692, 95
211.769230769, 96
212.038461538, 95
212.692307692, 95
212.769230769, 96
213.038461538, 95
213.692307692, 95
213.769230769, 96
214.038461538, 95
214.692307692, 95
214.769230769, 96
215.038461538, 95
215.692307692, 95
215.769230769, 96
216.038461538, 95
216.692307692, 95
216.769230769, 96
217.038461538, 95
217.692307692, 95
217.769230769, 96
218.038461538, 95
218.692307692, 95
218.769230769, 96
219.038461538, 96
219.692307692, 95
219.769230769, 96
220.038461538, 96
220.692307692, 95
220.769230769, 96
221.038461538, 96
221.692307692, 95
221.769230769, 96
222.038461538, 96
222.692307692, 95
222.769230769, 96
223.038461538, 96
223.692307692, 95
223.769230769, 96
224.038461538, 96
224.692307692, 95
224.769230769, 96
225.038461538, 96
225.692307692, 95
225.769230769, 96
226.038461538, 96
226.692307692, 95
226.769230769, 96
227.038461538, 96
227.692307692, 95
227.769230769, 96
228.038461538, 96
228.692307692, 96
228.884615385, 107
229.346153846, 106
229.692307692, 100
229.884615385, 107
230.346153846, 106
230.692307692, 100
230.884615385, 107
231.346153846, 106
231.692307692, 100
231.884615385, 107
232.346153846, 106
232.692307692, 100
232.884615385, 107
233.346153846, 106
233.692307692, 100
233.884615385, 107
234.346153846, 106
234.692307692, 100
234.884615385, 107
235.346153846, 106
235.692307692, 100
235.884615385, 107
236.346153846, 106
236.692307692, 100
236.884615385, 115
237.346153846, 106
237.692307692, 100
237.884615385, 115
238.346153846, 106
238.692307692, 100
238.884615385, 115
239.346153846, 106
239.692307692, 100
239.884615385, 115
240.346153846, 106
240.692307692, 100
240.884615385, 115
241.423076923, 106
241.769230769, 109
241.884615385, 107
242.423076923, 106
242.769230769, 109
242.884615385, 107
243.423076923, 106
243.769230769, 109
243.884615385, 107
244.423076923, 106
244.769230769, 109
244.884615385, 107
245.423076923, 106
245.769230769, 109
245.884615385, 107
246.423076923, 106
246.769230769, 109
246.884615385, 107
247.423076923, 106
247.769230769, 109
247.884615385, 107
248.423076923, 106
248.769230769, 109
248.884615385, 107
249.423076923, 106
249.769230769, 109
249.884615385, 107
250.423076923, 106
250.769230769, 109
250.884615385, 107
251.423076923, 106
251.769230769, 109
251.884615385, 107
252.423076923, 106
252.769230769, 109
252.884615385, 107
253.423076923, 106
253.769230769, 109
253.884615385, 107
254.423076923, 106
254.769230769, 109
254.884615385, 107
255.423076923, 106
255.769230769, 109
255.884615385, 107
256.423076923, 106
256.769230769, 109
256.884615385, 107
257.423076923, 106
257.769230769, 109
257.884615385, 107
258.423076923, 106
258.692307692, 109
258.884615385, 115
259.423076923, 106
259.692307692, 109
259.884615385, 115
260.346153846, 135
260.692307692, 100
260.884615385, 115
261.346153846, 135
261.692307692, 100
261.884615385, 115
262.346153846, 135
262.692307692, 100
262.884615385, 115
263.346153846, 135
263.692307692, 100
263.884615385, 115
264.346153846, 135
264.692307692, 100
264.884615385, 115
265.346153846, 135
265.692307692, 129
265.884615385, 115
266.346153846, 135
266.692307692, 129
266.884615385, 115
267.346153846, 135
267.692307692, 129
267.884615385, 115
268.346153846, 135
268.692307692, 129
269.038461538, 130
269.346153846, 115
269.692307692, 129
270.038461538, 130
270.346153846, 115
270.692307692, 129
270.884615385, 141
271.346153846, 135
271.692307692, 129
271.884615385, 141
272.346153846, 135
272.692307692, 129
272.884615385, 141
273.346153846, 135
273.692307692, 129
273.884615385, 141
274.346153846, 135
274.692307692, 129
274.884615385, 141
275.346153846, 135
275.692307692, 129
275.884615385, 141
276.346153846, 135
276.692307692, 129
276.884615385, 141
277.346153846, 135
277.692307692, 129
277.884615385, 141
278.346153846, 135
278.692307692, 129
278.884615385, 141
279.346153846, 135
279.692307692, 129
279.884615385, 141
280.346153846, 135
280.692307692, 129
280.884615385, 141
281.346153846, 135
281.692307692, 129
281.884615385, 141
282.346153846, 135
282.692307692, 129
282.884615385, 141
283.346153846, 135
283.692307692, 129
283.884615385, 141
284.346153846, 135
284.692307692, 129
284.884615385, 141
285.346153846, 135
285.692307692, 129
285.884615385, 141
286.346153846, 135
286.692307692, 127
286.884615385, 141
287.346153846, 135
287.692307692, 127
287.884615385, 141
288.346153846, 135
288.692307692, 127
288.884615385, 141
289.346153846, 135
289.692307692, 127
289.884615385, 141
290.346153846, 135
290.692307692, 127
290.884615385, 141
291.346153846, 135
291.692307692, 127
291.884615385, 141
292.346153846, 135
292.692307692, 127
292.884615385, 141
293.346153846, 135
293.692307692, 127
293.884615385, 141
294.692307692, 125
294.769230769, 127
295.346153846, 129
295.692307692, 127
295.769230769, 130
296.346153846, 129
296.692307692, 127
296.769230769, 130
297.346153846, 129
297.692307692, 127
297.769230769, 130
298.346153846, 129
298.692307692, 127
298.884615385, 141
299.346153846, 129
299.692307692, 127
299.884615385, 141
300.346153846, 129
300.692307692, 127
300.884615385, 141
301.346153846, 129
301.692307692, 127
301.884615385, 141
302.346153846, 129
302.692307692, 127
302.884615385, 141
303.346153846, 129
303.692307692, 127
303.884615385, 141
304.346153846, 129
304.692307692, 127
304.884615385, 141
305.346153846, 129
305.692307692, 127
305.884615385, 141
306.346153846, 129
306.692307692, 127
306.884615385, 141
307.346153846, 129
307.692307692, 127
307.884615385, 141
308.346153846, 129
308.692307692, 127
308.884615385, 141
309.346153846, 129
309.769230769, 127
310.038461538, 115
311.038461538, 115
312.038461538, 115
313.038461538, 115
314.038461538, 115
315.038461538, 115
316.038461538, 115
317.038461538, 115
317.423076923, 112
318.038461538, 115
318.423076923, 112
319.038461538, 115
319.423076923, 112
320.038461538, 115
320.346153846, 112
320.423076923, 111
321.038461538, 115
321.346153846, 112
321.423076923, 111
322.038461538, 115
322.346153846, 112
322.423076923, 111
323.346153846, 112
323.423076923, 111
324.346153846, 112
324.423076923, 111
324.884615385, 112
325.346153846, 111
325.423076923, 105
325.884615385, 112
326.346153846, 111
326.423076923, 105
326.884615385, 112
327.346153846, 111
327.423076923, 105
327.884615385, 112
328.346153846, 111
328.423076923, 105
328.884615385, 112
329.346153846, 111
329.423076923, 105
329.884615385, 112
330.346153846, 111
330.423076923, 105
330.884615385, 112
331.346153846, 111
331.423076923, 105
331.884615385, 112
332.346153846, 111
332.423076923, 105
332.884615385, 111
333.346153846, 111
333.423076923, 105
333.884615385, 111
334.346153846, 111
334.423076923, 105
334.884615385, 111
335.346153846, 111
335.423076923, 105
335.884615385, 111
336.346153846, 111
336.423076923, 105
336.884615385, 111
337.346153846, 111
337.423076923, 105
337.884615385, 111
338.346153846, 111
338.423076923, 105
338.884615385, 111
339.346153846, 111
339.423076923, 105
339.884615385, 111
340.346153846, 111
340.423076923, 105
340.884615385, 111
341.346153846, 111
341.423076923, 105
341.884615385, 111
342.346153846, 111
342.423076923, 105
342.884615385, 111
343.346153846, 111
343.423076923, 105
343.884615385, 111
344.346153846, 111
344.423076923, 105
344.884615385, 111
345.346153846, 111
345.423076923, 105
345.884615385, 111
346.346153846, 111
346.423076923, 105
346.884615385, 111
347.346153846, 111
347.423076923, 105
347.884615385, 111
348.346153846, 111
348.884615385, 111
349.346153846, 111
349.884615385, 111
350.346153846, 111
350.884615385, 111
351.346153846, 111
351.769230769, 124
351.884615385, 111
352.346153846, 105
352.769230769, 124
352.884615385, 111
353.346153846, 105
353.769230769, 124
353.884615385, 111
354.692307692, 100
354.769230769, 124
355.038461539, 102
355.692307692, 100
355.769230769, 124
356.038461539, 102
356.692307692, 100
356.769230769, 124
357.038461539, 102
357.692307692, 100
357.769230769, 124
358.038461539, 102
358.692307692, 100
358.769230769, 124
359.038461539, 102
359.692307692, 100
359.769230769, 124
360.038461539, 102
360.692307692, 100
360.769230769, 124
361.038461539, 102
361.692307692, 100
361.769230769, 124
362.038461539, 102
362.692307692, 100
362.769230769, 124
363.038461539, 102
363.692307692, 100
363.769230769, 124
364.038461539, 102
364.692307692, 100
364.769230769, 124
365.038461539, 102
365.692307692, 100
365.769230769, 124
366.038461539, 102
366.692307692, 100
366.769230769, 124
367.038461539, 102
367.692307692, 100
367.769230769, 124
368.038461539, 102
368.692307692, 100
368.769230769, 124
369.038461539, 102
369.692307692, 100
369.769230769, 124
370.038461539, 102
370.692307692, 100
370.769230769, 124
371.038461539, 102
371.692307692, 100
371.769230769, 124
372.038461539, 102
372.692307692, 100
372.769230769, 124
373.038461539, 102
373.692307692, 100
373.769230769, 124
374.038461539, 102
374.692307692, 100
374.769230769, 124
375.038461539, 102
375.692307692, 100
375.769230769, 124
376.038461539, 138
376.692307692, 100
376.769230769, 124
377.038461539, 138
377.692307692, 100
377.769230769, 124
378.038461539, 138
378.692307692, 100
378.769230769, 124
379.038461539, 138
379.692307692, 100
379.769230769, 124
380.038461539, 138
380.692307692, 100
380.769230769, 130
381.038461539, 138
381.692307692, 100
381.769230769, 130
382.038461539, 138
382.692307692, 100
382.769230769, 130
383.038461539, 138
383.692307692, 100
383.769230769, 130
384.038461539, 138
384.692307692, 100
384.769230769, 130
385.038461539, 138
385.769230769, 120
386.038461539, 130
386.769230769, 120
387.038461539, 130
387.769230769, 120
388.038461539, 130
388.769230769, 120
389.038461539, 130
389.692307692, 120
389.769230769, 130
390.346153846, 120
390.769230769, 130
391.346153846, 121
391.769230769, 130
392.346153846, 121
392.769230769, 130
393.346153846, 121
393.769230769, 130
394.346153846, 120
394.769230769, 130
395.346153846, 120
395.769230769, 130
396.346153846, 120
396.769230769, 130
397.346153846, 120
397.769230769, 130
398.346153846, 120
398.769230769, 130
399.346153846, 120
399.769230769, 130
400.346153846, 120
400.769230769, 130
401.346153846, 120
401.769230769, 130
402.346153846, 120
402.769230769, 130
403.346153846, 120
403.423076923, 113
403.884615385, 133
404.346153846, 120
404.423076923, 113
404.884615385, 133
405.346153846, 120
405.423076923, 113
405.884615385, 133
406.346153846, 120
406.423076923, 113
406.884615385, 133
407.346153846, 120
407.423076923, 113
407.884615385, 133
408.346153846, 120
408.423076923, 113
408.884615385, 133
409.346153846, 120
409.423076923, 113
409.884615385, 133
410.346153846, 120
410.423076923, 113
410.884615385, 133
411.346153846, 120
411.423076923, 113
411.884615385, 133
412.346153846, 120
412.423076923, 113
412.884615385, 133
413.346153846, 120
413.423076923, 113
413.884615385, 133
414.346153846, 120
414.423076923, 113
414.884615385, 133
415.346153846, 120
415.423076923, 113
415.884615385, 119
416.346153846, 120
416.423076923, 113
416.884615385, 119
417.346153846, 120
417.423076923, 113
417.884615385, 119
418.346153846, 120
418.423076923, 113
418.884615385, 119
419.346153846, 120
419.423076923, 113
419.884615385, 119
420.346153846, 120
420.423076923, 113
420.884615385, 119
421.346153846, 131
421.423076923, 113
421.884615385, 119
422.346153846, 131
422.423076923, 113
422.884615385, 119
423.346153846, 131
423.423076923, 113
423.884615385, 119
424.346153846, 131
424.423076923, 113
424.884615385, 119
425.346153846, 131
425.423076923, 113
425.884615385, 119
426.346153846, 131
426.423076923, 113
426.884615385, 146
427.346153846, 131
427.423076923, 113
427.884615385, 146
428.346153846, 131
428.423076923, 113
428.884615385, 146
429.346153846, 131
429.423076923, 113
429.884615385, 146
430.346153846, 131
430.769230769, 143
430.884615385, 113
431.769230769, 143
431.884615385, 131
432.769230769, 143
432.884615385, 131
433.769230769, 143
433.884615385, 131
434.769230769, 143
434.884615385, 131
435.769230769, 143
435.884615385, 131
436.692307692, 143
436.769230769, 145
436.884615385, 131
437.346153846, 163
437.692307692, 143
437.884615385, 146
438.346153846, 163
438.692307692, 143
438.884615385, 146
439.346153846, 163
439.692307692, 143
439.884615385, 146
440.346153846, 163
440.692307692, 143
440.884615385, 146
441.346153846, 163
441.692307692, 143
441.884615385, 146
442.346153846, 163
442.692307692, 143
442.884615385, 146
443.346153846, 163
443.692307692, 143
443.884615385, 146
444.346153846, 163
444.692307692, 143
444.884615385, 146
445.346153846, 163
445.692307692, 143
446.038461539, 149
446.346153846, 146
446.692307692, 143
447.038461539, 149
447.346153846, 146
447.692307692, 143
448.038461539, 149
448.346153846, 146
448.692307692, 143
449.038461539, 149
449.346153846, 146
449.692307692, 143
450.038461539, 149
450.346153846, 146
450.692307692, 143
451.038461539, 149
451.346153846, 146
451.692307692, 143
452.038461539, 149
452.692307692, 143
453.038461539, 145
453.423076923, 144
453.692307692, 145
454.038461539, 149
454.423076923, 144
454.692307692, 145
455.038461539, 149
455.423076923, 144
455.692307692, 145
456.038461539, 149
456.423076923, 144
456.692307692, 145
457.038461539, 149
457.423076923, 144
458.038461539, 145
458.423076923, 144
459.038461539, 145
459.423076923, 144
460.038461539, 145
460.423076923, 144
461.038461539, 145
461.423076923, 144
461.884615385, 144
462.038461539, 145
462.769230769, 143
462.884615385, 131
463.038461539, 145
463.769230769, 143
463.884615385, 131
464.038461539, 145
464.769230769, 143
464.884615385, 131
465.038461539, 145
465.769230769, 143
465.884615385, 131
466.038461539, 145
466.769230769, 143
466.884615385, 131
467.038461539, 145
467.769230769, 143
467.884615385, 131
468.038461539, 145
468.769230769, 143
468.884615385, 131
469.038461539, 145
469.769230769, 143
469.884615385, 131
470.769230769, 143
470.884615385, 131
471.769230769, 143
471.884615385, 131
472.346153846, 105
472.769230769, 143
472.884615385, 131
473.346153846, 105
473.769230769, 143
473.884615385, 131
474.346153846, 105
474.769230769, 143
474.884615385, 131
475.346153846, 105
475.769230769, 143
475.884615385, 131
476.346153846, 105
476.769230769, 143
476.884615385, 131
477.346153846, 105
477.769230769, 143
477.884615385, 131
478.346153846, 105
478.769230769, 143
478.884615385, 131
479.346153846, 105
479.769230769, 143
479.884615385, 131
480.346153846, 105
480.884615385, 144
481.346153846, 131
481.692307692, 108
481.884615385, 144
482.346153846, 105
482.692307692, 108
482.884615385, 144
483.346153846, 105
483.692307692, 108
483.884615385, 144
484.346153846, 105
484.692307692, 108
484.884615385, 144
485.346153846, 105
485.692307692, 108
485.884615385, 144
486.346153846, 105
486.692307692, 108
486.884615385, 144
487.346153846, 105
487.692307692, 108
487.884615385, 139
488.346153846, 105
488.692307692, 108
488.884615385, 139
489.346153846, 105
489.692307692, 108
489.884615385, 139
490.346153846, 105
490.692307692, 108
490.884615385, 139
491.346153846, 105
491.692307692, 108
491.884615385, 139
492.346153846, 105
492.692307692, 108
492.884615385, 139
493.346153846, 105
493.692307692, 108
493.884615385, 139
494.692307692, 95
494.769230769, 108
495.038461539, 109
495.692307692, 95
495.769230769, 108
496.038461539, 109
496.692307692, 95
496.769230769, 108
497.038461539, 109
497.692307692, 95
497.769230769, 108
498.038461539, 109
498.692307692, 95
498.769230769, 108
499.038461539, 109
499.692307692, 95
499.769230769, 108
500.038461539, 109
500.692307692, 95
500.769230769, 108
501.038461539, 109
501.692307692, 95
501.769230769, 108
502.346153846, 161
502.692307692, 108
503.346153846, 161
503.423076923, 139
504.346153846, 161
504.423076923, 139
505.346153846, 161
505.423076923, 139
506.346153846, 161
506.423076923, 139
507.346153846, 161
507.423076923, 139
508.346153846, 161
508.423076923, 139
509.346153846, 161
509.423076923, 139
510.346153846, 161
510.423076923, 139
511.346153846, 161
511.423076923, 159
512.346153846, 161
512.423076923, 159
513.346153846, 161
513.423076923, 159
514.346153846, 161
514.423076923, 159
515.346153846, 161
515.423076923, 159
516.346153846, 161
516.423076923, 159
517.346153846, 161
517.423076923, 159
518.346153846, 161
518.423076923, 159
519.346153846, 161
519.423076923, 159
520.346153846, 161
520.423076923, 159
521.346153846, 161
521.423076923, 159
522.346153846, 161
522.423076923, 159
523.346153846, 161
523.423076923, 159
524.346153846, 161
524.423076923, 159
525.346153846, 161
525.423076923, 159
526.346153846, 161
526.423076923, 159
527.346153846, 161
527.423076923, 159
528.346153846, 161
528.423076923, 159
529.346153846, 161
529.423076923, 159
530.346153846, 161
530.423076923, 159
531.346153846, 161
531.423076923, 159
532.346153846, 159
532.423076923, 105
533.346153846, 159
533.423076923, 105
534.346153846, 159
534.423076923, 105
535.346153846, 159
535.423076923, 105
536.346153846, 111
536.423076923, 105
537.346153846, 111
537.423076923, 105
538.346153846, 111
538.423076923, 105
539.346153846, 111
539.423076923, 105
540.346153846, 111
540.423076923, 105
541.346153846, 111
541.423076923, 105
542.346153846, 111
542.423076923, 105
543.346153846, 111
543.423076923, 105
544.346153846, 111
544.423076923, 105
545.346153846, 111
545.423076923, 105
546.038461539, 126
546.346153846, 111
546.423076923, 105
547.038461539, 126
547.346153846, 111
547.423076923, 105
548.038461539, 126
548.346153846, 111
548.423076923, 105
549.038461539, 126
549.423076923, 111
550.038461539, 126
550.423076923, 105
550.692307692, 152
551.038461539, 126
551.423076923, 105
551.692307692, 152
552.038461539, 126
552.423076923, 105
552.692307692, 152
553.038461539, 126
553.423076923, 105
553.692307692, 152
554.038461539, 126
554.423076923, 105
554.692307692, 152
555.038461539, 126
555.423076923, 105
555.692307692, 152
556.038461539, 126
556.423076923, 105
556.692307692, 152
557.038461539, 126
557.423076923, 105
557.692307692, 152
558.038461539, 126
558.423076923, 105
558.692307692, 152
559.038461539, 126
559.423076923, 105
559.692307692, 152
560.038461539, 126
560.423076923, 105
560.692307692, 152
561.038461539, 126
561.423076923, 105
561.692307692, 152
562.038461539, 126
562.423076923, 105
562.692307692, 152
563.038461539, 126
563.692307692, 99
563.769230769, 152
564.038461539, 126
564.692307692, 99
564.769230769, 152
565.038461539, 126
565.692307692, 99
565.769230769, 152
566.038461539, 126
566.692307692, 99
566.769230769, 152
567.038461539, 126
567.692307692, 99
567.769230769, 152
568.038461539, 126
568.692307692, 99
568.769230769, 152
569.038461539, 126
569.692307692, 99
569.769230769, 152
570.038461539, 126
570.692307692, 137
570.769230769, 152
571.038461539, 126
571.692307692, 137
571.769230769, 152
572.038461539, 126
572.692307692, 137
572.769230769, 152
573.038461539, 126
573.692307692, 137
573.769230769, 152
574.038461539, 126
574.692307692, 137
574.769230769, 152
575.038461539, 126
575.692307692, 137
575.769230769, 152
576.038461539, 126
576.692307692, 137
576.769230769, 152
577.038461539, 126
577.692307692, 137
577.769230769, 152
578.038461539, 126
578.692307692, 137
578.884615385, 172
579.346153846, 147
579.692307692, 137
579.884615385, 172
580.346153846, 147
580.692307692, 137
580.884615385, 172
581.346153846, 147
581.692307692, 137
581.884615385, 172
582.346153846, 147
582.692307692, 137
582.884615385, 172
583.346153846, 147
583.692307692, 137
583.884615385, 172
584.346153846, 105
584.692307692, 137
584.884615385, 172
585.346153846, 105
585.692307692, 137
585.884615385, 172
586.346153846, 105
586.692307692, 137
587.346153846, 107
587.692307692, 126
588.346153846, 107
588.692307692, 126
589.346153846, 107
589.692307692, 126
590.346153846, 107
590.692307692, 126
591.346153846, 107
591.692307692, 126
592.346153846, 107
592.692307692, 126
593.346153846, 107
593.692307692, 126
594.346153846, 107
594.692307692, 122
595.346153846, 107
595.692307692, 122
596.346153846, 107
596.692307692, 122
597.346153846, 107
597.692307692, 122
598.346153846, 107
598.692307692, 122
599.346153846, 107
599.692307692, 122
600.346153846, 107
600.692307692, 122
601.346153846, 107
601.692307692, 122
602.346153846, 107
602.692307692, 122
603.346153846, 107
603.692307692, 122
604.346153846, 107
604.692307692, 122
605.346153846, 107
605.692307692, 122
606.346153846, 107
606.692307692, 122
607.346153846, 107
607.692307692, 122
608.346153846, 107
608.692307692, 122
609.038461539, 174
609.346153846, 107
609.692307692, 122
610.038461539, 174
610.346153846, 107
610.692307692, 122
611.038461539, 174
611.346153846, 107
611.692307692, 122
612.038461539, 174
612.346153846, 107
612.692307692, 122
613.038461539, 174
613.346153846, 107
613.692307692, 122
614.038461539, 174
614.346153846, 107
614.692307692, 122
615.038461539, 174
615.346153846, 107
615.692307692, 122
616.038461539, 174
616.346153846, 107
616.692307692, 122
617.038461539, 174
617.346153846, 107
617.692307692, 122
618.038461539, 174
618.346153846, 107
618.692307692, 122
619.038461539, 174
619.692307692, 122
619.769230769, 144
620.038461539, 174
620.692307692, 122
620.769230769, 144
621.038461539, 174
621.692307692, 122
621.769230769, 144
622.038461539, 174
622.692307692, 122
622.769230769, 144
623.038461539, 174
623.692307692, 122
623.769230769, 144
624.038461539, 174
624.692307692, 122
624.769230769, 144
625.038461539, 174
625.692307692, 122
625.769230769, 144
626.038461539, 174
626.692307692, 122
626.769230769, 144
627.038461539, 174
627.692307692, 122
627.769230769, 144
628.038461539, 174
628.692307692, 122
628.769230769, 144
629.038461539, 174
629.692307692, 99
629.769230769, 144
630.038461539, 174
630.692307692, 99
630.769230769, 144
631.038461539, 174
631.692307692, 99
631.769230769, 144
632.038461539, 174
632.692307692, 99
632.769230769, 144
633.038461539, 174
633.692307692, 99
633.769230769, 144
634.038461539, 174
634.692307692, 99
634.769230769, 144
635.038461539, 174
635.692307692, 99
635.769230769, 144
636.038461539, 174
636.692307692, 99
636.769230769, 144
637.038461539, 174
637.692307692, 99
637.769230769, 144
638.038461539, 174
638.692307692, 144
639.038461539, 174
639.346153846, 152
639.692307692, 109
640.038461539, 174
640.346153846, 152
640.692307692, 109
641.346153846, 152
641.423076923, 129
642.346153846, 152
642.423076923, 145
643.346153846, 152
643.423076923, 145
644.346153846, 152
644.423076923, 145
645.346153846, 152
645.423076923, 145
646.346153846, 152
646.423076923, 145
647.346153846, 152
647.423076923, 145
648.346153846, 152
648.423076923, 145
649.346153846, 152
649.423076923, 145
650.346153846, 152
650.423076923, 129
650.692307692, 174
651.423076923, 129
651.692307692, 144
651.769230769, 174
652.423076923, 129
652.692307692, 144
652.769230769, 174
653.423076923, 129
653.692307692, 144
653.769230769, 174
654.423076923, 129
654.692307692, 144
654.884615385, 184
655.423076923, 129
655.692307692, 144
655.884615385, 184
656.423076923, 129
656.692307692, 144
656.884615385, 184
657.423076923, 129
657.692307692, 144
657.884615385, 184
658.423076923, 129
658.692307692, 179
658.884615385, 184
659.423076923, 129
659.692307692, 179
659.884615385, 184
660.423076923, 129
660.692307692, 179
660.884615385, 184
661.423076923, 129
661.692307692, 179
661.884615385, 184
662.423076923, 129
662.692307692, 179
662.884615385, 184
663.423076923, 129
663.692307692, 161
663.884615385, 184
664.423076923, 129
664.692307692, 161
664.884615385, 184
665.423076923, 129
665.769230769, 161
666.423076923, 156
666.769230769, 161
667.423076923, 156
667.769230769, 161
668.423076923, 156
668.769230769, 161
669.423076923, 156
669.769230769, 161
670.423076923, 156
670.769230769, 161
671.423076923, 156
671.769230769, 161
672.423076923, 156
672.769230769, 161
673.423076923, 156
673.769230769, 161
674.423076923, 156
674.769230769, 161
675.423076923, 156
675.769230769, 161
676.423076923, 156
676.769230769, 161
677.423076923, 156
677.769230769, 161
678.423076923, 156
678.769230769, 161
679.423076923, 156
679.769230769, 161
680.423076923, 156
681.423076923, 156
682.423076923, 156
683.423076923, 156
684.423076923, 156
685.423076923, 156
686.423076923, 156
687.423076923, 156
687.884615385, 156
688.423076923, 129
688.884615385, 156
689.692307692, 144
690.692307692, 135
691.692307692, 135
692.692307692, 135
693.692307692, 135
694.692307692, 135
695.692307692, 135
696.692307692, 135
696.769230769, 144
697.692307692, 135
697.769230769, 144
698.692307692, 135
698.769230769, 144
699.692307692, 135
699.769230769, 144
700.692307692, 135
700.769230769, 144
701.692307692, 135
701.769230769, 144
702.692307692, 135
702.769230769, 144
703.692307692, 135
703.769230769, 144
704.692307692, 144
704.769230769, 161
705.692307692, 161
705.769230769, 169
706.692307692, 161
706.769230769, 169
707.692307692, 161
707.769230769, 169
708.692307692, 161
708.769230769, 169
709.692307692, 161
709.769230769, 169
710.692307692, 161
710.769230769, 169
711.692307692, 161
711.769230769, 169
712.692307692, 161
712.769230769, 169
713.692307692, 161
713.769230769, 169
714.692307692, 161
714.769230769, 169
715.692307692, 161
715.769230769, 169
716.692307692, 161
716.769230769, 169
717.692307692, 161
717.769230769, 169
718.692307692, 161
718.769230769, 169
719.692307692, 161
719.769230769, 169
720.692307692, 161
720.769230769, 169
721.346153846, 150
721.692307692, 169
721.769230769, 176
722.346153846, 150
722.692307692, 176
723.346153846, 150
723.423076923, 109
723.692307692, 176
724.346153846, 150
724.423076923, 109
724.692307692, 176
725.346153846, 150
725.423076923, 109
725.692307692, 176
726.346153846, 150
726.423076923, 109
726.692307692, 176
727.346153846, 150
727.423076923, 109
727.692307692, 176
728.346153846, 150
728.423076923, 109
728.692307692, 176
729.346153846, 150
729.423076923, 109
729.692307692, 176
730.346153846, 150
730.423076923, 109
730.692307692, 176
731.346153846, 150
731.423076923, 109
731.692307692, 176
732.346153846, 150
732.423076923, 109
732.884615385, 185
733.346153846, 171
733.423076923, 109
733.884615385, 185
734.346153846, 171
734.423076923, 109
734.884615385, 185
735.346153846, 171
735.423076923, 109
735.884615385, 185
736.346153846, 171
736.423076923, 109
736.884615385, 185
737.346153846, 171
737.423076923, 109
737.884615385, 185
738.346153846, 171
738.423076923, 109
738.884615385, 185
739.346153846, 171
739.423076923, 109
739.884615385, 185
740.346153846, 171
740.423076923, 109
740.884615385, 185
741.346153846, 171
741.423076923, 109
741.884615385, 185
742.346153846, 171
742.423076923, 109
742.884615385, 185
743.346153846, 171
743.423076923, 109
743.884615385, 185
744.423076923, 171
744.692307692, 185
745.038461539, 163
745.423076923, 109
745.692307692, 185
746.038461539, 163
746.423076923, 109
746.692307692, 185
747.038461539, 163
747.423076923, 109
747.692307692, 185
748.038461539, 163
748.423076923, 109
748.692307692, 185
749.038461539, 163
749.423076923, 109
749.692307692, 185
750.038461539, 163
750.423076923, 109
750.692307692, 185
751.038461539, 163
751.423076923, 109
752.038461539, 163
752.423076923, 147
753.038461539, 163
753.346153846, 147
753.692307692, 130
754.038461539, 163
754.692307692, 122
755.038461539, 130
755.692307692, 122
756.038461539, 130
756.692307692, 122
757.038461539, 130
757.692307692, 122
758.692307692, 122
759.692307692, 122
760.692307692, 122
761.692307692, 122
762.692307692, 122
762.884615385, 114
763.692307692, 122
763.884615385, 114
764.692307692, 122
764.884615385, 114
765.692307692, 122
765.884615385, 114
766.692307692, 122
766.884615385, 114
767.692307692, 122
767.884615385, 114
768.692307692, 122
768.884615385, 114
769.692307692, 122
769.884615385, 114
770.692307692, 122
770.884615385, 114
771.692307692, 122
771.884615385, 114
772.692307692, 122
772.884615385, 114
773.692307692, 122
773.884615385, 114
774.692307692, 122
774.884615385, 114
775.692307692, 122
775.884615385, 114
776.692307692, 122
776.884615385, 114
777.692307692, 122
777.884615385, 114
778.692307692, 122
778.884615385, 114
779.692307692, 122
779.884615385, 114
780.692307692, 122
780.884615385, 114
781.692307692, 122
781.884615385, 114
782.692307692, 122
782.884615385, 114
783.692307692, 122
783.884615385, 114
784.692307692, 122
784.769230769, 130
784.884615385, 107
785.692307692, 122
785.769230769, 130
785.884615385, 107
786.692307692, 122
786.769230769, 130
786.884615385, 107
787.692307692, 122
787.769230769, 130
787.884615385, 107
788.692307692, 122
788.769230769, 130
788.884615385, 107
789.692307692, 122
789.769230769, 130
789.884615385, 107
790.692307692, 122
790.769230769, 130
790.884615385, 107
791.692307692, 122
791.769230769, 130
791.884615385, 107
792.692307692, 122
792.769230769, 130
792.884615385, 107
793.692307692, 122
793.769230769, 130
793.884615385, 107
794.692307692, 122
794.769230769, 130
794.884615385, 107
795.692307692, 122
795.769230769, 130
795.884615385, 107
796.692307692, 122
796.769230769, 130
796.884615385, 107
797.692307692, 122
797.769230769, 130
797.884615385, 107
798.692307692, 122
798.769230769, 130
798.884615385, 107
799.692307692, 122
799.769230769, 130
799.884615385, 107
800.692307692, 122
800.769230769, 130
800.884615385, 107
801.692307692, 122
801.769230769, 130
801.884615385, 107
802.692307692, 122
802.769230769, 130
802.884615385, 107
803.692307692, 122
803.769230769, 130
803.884615385, 107
804.692307692, 130
804.884615385, 193
805.692307692, 127
805.769230769, 130
805.884615385, 107
806.692307692, 127
806.769230769, 130
806.884615385, 107
807.692307692, 127
807.769230769, 130
807.884615385, 107
808.692307692, 127
808.769230769, 130
808.884615385, 107
809.692307692, 127
809.884615385, 193
810.692307692, 127
810.769230769, 171
811.038461539, 96
811.692307692, 127
811.769230769, 171
812.038461539, 96
812.692307692, 127
812.769230769, 171
813.038461539, 96
813.692307692, 127
813.769230769, 171
814.038461539, 96
814.692307692, 127
814.769230769, 171
815.038461539, 96
815.692307692, 127
815.769230769, 171
816.038461539, 96
816.692307692, 127
816.769230769, 171
817.038461539, 96
817.692307692, 127
817.769230769, 171
818.038461539, 96
818.692307692, 127
818.769230769, 171
819.038461539, 96
819.692307692, 127
819.769230769, 171
820.038461539, 96
820.692307692, 127
820.769230769, 171
821.038461539, 96
821.692307692, 127
821.769230769, 171
822.038461539, 96
822.692307692, 127
822.769230769, 171
823.038461539, 96
823.692307692, 127
823.769230769, 171
824.038461539, 96
824.692307692, 127
824.769230769, 171
825.038461539, 96
825.692307692, 127
825.769230769, 171
826.038461539, 96
826.692307692, 127
826.884615385, 193
827.346153846, 199
827.692307692, 138
827.884615385, 193
828.346153846, 199
828.692307692, 138
828.884615385, 193
829.346153846, 199
829.769230769, 138
829.884615385, 125
830.346153846, 199
830.769230769, 138
830.884615385, 125
831.346153846, 199
831.769230769, 138
831.884615385, 125
832.346153846, 199
832.769230769, 138
832.884615385, 125
833.346153846, 199
833.769230769, 138
833.884615385, 125
834.346153846, 199
834.769230769, 138
834.884615385, 125
835.346153846, 199
835.884615385, 125
836.038461539, 138
836.884615385, 125
837.038461539, 127
837.884615385, 125
838.038461539, 127
838.884615385, 125
839.038461539, 127
839.884615385, 125
840.038461539, 127
840.884615385, 125
841.038461539, 127
841.884615385, 125
842.038461539, 133
842.884615385, 125
843.038461539, 133
843.884615385, 125
844.038461539, 133
844.884615385, 125
845.038461539, 133
845.884615385, 125
846.038461539, 133
846.884615385, 125
847.038461539, 133
848.038461539, 133
849.038461539, 133
850.038461539, 133
851.038461539, 133
852.038461539, 133
853.038461539, 133
854.038461539, 133
855.038461539, 133
856.038461539, 133
857.038461539, 133
857.692307692, 133
858.038461539, 189
858.692307692, 133
859.038461539, 189
859.692307692, 133
860.038461539, 189
860.692307692, 133
861.038461539, 189
861.692307692, 133
862.038461539, 189
862.692307692, 138
863.038461539, 189
863.692307692, 138
864.038461539, 189
864.692307692, 138
865.038461539, 189
865.692307692, 138
866.038461539, 189
866.692307692, 138
867.038461539, 189
867.692307692, 138
868.038461539, 189
868.692307692, 138
869.038461539, 189
869.692307692, 138
870.038461539, 189
870.692307692, 138
871.038461539, 189
871.692307692, 138
872.038461539, 189
872.692307692, 138
873.038461539, 189
873.692307692, 138
874.038461539, 189
874.692307692, 138
875.038461539, 189
875.692307692, 138
876.038461539, 189
876.692307692, 138
877.038461539, 189
877.692307692, 138
878.038461539, 189
878.692307692, 138
879.038461539, 189
879.692307692, 138
880.038461539, 189
880.692307692, 138
881.038461539, 189
881.692307692, 138
882.038461539, 189
882.692307692, 138
883.038461539, 189
883.692307692, 138
884.038461539, 189
884.692307692, 138
885.038461539, 189
885.692307692, 138
886.038461539, 189
886.692307692, 138
887.038461539, 189
887.692307692, 138
888.038461539, 189
888.692307692, 138
889.038461539, 189
889.692307692, 138
890.038461539, 189
890.692307692, 138
891.038461539, 189
891.692307692, 138
892.038461539, 189
892.692307692, 138
892.884615385, 190
893.038461539, 200
893.692307692, 138
893.884615385, 190
894.038461539, 200
894.692307692, 138
894.884615385, 190
895.038461539, 200
895.692307692, 138
895.884615385, 190
896.038461539, 200
896.692307692, 138
896.884615385, 190
897.038461539, 200
897.692307692, 138
897.884615385, 190
898.038461539, 200
898.692307692, 138
898.884615385, 190
899.038461539, 200
899.692307692, 138
899.884615385, 190
900.038461539, 200
900.692307692, 100
900.769230769, 138
901.038461539, 123
901.692307692, 96
901.769230769, 100
902.038461539, 123
902.692307692, 96
902.769230769, 100
903.038461539, 95
903.692307692, 96
903.769230769, 100
904.038461539, 95
904.692307692, 96
904.769230769, 100
905.038461539, 95
905.692307692, 96
905.769230769, 100
906.038461539, 95
906.692307692, 96
906.769230769, 100
907.038461539, 95
907.692307692, 96
907.769230769, 100
908.038461539, 95
908.692307692, 96
908.769230769, 100
909.038461539, 95
909.692307692, 96
909.769230769, 100
910.038461539, 95
910.692307692, 96
910.769230769, 100
911.038461539, 95
911.692307692, 96
911.769230769, 100
912.038461539, 95
912.692307692, 96
912.769230769, 100
913.038461539, 95
913.692307692, 96
913.769230769, 100
914.038461539, 95
914.692307692, 96
914.769230769, 100
915.038461539, 95
915.692307692, 96
915.769230769, 100
916.038461539, 95
916.692307692, 96
916.769230769, 100
917.038461539, 95
917.692307692, 96
917.769230769, 100
918.038461539, 95
918.692307692, 96
918.769230769, 100
919.038461539, 95
919.692307692, 96
919.769230769, 100
920.038461539, 95
920.692307692, 96
920.769230769, 100
921.038461539, 95
921.692307692, 96
921.769230769, 100
922.038461539, 95
922.692307692, 96
922.769230769, 100
923.038461539, 95
923.692307692, 96
923.884615385, 106
924.346153846, 178
924.692307692, 194
924.884615385, 106
925.346153846, 178
925.692307692, 194
925.884615385, 106
926.346153846, 178
926.692307692, 194
926.884615385, 106
927.346153846, 178
927.692307692, 194
927.884615385, 106
928.346153846, 178
928.692307692, 194
928.884615385, 106
929.346153846, 178
929.692307692, 194
929.884615385, 106
930.346153846, 178
930.692307692, 194
930.884615385, 106
931.346153846, 178
931.692307692, 194
931.884615385, 106
932.346153846, 115
932.692307692, 194
932.884615385, 106
933.346153846, 115
933.692307692, 194
933.884615385, 106
934.346153846, 115
934.692307692, 194
934.884615385, 106
935.346153846, 115
935.692307692, 194
935.884615385, 106
936.346153846, 115
936.692307692, 194
936.884615385, 106
937.346153846, 115
937.692307692, 194
937.884615385, 106
938.346153846, 115
938.692307692, 194
938.884615385, 106
939.346153846, 115
939.692307692, 194
939.884615385, 132
940.346153846, 115
940.692307692, 194
940.884615385, 132
941.346153846, 115
941.692307692, 194
941.884615385, 132
942.346153846, 115
942.692307692, 194
943.346153846, 132
943.692307692, 156
944.346153846, 132
944.692307692, 156
945.346153846, 132
945.692307692, 156
946.346153846, 132
946.692307692, 156
947.346153846, 132
947.692307692, 156
948.346153846, 132
948.692307692, 156
949.346153846, 132
949.692307692, 156
950.346153846, 132
950.692307692, 156
951.346153846, 132
951.692307692, 156
952.346153846, 132
952.692307692, 156
953.346153846, 132
953.692307692, 156
954.346153846, 132
954.692307692, 156
955.346153846, 132
955.692307692, 156
956.346153846, 132
956.692307692, 156
957.346153846, 132
957.692307692, 156
958.346153846, 132
958.692307692, 156
959.346153846, 132
959.692307692, 156
960.346153846, 132
960.692307692, 156
961.346153846, 132
961.692307692, 156
962.346153846, 132
962.692307692, 156
963.346153846, 132
963.692307692, 156
964.346153846, 132
964.692307692, 156
964.884615385, 132
965.346153846, 115
965.692307692, 190
965.884615385, 132
966.346153846, 115
966.692307692, 190
966.884615385, 132
967.346153846, 115
967.692307692, 190
967.884615385, 132
968.346153846, 115
968.692307692, 190
968.884615385, 132
969.346153846, 115
969.692307692, 190
969.884615385, 132
970.346153846, 115
970.692307692, 190
970.884615385, 132
971.346153846, 115
971.692307692, 190
971.884615385, 132
972.346153846, 115
972.692307692, 190
972.884615385, 132
973.346153846, 115
973.692307692, 190
973.884615385, 132
974.346153846, 115
974.692307692, 190
974.884615385, 132
975.346153846, 115
975.692307692, 181
975.884615385, 132
976.346153846, 115
976.692307692, 181
976.884615385, 132
977.346153846, 115
977.692307692, 181
977.884615385, 132
978.346153846, 115
978.692307692, 181
978.884615385, 132
979.346153846, 115
979.692307692, 181
979.884615385, 132
980.346153846, 115
980.692307692, 181
980.884615385, 132
981.346153846, 115
981.692307692, 181
981.884615385, 132
982.346153846, 115
982.692307692, 181
982.884615385, 132
983.346153846, 115
983.692307692, 181
983.884615385, 132
984.346153846, 115
984.692307692, 181
984.884615385, 132
985.692307692, 181
985.884615385, 132
986.692307692, 181
986.769230769, 196
986.884615385, 115
987.692307692, 181
987.769230769, 196
988.038461539, 96
988.692307692, 181
988.769230769, 196
989.038461539, 96
989.692307692, 181
989.769230769, 196
990.038461539, 96
990.692307692, 181
990.769230769, 196
991.038461539, 96
991.692307692, 181
991.769230769, 196
992.038461539, 96
992.692307692, 181
992.769230769, 196
993.038461539, 96
993.692307692, 181
993.769230769, 196
994.038461539, 96
994.692307692, 181
994.769230769, 196
995.038461539, 96
995.692307692, 181
995.769230769, 196
996.038461539, 96
996.692307692, 181
996.769230769, 196
997.038461539, 96
997.692307692, 181
997.769230769, 196
998.038461539, 96
998.692307692, 181
998.769230769, 196
999.038461539, 96
999.692307692, 181
999.769230769, 196
