19.0769230769, 95
20.0769230769, 95
21.0769230769, 95
22.0769230769, 95
23.0769230769, 95
24.0769230769, 95
25.0769230769, 95
26.0769230769, 95
27.0769230769, 95
28.0769230769, 95
29.0, 95
29.4230769231, 106
30.0, 95
30.4230769231, 107
30.8846153846, 107
31.0, 96
31.4230769231, 107
32.0, 95
32.4230769231, 107
33.0, 95
33.4230769231, 107
33.6538461538, 107
34.0, 95
34.4230769231, 107
35.0, 95
35.4230769231, 107
36.0, 95
36.4230769231, 107
36.6538461538, 107
37.0, 95
37.4230769231, 108
38.0, 95
38.4230769231, 108
39.0, 95
39.4230769231, 108
39.6538461538, 108
40.0, 95
40.4230769231, 108
41.0, 95
41.0769230769, 95
41.4230769231, 107
41.6538461538, 107
42.0, 95
42.4230769231, 108
43.0, 95
43.4230769231, 108
44.0, 95
44.4230769231, 108
44.6538461538, 108
45.0, 95
45.4230769231, 108
46.0, 95
46.4230769231, 108
47.0, 95
47.4230769231, 108
48.0, 95
48.4230769231, 108
49.0, 95
49.0769230769, 95
49.4230769231, 108
50.0, 95
50.0769230769, 95
50.4230769231, 108
51.0, 95
51.4230769231, 108
52.0, 95
52.4230769231, 108
53.0, 95
53.4230769231, 108
54.0, 95
54.4230769231, 108
55.0, 95
55.4230769231, 108
56.0, 95
56.4230769231, 108
56.6538461538, 108
57.0, 95
57.1153846154, 97
57.4230769231, 108
58.0, 97
58.4230769231, 108
59.0, 97
59.4230769231, 108
59.6538461538, 108
60.0, 100
60.4230769231, 108
61.0, 97
61.4230769231, 108
62.0, 97
62.4230769231, 108
63.0, 97
63.4230769231, 111
63.6538461538, 111
64.0, 97
64.4230769231, 111
65.0, 97
65.4230769231, 111
66.0, 97
66.0769230769, 97
66.4230769231, 111
67.0, 97
67.4230769231, 111
67.6538461538, 111
68.0, 97
68.0769230769, 97
68.4230769231, 111
68.6538461538, 111
69.0, 97
69.4230769231, 111
70.0, 97
70.0769230769, 100
70.4230769231, 111
71.0, 97
71.4230769231, 111
71.6538461538, 111
72.0, 97
72.4230769231, 111
73.0, 97
73.4230769231, 111
74.0, 97
74.0769230769, 100
74.4230769231, 111
75.0, 97
75.4230769231, 111
76.0, 97
76.4230769231, 111
77.0, 97
77.4230769231, 111
78.0, 97
78.4230769231, 111
79.0, 97
79.0769230769, 97
79.4230769231, 111
80.0, 100
80.0769230769, 100
80.4230769231, 111
81.0, 100
81.4230769231, 111
82.0, 100
82.4230769231, 111
82.6538461538, 111
83.0, 103
83.4230769231, 111
83.6538461538, 111
84.0, 103
84.0769230769, 103
84.4230769231, 111
85.0, 100
85.4230769231, 111
86.0, 100
86.4230769231, 111
87.0, 103
87.4230769231, 111
87.6538461538, 111
87.8846153846, 111
88.0, 103
88.4230769231, 111
88.6538461538, 111
88.8846153846, 111
89.0, 103
89.4230769231, 115
90.0, 103
90.4230769231, 115
90.6538461538, 115
91.0, 103
91.4230769231, 116
92.0, 103
92.4230769231, 116
93.0, 103
93.4230769231, 116
94.0, 103
94.4230769231, 116
94.6538461538, 116
95.0, 103
95.4230769231, 116
95.6538461538, 115
95.8846153846, 115
96.0, 103
96.0769230769, 103
96.4230769231, 116
97.0, 103
97.4230769231, 116
98.0, 103
98.4230769231, 117
99.0, 103
99.4230769231, 117
100.0, 103
100.076923077, 104
100.423076923, 116
101.0, 103
101.076923077, 103
101.423076923, 116
102.0, 103
102.423076923, 118
103.0, 103
103.423076923, 118
104.0, 103
104.076923077, 103
104.423076923, 118
105.0, 103
105.423076923, 118
106.0, 103
106.423076923, 118
107.0, 103
107.423076923, 118
108.0, 103
108.076923077, 103
108.423076923, 118
109.0, 104
109.423076923, 118
110.0, 109
110.423076923, 118
111.0, 109
111.423076923, 118
112.0, 109
112.423076923, 118
113.0, 109
113.423076923, 118
113.653846154, 117
114.0, 109
114.423076923, 118
115.0, 109
115.423076923, 118
116.0, 109
116.423076923, 118
117.0, 109
117.423076923, 118
117.653846154, 118
118.0, 109
118.423076923, 118
118.653846154, 118
119.0, 109
119.423076923, 118
120.0, 109
120.423076923, 118
121.0, 109
121.423076923, 118
122.0, 109
122.423076923, 118
122.653846154, 118
123.0, 109
123.423076923, 118
124.0, 109
124.076923077, 109
124.423076923, 118
125.0, 109
125.423076923, 118
126.0, 109
126.423076923, 118
127.0, 109
127.076923077, 109
127.423076923, 118
128.0, 109
128.423076923, 118
128.653846154, 118
129.0, 109
129.423076923, 118
130.0, 109
130.423076923, 118
131.0, 109
131.423076923, 118
132.0, 109
132.423076923, 118
133.0, 109
133.423076923, 118
134.0, 109
134.423076923, 118
135.0, 109
135.423076923, 118
136.0, 109
136.115384615, 109
136.423076923, 118
137.0, 109
137.423076923, 118
137.653846154, 118
138.0, 109
138.423076923, 118
138.653846154, 118
139.0, 109
139.423076923, 118
140.0, 109
140.076923077, 109
140.423076923, 122
140.653846154, 122
141.0, 109
141.423076923, 122
142.0, 109
142.076923077, 109
142.423076923, 122
142.653846154, 122
143.0, 109
143.423076923, 122
144.0, 109
144.423076923, 122
145.0, 109
145.423076923, 122
146.0, 109
146.423076923, 122
147.0, 109
147.076923077, 109
147.423076923, 122
148.0, 109
148.076923077, 111
148.423076923, 122
149.0, 109
149.076923077, 109
149.423076923, 122
150.0, 111
150.423076923, 122
151.0, 111
151.423076923, 122
152.0, 111
152.423076923, 122
153.0, 111
153.076923077, 111
153.423076923, 122
154.0, 111
154.423076923, 122
155.0, 111
155.423076923, 122
156.0, 111
156.423076923, 122
157.0, 111
157.076923077, 111
157.423076923, 122
157.653846154, 122
158.0, 112
158.423076923, 122
158.653846154, 122
159.0, 112
159.423076923, 122
160.0, 110
160.423076923, 122
161.0, 110
161.423076923, 122
161.653846154, 122
161.884615385, 122
162.423076923, 122
162.653846154, 122
163.0, 110
163.423076923, 122
164.0, 110
164.423076923, 122
165.0, 110
165.423076923, 122
166.0, 110
166.423076923, 122
167.0, 110
167.423076923, 122
167.653846154, 122
168.0, 110
168.423076923, 122
169.0, 110
169.423076923, 122
170.0, 110
170.423076923, 122
171.0, 110
171.423076923, 122
171.653846154, 122
171.884615385, 122
172.423076923, 122
173.0, 110
173.423076923, 122
173.653846154, 122
174.0, 110
174.423076923, 122
175.0, 110
175.423076923, 122
176.0, 105
176.423076923, 116
177.0, 105
177.423076923, 116
178.0, 105
178.076923077, 105
178.423076923, 115
179.0, 105
179.423076923, 116
180.0, 105
180.423076923, 116
181.0, 105
181.423076923, 116
182.0, 105
182.423076923, 115
183.0, 105
183.423076923, 116
184.0, 105
184.423076923, 116
185.0, 105
185.423076923, 116
186.0, 105
186.423076923, 116
187.0, 105
187.423076923, 116
187.653846154, 116
188.0, 105
188.423076923, 116
188.653846154, 115
189.0, 100
189.423076923, 116
190.0, 100
190.423076923, 116
190.653846154, 115
191.0, 100
191.423076923, 116
192.0, 99
192.423076923, 115
193.0, 99
193.423076923, 115
194.0, 99
194.423076923, 116
195.0, 99
195.423076923, 116
196.0, 100
196.423076923, 115
197.0, 99
197.423076923, 115
197.653846154, 115
198.0, 97
198.423076923, 115
199.0, 97
199.076923077, 97
199.423076923, 115
200.0, 97
200.423076923, 115
200.653846154, 115
201.0, 97
201.423076923, 115
202.0, 97
202.423076923, 115
202.653846154, 115
203.0, 97
203.423076923, 115
203.653846154, 115
204.0, 97
204.423076923, 115
205.0, 97
205.423076923, 115
206.0, 97
206.423076923, 115
207.0, 97
207.423076923, 115
208.0, 97
208.076923077, 97
208.115384615, 97
209.0, 97
209.423076923, 115
210.0, 97
210.423076923, 108
211.0, 97
211.423076923, 108
212.0, 97
212.423076923, 108
213.0, 97
213.423076923, 108
214.0, 97
214.423076923, 108
214.653846154, 108
215.0, 97
215.423076923, 105
216.0, 97
216.423076923, 105
217.0, 95
217.423076923, 106
217.653846154, 106
218.0, 97
218.423076923, 106
219.0, 95
219.076923077, 95
219.423076923, 105
220.0, 95
220.423076923, 106
221.0, 95
221.076923077, 95
221.423076923, 105
222.0, 96
222.423076923, 106
223.0, 95
223.423076923, 105
224.0, 95
224.076923077, 96
224.423076923, 105
225.0, 95
225.423076923, 106
226.0, 95
226.423076923, 106
226.653846154, 106
226.884615385, 106
227.423076923, 106
228.0, 95
228.423076923, 106
229.0, 95
229.076923077, 96
229.423076923, 105
230.0, 95
230.076923077, 95
230.423076923, 105
230.653846154, 105
231.0, 97
231.423076923, 106
232.0, 95
232.076923077, 95
232.423076923, 105
233.0, 95
233.423076923, 106
234.0, 95
234.423076923, 105
235.0, 95
235.423076923, 106
236.0, 95
236.076923077, 96
236.423076923, 105
237.0, 95
237.423076923, 106
237.884615385, 105
238.0, 95
238.423076923, 116
239.0, 95
239.423076923, 116
240.0, 95
240.423076923, 116
241.0, 95
241.076923077, 95
241.423076923, 116
242.0, 95
242.423076923, 116
243.0, 95
243.423076923, 116
244.0, 95
244.076923077, 95
244.423076923, 116
245.0, 96
245.423076923, 116
246.0, 95
246.423076923, 116
247.0, 95
247.423076923, 116
248.0, 95
248.423076923, 116
249.0, 95
249.423076923, 116
249.884615385, 116
250.0, 95
250.423076923, 127
250.653846154, 127
251.0, 96
251.423076923, 128
252.0, 95
252.423076923, 128
252.653846154, 128
252.884615385, 128
253.423076923, 128
254.0, 95
254.423076923, 128
255.0, 95
255.423076923, 128
256.0, 95
256.423076923, 128
256.653846154, 128
257.0, 117
257.423076923, 134
257.653846154, 134
258.0, 96
258.423076923, 134
259.0, 96
259.076923077, 117
259.423076923, 134
260.0, 96
260.423076923, 134
260.653846154, 134
261.0, 117
261.423076923, 134
262.0, 117
262.076923077, 117
262.423076923, 134
263.0, 117
263.076923077, 117
263.423076923, 134
264.0, 117
264.423076923, 134
265.0, 117
265.423076923, 134
266.0, 117
266.423076923, 134
266.653846154, 134
267.0, 117
267.423076923, 134
268.0, 117
268.423076923, 134
269.0, 117
269.423076923, 134
270.0, 117
270.423076923, 134
271.0, 117
271.076923077, 117
271.423076923, 134
272.0, 124
272.423076923, 141
273.0, 124
273.423076923, 141
274.0, 124
274.076923077, 124
274.423076923, 141
275.0, 124
275.423076923, 141
276.0, 124
276.076923077, 124
276.115384615, 124
277.0, 124
277.423076923, 141
278.0, 127
278.423076923, 141
279.0, 127
279.423076923, 141
280.0, 124
280.423076923, 141
281.0, 124
281.423076923, 141
282.0, 124
282.423076923, 141
283.0, 124
283.423076923, 141
284.0, 124
284.423076923, 141
284.653846154, 141
285.0, 127
285.423076923, 141
285.653846154, 141
286.0, 127
286.423076923, 141
287.0, 124
287.076923077, 127
287.423076923, 141
288.0, 124
288.423076923, 141
289.0, 124
289.423076923, 141
290.0, 124
290.076923077, 127
290.423076923, 141
291.0, 124
291.423076923, 141
292.0, 124
292.423076923, 141
293.0, 121
293.076923077, 121
293.423076923, 141
294.0, 121
294.423076923, 141
295.0, 121
295.076923077, 121
295.423076923, 134
296.0, 121
296.423076923, 141
296.653846154, 134
297.0, 121
297.423076923, 141
297.653846154, 141
298.0, 121
298.423076923, 141
299.0, 121
299.423076923, 141
300.0, 121
300.423076923, 141
301.0, 112
301.423076923, 141
302.0, 112
302.423076923, 141
303.0, 112
303.423076923, 141
303.653846154, 141
304.0, 121
304.423076923, 141
305.0, 121
305.423076923, 141
306.0, 108
306.076923077, 108
306.423076923, 141
307.0, 108
307.423076923, 141
308.0, 108
308.423076923, 141
308.653846154, 141
309.0, 121
309.423076923, 141
310.0, 108
310.423076923, 141
311.0, 108
311.076923077, 121
311.423076923, 141
311.653846154, 122
312.0, 121
312.423076923, 141
313.0, 121
313.423076923, 141
313.884615385, 141
314.0, 99
314.423076923, 122
315.0, 99
315.423076923, 141
315.653846154, 141
316.0, 99
316.423076923, 141
317.0, 99
317.423076923, 141
318.0, 99
318.423076923, 141
319.0, 99
319.423076923, 122
320.0, 99
320.115384615, 99
320.423076923, 108
321.0, 95
321.076923077, 99
321.423076923, 122
322.0, 95
322.423076923, 122
323.0, 95
323.423076923, 122
323.653846154, 122
324.0, 95
324.423076923, 122
325.0, 95
325.423076923, 122
326.0, 95
326.423076923, 108
327.0, 95
327.423076923, 108
328.0, 95
328.423076923, 108
329.0, 95
329.076923077, 95
329.423076923, 106
329.653846154, 106
330.0, 95
330.423076923, 108
330.653846154, 108
331.0, 95
331.423076923, 108
332.0, 95
332.423076923, 108
333.0, 95
333.423076923, 108
334.0, 95
334.423076923, 111
334.653846154, 111
334.884615385, 111
335.423076923, 111
336.0, 95
336.423076923, 111
337.0, 95
337.076923077, 95
337.423076923, 108
338.0, 95
338.423076923, 111
339.0, 95
339.423076923, 111
340.0, 95
340.423076923, 111
340.884615385, 111
341.0, 95
341.423076923, 122
342.0, 95
342.076923077, 95
342.423076923, 122
343.0, 95
343.423076923, 122
343.653846154, 122
344.0, 95
344.423076923, 127
345.0, 95
345.076923077, 99
345.423076923, 127
346.0, 95
346.423076923, 127
347.0, 95
347.076923077, 95
347.423076923, 127
348.0, 95
348.423076923, 127
349.0, 95
349.076923077, 95
349.423076923, 127
350.0, 95
350.423076923, 127
351.0, 95
351.076923077, 95
351.423076923, 127
352.0, 95
352.423076923, 127
353.0, 95
353.423076923, 127
353.653846154, 127
354.0, 95
354.076923077, 95
354.423076923, 127
355.0, 95
355.076923077, 99
355.115384615, 99
355.423076923, 127
356.0, 99
356.076923077, 99
356.423076923, 127
356.653846154, 127
357.0, 121
357.423076923, 127
358.0, 99
358.423076923, 127
358.653846154, 127
359.0, 121
359.423076923, 127
360.0, 99
360.423076923, 127
361.0, 99
361.423076923, 127
362.0, 99
362.423076923, 127
363.0, 99
363.423076923, 127
364.0, 99
364.423076923, 127
365.0, 99
365.423076923, 127
366.0, 99
366.076923077, 99
366.423076923, 127
367.0, 99
367.076923077, 99
367.115384615, 99
367.423076923, 122
368.0, 99
368.076923077, 121
368.423076923, 127
369.0, 99
369.423076923, 127
370.0, 99
370.423076923, 127
371.423076923, 127
372.0, 99
372.423076923, 127
373.115384615, 136
373.423076923, 151
374.0, 99
374.423076923, 151
374.653846154, 151
375.0, 136
375.423076923, 151
376.0, 99
376.423076923, 151
377.0, 99
377.423076923, 151
378.0, 136
378.423076923, 151
378.653846154, 151
379.0, 99
379.423076923, 151
380.0, 99
380.423076923, 151
381.0, 129
381.423076923, 151
381.653846154, 151
381.884615385, 151
382.423076923, 151
383.0, 127
383.076923077, 127
383.423076923, 151
384.0, 127
384.423076923, 151
385.0, 127
385.423076923, 151
386.0, 127
386.423076923, 151
387.0, 127
387.423076923, 151
388.0, 127
388.076923077, 127
388.423076923, 151
388.653846154, 151
388.884615385, 151
389.423076923, 151
390.0, 127
390.423076923, 151
391.0, 127
391.076923077, 127
391.423076923, 151
391.653846154, 151
392.0, 127
392.423076923, 151
392.884615385, 143
393.0, 127
393.423076923, 151
393.653846154, 151
394.0, 127
394.423076923, 151
395.0, 127
395.423076923, 151
396.115384615, 127
397.0, 127
397.423076923, 151
397.653846154, 151
398.0, 127
398.423076923, 151
399.0, 127
399.423076923, 151
399.653846154, 151
400.0, 142
400.423076923, 151
401.0, 127
401.423076923, 151
401.653846154, 151
402.0, 127
402.423076923, 151
403.0, 95
403.423076923, 151
404.0, 95
404.423076923, 151
405.0, 95
405.423076923, 151
406.0, 95
406.076923077, 95
406.423076923, 151
407.0, 95
407.423076923, 151
408.0, 95
408.076923077, 95
408.423076923, 151
408.653846154, 151
409.0, 95
409.423076923, 151
410.0, 95
410.076923077, 95
410.423076923, 151
411.0, 95
411.423076923, 151
412.0, 95
412.076923077, 95
412.423076923, 151
413.0, 95
413.423076923, 151
413.653846154, 151
413.884615385, 151
414.423076923, 151
415.0, 95
415.423076923, 151
416.0, 95
416.423076923, 151
417.0, 95
417.423076923, 151
417.884615385, 115
418.0, 95
418.423076923, 124
418.653846154, 124
419.0, 95
419.423076923, 124
420.0, 95
420.076923077, 95
420.423076923, 124
421.0, 95
421.423076923, 124
421.653846154, 124
422.0, 95
422.423076923, 124
423.0, 95
423.423076923, 124
424.0, 95
424.423076923, 124
424.653846154, 115
425.0, 98
425.423076923, 124
425.653846154, 124
426.0, 98
426.076923077, 98
426.423076923, 124
427.0, 98
427.423076923, 146
428.0, 98
428.076923077, 98
428.423076923, 146
429.0, 98
429.076923077, 98
429.423076923, 146
430.0, 98
430.423076923, 146
431.0, 98
431.423076923, 146
432.0, 98
432.076923077, 98
432.423076923, 146
433.0, 98
433.423076923, 146
434.0, 98
434.423076923, 146
435.0, 98
435.423076923, 146
436.0, 98
436.423076923, 146
437.0, 98
437.423076923, 146
438.0, 98
438.423076923, 146
439.0, 98
439.423076923, 146
440.0, 98
440.423076923, 146
441.0, 98
441.423076923, 146
442.0, 98
442.423076923, 146
443.0, 98
443.423076923, 146
444.0, 130
444.423076923, 146
445.0, 130
445.076923077, 130
445.423076923, 146
446.0, 130
446.884615385, 146
447.884615385, 146
448.423076923, 146
448.884615385, 146
449.0, 151
449.884615385, 146
450.0, 130
450.423076923, 146
450.653846154, 146
451.0, 130
451.423076923, 153
452.0, 130
452.423076923, 153
453.0, 130
453.423076923, 148
454.0, 130
454.423076923, 148
455.0, 130
455.884615385, 148
456.423076923, 148
457.0, 130
457.076923077, 130
457.423076923, 148
458.0, 130
458.076923077, 130
458.423076923, 148
459.0, 130
459.884615385, 148
460.423076923, 148
461.0, 130
461.423076923, 148
462.0, 130
462.076923077, 130
462.423076923, 148
463.0, 130
463.423076923, 148
463.884615385, 141
464.0, 130
464.423076923, 148
465.0, 130
465.423076923, 148
466.0, 100
466.423076923, 148
467.0, 100
467.423076923, 148
467.653846154, 148
468.0, 100
468.423076923, 148
469.0, 98
469.423076923, 148
470.0, 98
470.423076923, 148
471.0, 98
471.076923077, 98
471.423076923, 148
472.0, 98
472.076923077, 98
472.423076923, 148
473.0, 98
473.423076923, 148
473.653846154, 148
474.0, 100
474.423076923, 148
475.0, 98
475.423076923, 148
476.0, 97
476.423076923, 148
477.0, 97
477.423076923, 148
477.653846154, 148
478.0, 97
478.423076923, 148
478.653846154, 148
479.0, 97
479.423076923, 148
479.653846154, 148
479.884615385, 148
480.0, 97
480.423076923, 141
481.0, 97
481.423076923, 141
481.653846154, 141
482.0, 97
482.423076923, 141
483.0, 97
483.423076923, 141
483.653846154, 141
484.0, 97
484.423076923, 117
485.0, 97
485.423076923, 141
486.0, 97
486.423076923, 141
487.0, 97
487.423076923, 141
488.0, 97
488.423076923, 141
489.0, 97
489.423076923, 141
490.0, 97
490.423076923, 141
490.653846154, 141
491.0, 97
491.423076923, 117
492.0, 97
492.076923077, 115
492.423076923, 117
493.0, 97
493.423076923, 154
494.0, 97
494.423076923, 154
494.653846154, 154
495.0, 97
495.423076923, 154
496.0, 97
496.423076923, 154
497.0, 97
497.423076923, 154
497.884615385, 154
498.0, 97
498.423076923, 169
499.0, 97
499.423076923, 169
500.0, 97
500.423076923, 169
501.0, 97
501.423076923, 169
502.0, 97
502.423076923, 169
503.0, 97
503.423076923, 169
504.0, 97
504.076923077, 97
504.115384615, 97
505.0, 97
505.076923077, 115
505.423076923, 169
506.0, 115
506.423076923, 169
507.0, 120
507.423076923, 169
508.0, 115
508.423076923, 169
509.0, 120
509.423076923, 169
510.0, 115
510.423076923, 169
511.0, 115
511.076923077, 115
511.423076923, 169
512.0, 115
512.423076923, 169
513.0, 115
513.423076923, 169
514.0, 115
514.076923077, 115
514.115384615, 115
515.0, 115
515.423076923, 169
516.0, 115
516.115384615, 115
516.423076923, 165
517.0, 115
517.423076923, 169
518.0, 130
518.423076923, 169
518.653846154, 165
518.884615385, 165
519.423076923, 165
520.0, 118
520.076923077, 118
520.423076923, 165
520.653846154, 130
521.0, 123
521.423076923, 165
522.0, 118
522.076923077, 123
522.423076923, 165
523.0, 118
523.423076923, 165
524.0, 118
524.423076923, 165
525.0, 118
525.423076923, 165
525.653846154, 130
526.0, 123
526.423076923, 165
526.653846154, 165
527.0, 123
527.423076923, 165
528.0, 118
528.423076923, 165
528.653846154, 165
529.0, 123
529.423076923, 165
530.0, 118
530.423076923, 165
530.653846154, 165
531.0, 123
531.423076923, 165
532.0, 118
532.423076923, 165
533.0, 118
533.423076923, 165
533.653846154, 165
534.0, 123
534.423076923, 165
534.653846154, 130
535.0, 123
535.423076923, 165
536.0, 118
536.423076923, 165
536.884615385, 130
537.0, 118
537.423076923, 130
538.0, 118
538.423076923, 130
539.0, 118
539.423076923, 130
540.0, 118
540.423076923, 130
541.0, 118
541.423076923, 130
541.653846154, 126
542.0, 123
542.423076923, 130
543.0, 118
543.423076923, 130
544.0, 123
544.423076923, 130
544.653846154, 130
545.0, 123
545.423076923, 130
546.0, 118
546.423076923, 130
546.653846154, 130
547.0, 130
547.423076923, 130
548.0, 118
548.076923077, 130
548.423076923, 130
549.0, 118
549.115384615, 118
550.0, 118
550.423076923, 130
551.0, 118
551.423076923, 130
552.0, 118
552.423076923, 130
553.0, 118
553.115384615, 118
553.423076923, 130
554.0, 118
554.423076923, 175
555.0, 130
555.423076923, 175
556.0, 118
556.423076923, 175
557.0, 118
557.423076923, 175
558.0, 118
558.423076923, 175
558.653846154, 175
559.0, 136
559.423076923, 175
560.0, 130
560.423076923, 175
561.0, 130
561.423076923, 175
562.0, 130
562.076923077, 130
562.423076923, 175
563.0, 130
563.423076923, 175
564.0, 130
564.076923077, 130
564.423076923, 175
565.0, 130
565.423076923, 175
566.0, 130
566.423076923, 175
567.0, 130
567.423076923, 175
567.653846154, 175
568.0, 136
568.423076923, 175
569.0, 130
569.076923077, 130
569.423076923, 175
570.0, 130
570.423076923, 175
571.0, 136
571.423076923, 175
572.0, 133
572.423076923, 175
573.0, 133
573.423076923, 175
574.0, 133
574.423076923, 175
575.0, 133
575.423076923, 175
576.0, 133
576.423076923, 175
577.0, 133
577.423076923, 175
578.0, 133
578.076923077, 133
578.423076923, 175
579.0, 133
579.076923077, 133
579.423076923, 175
579.884615385, 175
580.0, 133
580.423076923, 175
581.076923077, 133
581.423076923, 175
582.0, 133
582.423076923, 175
583.076923077, 133
583.423076923, 175
584.0, 133
584.423076923, 175
585.0, 133
585.423076923, 175
586.0, 133
586.423076923, 175
587.0, 97
587.423076923, 175
588.0, 97
588.423076923, 175
589.0, 97
589.423076923, 175
590.0, 97
590.076923077, 133
590.423076923, 175
591.0, 97
591.423076923, 175
592.0, 97
592.423076923, 175
593.0, 97
593.423076923, 175
594.0, 97
594.423076923, 175
595.0, 97
595.076923077, 97
595.423076923, 175
596.0, 97
596.076923077, 97
596.423076923, 175
597.0, 97
597.076923077, 97
597.423076923, 175
598.0, 97
598.423076923, 175
599.0, 97
599.423076923, 175
600.0, 97
600.423076923, 164
601.0, 97
601.423076923, 164
602.076923077, 142
603.076923077, 142
603.423076923, 164
604.076923077, 142
604.423076923, 164
605.0, 142
605.423076923, 164
606.0, 142
606.076923077, 142
606.423076923, 164
607.0, 142
607.423076923, 164
608.0, 142
608.423076923, 186
608.653846154, 186
609.0, 158
609.423076923, 186
610.0, 158
610.423076923, 186
611.0, 158
611.423076923, 186
612.0, 158
612.076923077, 158
612.423076923, 164
613.0, 158
613.423076923, 186
614.0, 158
614.423076923, 186
615.0, 158
615.423076923, 186
616.0, 158
616.423076923, 186
617.0, 158
617.423076923, 186
618.0, 158
618.423076923, 186
619.0, 158
619.076923077, 158
619.423076923, 164
620.0, 158
620.076923077, 158
620.423076923, 164
620.653846154, 164
621.0, 158
621.076923077, 160
621.423076923, 164
622.0, 158
622.076923077, 158
622.423076923, 164
622.653846154, 164
623.0, 158
623.076923077, 158
624.0, 158
624.423076923, 186
625.0, 158
626.0, 158
626.423076923, 186
627.0, 158
628.0, 158
629.0, 158
629.423076923, 186
630.0, 158
630.423076923, 186
631.0, 160
631.653846154, 135
632.0, 96
632.076923077, 96
632.423076923, 135
633.0, 95
633.423076923, 186
633.653846154, 135
634.0, 95
634.423076923, 186
634.653846154, 135
635.0, 95
635.423076923, 186
636.0, 95
636.423076923, 186
636.653846154, 135
637.0, 95
637.423076923, 186
638.0, 95
638.423076923, 186
639.0, 95
639.076923077, 95
639.423076923, 135
640.0, 95
640.423076923, 135
641.0, 95
641.423076923, 186
642.0, 95
642.076923077, 96
642.423076923, 135
643.0, 95
643.423076923, 186
644.0, 95
644.423076923, 186
645.0, 95
645.423076923, 186
646.0, 95
646.423076923, 186
646.653846154, 135
647.0, 95
647.423076923, 135
648.0, 95
648.423076923, 186
648.653846154, 135
649.0, 95
649.076923077, 95
649.423076923, 135
650.0, 95
650.423076923, 186
650.653846154, 186
651.0, 95
651.423076923, 186
652.0, 95
652.076923077, 95
652.423076923, 135
653.0, 95
653.423076923, 135
654.0, 95
654.423076923, 189
655.0, 95
655.423076923, 189
656.0, 95
656.423076923, 135
657.0, 95
657.076923077, 96
657.653846154, 135
658.0, 95
658.423076923, 135
658.884615385, 106
659.0, 95
659.423076923, 189
660.0, 95
660.076923077, 95
660.423076923, 189
661.0, 95
661.423076923, 188
662.0, 95
662.423076923, 189
663.0, 95
663.423076923, 189
664.0, 95
664.423076923, 189
665.0, 95
665.423076923, 189
666.0, 95
666.423076923, 189
667.0, 95
667.076923077, 95
667.423076923, 188
667.653846154, 188
668.0, 95
668.423076923, 188
669.0, 95
669.423076923, 188
670.0, 95
670.423076923, 189
671.0, 95
671.423076923, 189
672.0, 95
672.076923077, 95
672.423076923, 188
673.0, 95
673.076923077, 95
673.423076923, 188
674.0, 95
674.076923077, 95
674.115384616, 95
674.423076923, 188
675.0, 95
675.423076923, 188
676.0, 95
676.423076923, 188
677.0, 95
677.423076923, 188
678.0, 95
678.423076923, 188
679.0, 95
679.423076923, 188
680.0, 95
680.423076923, 188
681.0, 95
681.423076923, 188
681.884615385, 106
682.0, 95
682.423076923, 112
683.0, 95
683.423076923, 112
683.884615385, 112
684.0, 95
684.423076923, 112
685.0, 95
685.423076923, 112
685.884615385, 112
686.0, 95
686.884615385, 134
687.884615385, 134
688.423076923, 134
688.653846154, 134
689.0, 128
689.423076923, 134
690.0, 128
690.076923077, 128
691.076923077, 128
691.423076923, 134
692.076923077, 128
692.423076923, 134
693.0, 128
693.884615385, 134
694.884615385, 134
695.423076923, 190
696.0, 128
696.423076923, 190
697.0, 128
697.423076923, 190
697.653846154, 190
698.0, 128
698.076923077, 128
698.423076923, 190
699.0, 128
699.423076923, 190
700.0, 128
700.423076923, 190
701.0, 128
701.076923077, 128
701.423076923, 190
702.0, 128
702.076923077, 128
702.423076923, 190
703.115384616, 143
704.0, 143
704.076923077, 143
704.423076923, 190
705.115384616, 143
706.115384616, 143
707.115384616, 143
708.115384616, 143
709.0, 143
709.423076923, 190
709.653846154, 190
710.115384616, 143
711.0, 143
711.423076923, 190
711.653846154, 190
712.115384616, 182
712.423076923, 190
713.115384616, 143
713.423076923, 190
714.0, 132
714.423076923, 190
715.0, 132
715.076923077, 132
715.423076923, 190
716.0, 132
716.423076923, 190
717.115384616, 143
717.423076923, 190
718.0, 132
718.423076923, 190
719.0, 132
719.423076923, 190
719.884615385, 190
720.423076923, 190
721.0, 132
721.423076923, 190
722.0, 96
722.423076923, 190
722.653846154, 190
723.0, 96
723.423076923, 190
723.884615385, 190
724.0, 96
724.423076923, 190
724.653846154, 190
725.0, 96
725.423076923, 190
726.0, 96
726.423076923, 190
727.0, 96
727.076923077, 96
727.423076923, 190
727.653846154, 190
728.0, 96
728.076923077, 96
728.423076923, 190
729.0, 96
729.423076923, 190
730.0, 96
730.423076923, 190
730.884615385, 190
731.423076923, 190
732.0, 96
732.423076923, 190
733.0, 148
733.076923077, 148
733.423076923, 190
734.0, 148
734.423076923, 190
734.653846154, 190
735.0, 159
735.423076923, 190
735.653846154, 190
736.0, 159
736.423076923, 190
737.0, 148
737.423076923, 190
738.0, 148
738.423076923, 190
738.653846154, 190
739.0, 159
739.423076923, 190
740.0, 148
740.423076923, 190
741.0, 148
741.423076923, 190
742.0, 148
742.076923077, 159
742.423076923, 194
742.653846154, 194
743.0, 159
743.423076923, 194
743.653846154, 194
743.884615385, 194
744.423076923, 194
745.0, 148
745.076923077, 148
745.423076923, 194
746.0, 148
746.423076923, 194
747.0, 148
747.423076923, 194
748.0, 148
748.423076923, 194
748.653846154, 159
749.0, 159
749.076923077, 159
749.423076923, 194
750.0, 148
750.076923077, 148
750.423076923, 194
751.0, 148
751.423076923, 194
752.0, 148
752.423076923, 194
753.0, 148
753.423076923, 194
753.653846154, 159
754.0, 159
754.423076923, 194
755.0, 148
755.423076923, 194
755.653846154, 194
756.0, 159
756.423076923, 194
757.0, 148
757.076923077, 148
757.423076923, 194
757.653846154, 159
758.0, 100
758.423076923, 194
759.0, 100
759.423076923, 194
760.0, 100
760.423076923, 194
760.884615385, 194
761.0, 100
761.423076923, 194
761.653846154, 194
762.0, 100
762.423076923, 159
763.0, 100
763.423076923, 159
764.0, 100
764.423076923, 159
765.0, 100
765.423076923, 159
766.0, 100
766.423076923, 159
766.653846154, 159
767.0, 100
767.423076923, 159
768.0, 100
768.423076923, 159
769.0, 100
769.423076923, 159
770.0, 100
770.423076923, 159
770.653846154, 108
771.0, 100
771.423076923, 159
772.0, 100
772.423076923, 159
772.653846154, 108
773.0, 100
773.423076923, 159
774.0, 100
774.423076923, 159
775.0, 100
775.076923077, 100
775.423076923, 159
776.0, 100
776.076923077, 100
776.423076923, 159
777.0, 100
777.423076923, 159
777.653846154, 108
778.0, 100
778.423076923, 197
779.0, 100
779.076923077, 139
779.653846154, 108
780.0, 100
780.076923077, 100
780.423076923, 197
780.653846154, 197
781.0, 100
781.423076923, 197
782.076923077, 172
782.423076923, 195
783.0, 139
783.423076923, 195
784.0, 172
784.423076923, 195
785.0, 139
785.076923077, 139
785.423076923, 195
786.0, 139
786.423076923, 195
787.0, 139
787.076923077, 139
787.423076923, 195
788.0, 139
788.423076923, 195
789.0, 139
789.423076923, 195
790.0, 139
790.076923077, 139
790.423076923, 195
791.0, 139
791.423076923, 195
792.0, 172
792.423076923, 195
793.0, 172
793.423076923, 195
793.653846154, 195
794.0, 172
794.423076923, 195
795.0, 139
795.423076923, 195
796.0, 139
796.423076923, 195
797.0, 139
797.423076923, 195
798.0, 139
798.423076923, 195
799.0, 139
799.423076923, 195
800.0, 172
800.423076923, 195
801.0, 139
801.423076923, 195
802.0, 139
802.115384616, 172
802.423076923, 195
803.0, 108
803.423076923, 195
804.0, 172
804.423076923, 195
805.0, 172
805.423076923, 195
806.0, 108
806.423076923, 195
807.0, 108
807.423076923, 195
807.884615385, 195
808.423076923, 195
809.0, 108
809.423076923, 195
810.0, 157
810.423076923, 195
811.0, 157
811.423076923, 195
812.0, 108
812.423076923, 195
813.0, 108
813.423076923, 195
813.653846154, 195
814.0, 157
814.423076923, 195
815.0, 108
815.423076923, 195
815.653846154, 195
816.0, 157
816.423076923, 195
817.0, 157
817.423076923, 195
818.0, 108
818.423076923, 195
819.0, 108
819.423076923, 195
819.653846154, 195
820.0, 157
820.423076923, 195
821.0, 108
821.076923077, 108
821.423076923, 195
822.0, 157
822.423076923, 195
823.0, 176
823.423076923, 195
824.0, 108
824.076923077, 108
824.423076923, 195
825.0, 108
825.423076923, 195
826.0, 108
826.423076923, 195
827.0, 108
827.423076923, 195
828.0, 108
828.076923077, 108
829.0, 108
829.423076923, 195
829.653846154, 195
830.0, 161
830.423076923, 195
831.0, 161
831.423076923, 195
832.0, 108
832.423076923, 195
832.653846154, 188
833.0, 161
833.423076923, 188
834.0, 108
834.423076923, 188
834.653846154, 188
835.0, 161
835.423076923, 188
836.0, 108
836.423076923, 188
837.0, 108
837.115384616, 108
837.423076923, 109
838.0, 108
838.423076923, 188
839.0, 108
839.423076923, 188
840.0, 108
840.423076923, 188
840.653846154, 188
841.0, 161
841.423076923, 188
842.0, 161
842.423076923, 188
843.0, 133
843.423076923, 188
844.0, 133
844.423076923, 188
845.0, 133
845.423076923, 188
845.653846154, 188
846.0, 161
846.423076923, 188
847.0, 133
848.0, 133
849.0, 133
849.423076923, 188
850.0, 133
851.0, 133
851.423076923, 188
852.0, 161
852.423076923, 188
853.0, 133
853.423076923, 188
854.0, 133
855.0, 161
855.423076923, 188
856.0, 161
857.0, 161
857.423076923, 188
858.0, 161
858.423076923, 188
859.0, 161
859.423076923, 188
860.0, 161
860.423076923, 188
861.0, 161
861.423076923, 188
861.653846154, 188
862.0, 161
862.423076923, 188
865.653846154, 144
866.0, 107
866.653846154, 144
867.0, 107
867.653846154, 144
868.0, 107
868.653846154, 144
869.0, 96
869.423076923, 144
869.653846154, 144
869.884615385, 144
870.0, 96
870.423076923, 144
870.653846154, 144
871.0, 96
871.423076923, 144
871.653846154, 144
872.0, 96
872.423076923, 144
872.653846154, 144
873.0, 96
873.076923077, 96
873.423076923, 138
874.0, 96
874.423076923, 144
875.0, 96
875.423076923, 144
876.0, 96
876.076923077, 107
876.423076923, 144
877.0, 96
877.423076923, 138
878.0, 96
878.076923077, 96
878.423076923, 163
879.0, 96
879.423076923, 163
880.0, 96
880.423076923, 163
880.653846154, 163
880.884615385, 138
881.0, 96
881.423076923, 163
882.0, 96
882.423076923, 163
883.0, 96
883.653846154, 163
884.0, 96
884.653846154, 163
885.0, 96
885.423076923, 163
886.0, 96
886.423076923, 163
887.0, 96
887.423076923, 163
888.0, 96
888.076923077, 96
888.115384616, 96
888.423076923, 106
889.0, 96
889.076923077, 96
889.423076923, 106
890.0, 96
890.076923077, 107
890.653846154, 163
891.0, 96
891.423076923, 163
892.0, 96
892.423076923, 163
893.0, 96
893.115384616, 96
893.884615385, 138
894.0, 96
894.423076923, 163
895.0, 96
895.076923077, 96
895.884615385, 138
896.0, 96
896.423076923, 163
897.0, 96
897.423076923, 163
898.0, 96
898.076923077, 96
898.423076923, 138
899.0, 96
899.423076923, 163
899.653846154, 163
899.884615385, 163
900.423076923, 163
901.0, 96
901.076923077, 96
901.115384616, 96
902.0, 96
902.423076923, 163
903.0, 96
903.423076923, 163
904.0, 96
904.423076923, 163
905.0, 96
905.423076923, 163
906.0, 96
906.076923077, 96
906.423076923, 163
906.653846154, 163
907.0, 96
907.076923077, 96
907.423076923, 163
908.0, 96
908.423076923, 163
909.0, 96
909.423076923, 163
910.0, 96
910.423076923, 163
910.884615385, 139
911.0, 125
911.423076923, 168
912.0, 96
912.076923077, 125
912.423076923, 168
912.653846154, 168
913.0, 96
913.423076923, 168
913.653846154, 168
914.0, 96
914.423076923, 168
914.653846154, 168
914.884615385, 168
915.0, 96
915.423076923, 199
916.0, 96
916.076923077, 96
916.423076923, 168
917.0, 96
917.423076923, 199
918.0, 96
918.423076923, 199
919.0, 96
919.076923077, 125
919.423076923, 199
920.0, 125
920.423076923, 199
921.0, 125
921.423076923, 199
922.423076923, 199
923.0, 125
923.423076923, 199
924.0, 125
924.423076923, 199
925.0, 125
925.423076923, 168
926.423076923, 199
927.0, 125
927.423076923, 199
928.0, 125
928.423076923, 199
929.0, 125
929.423076923, 199
930.0, 125
930.423076923, 199
931.0, 125
931.423076923, 199
932.0, 108
932.423076923, 199
933.0, 108
933.076923077, 108
933.423076923, 168
934.0, 108
934.423076923, 199
935.0, 108
935.423076923, 199
936.0, 108
936.423076923, 199
937.0, 108
937.423076923, 199
938.0, 108
938.423076923, 199
939.423076923, 199
940.0, 108
940.423076923, 199
941.423076923, 199
942.0, 108
942.423076923, 199
943.423076923, 199
944.0, 108
944.423076923, 199
945.0, 108
945.423076923, 145
946.0, 108
946.076923077, 108
946.423076923, 145
947.0, 108
947.423076923, 145
948.0, 190
948.423076923, 199
949.0, 108
949.423076923, 199
950.0, 108
950.423076923, 199
951.0, 108
951.423076923, 199
951.653846154, 199
952.0, 190
952.423076923, 199
953.0, 108
953.423076923, 200
954.0, 108
954.423076923, 200
955.0, 190
955.076923077, 190
955.423076923, 200
956.0, 108
956.076923077, 108
956.423076923, 200
957.0, 190
957.076923077, 190
957.423076923, 200
958.0, 190
958.423076923, 200
959.0, 174
959.423076923, 200
960.0, 174
960.423076923, 200
960.653846154, 200
961.0, 190
961.423076923, 200
962.0, 174
962.423076923, 200
963.0, 174
963.115384616, 190
963.423076923, 200
964.0, 174
964.423076923, 200
965.0, 174
965.423076923, 200
966.0, 174
966.423076923, 193
966.653846154, 193
967.0, 190
967.423076923, 193
968.0, 174
968.423076923, 193
969.0, 174
969.423076923, 193
970.0, 174
971.0, 174
971.076923077, 190
971.423076923, 193
972.0, 129
972.423076923, 193
973.0, 129
973.423076923, 145
974.0, 129
974.423076923, 193
975.0, 129
975.076923077, 129
975.423076923, 145
976.0, 129
976.423076923, 192
977.0, 129
977.423076923, 196
977.653846154, 196
978.0, 190
978.423076923, 196
979.0, 129
979.423076923, 196
980.0, 129
980.076923077, 129
980.423076923, 196
981.0, 129
981.423076923, 196
982.0, 129
982.423076923, 196
983.0, 129
983.423076923, 196
983.653846154, 196
983.884615385, 196
984.423076923, 196
985.0, 129
985.423076923, 196
986.0, 129
986.423076923, 196
987.0, 129
987.423076923, 196
988.0, 129
988.423076923, 196
988.653846154, 196
989.0, 185
989.423076923, 196
990.0, 129
990.076923077, 129
990.423076923, 196
991.0, 129
991.423076923, 196
992.0, 124
992.423076923, 196
993.0, 124
993.423076923, 196
994.0, 124
994.423076923, 196
995.0, 124
995.423076923, 196
996.0, 124
996.076923077, 124
996.423076923, 196
996.653846154, 196
997.0, 124
997.423076923, 196
998.0, 124
998.076923077, 124
998.423076923, 196
999.0, 124
999.076923077, 124
