0.0, B00,B01,B02,B03,B04,B05,B06,B07,B08,B09,S00,S01,S02,S03,S04,S05,S06,S07,S08,S09,
160.00, -1, -1, -1, -1, -1, -1, -1, -1, -1, -1, -1, -1, -1, -1, 500, -1, -1, -1, -1, -1, 
160.05, -1, -1, -1, -1, -1, -1, -1, -1, -1, -1, -1, 498, -1, -1, 500, -1, -1, -1, -1, -1, 
160.10, -1, -1, -1, -1, -1, -1, -1, -1, -1, -1, -1, 498, -1, 496, 500, -1, -1, -1, -1, -1, 
160.15, -1, -1, -1, -1, -1, -1, -1, -1, -1, -1, -1, 498, -1, 496, 500, -1, -1, -1, 494, -1, 
160.20, 1, -1, -1, -1, -1, -1, -1, -1, -1, -1, -1, 498, -1, 496, 500, -1, -1, -1, 494, -1, 
160.25, 1, -1, -1, -1, -1, -1, -1, 3, -1, -1, -1, 498, -1, 496, 500, -1, -1, -1, 494, -1, 
160.30, 1, -1, -1, -1, -1, -1, -1, 3, -1, -1, -1, 498, 492, 496, 500, -1, -1, -1, 494, -1, 
160.35, 1, -1, -1, -1, -1, -1, 5, 3, -1, -1, -1, 498, 492, 496, 500, -1, -1, -1, 494, -1, 
160.40, 1, -1, -1, -1, -1, -1, 5, 3, -1, -1, -1, 498, 492, 496, 490, -1, -1, -1, 494, -1, 
160.45, 1, -1, -1, -1, -1, -1, 5, 3, -1, -1, -1, 488, 492, 496, 490, -1, -1, -1, 494, -1, 
160.50, 1, -1, -1, -1, -1, -1, 5, 3, -1, -1, -1, 488, 492, 496, 490, -1, -1, 486, 494, -1, 
160.55, 1, -1, -1, -1, -1, -1, 5, 3, -1, -1, -1, 488, 492, 496, 490, 484, -1, 486, 494, -1, 
160.60, 1, -1, -1, -1, -1, -1, 5, 3, -1, -1, -1, 488, 482, 496, 490, 484, -1, 486, 494, -1, 
160.65, 1, 7, -1, -1, -1, -1, 5, 3, -1, -1, -1, 488, 482, 496, 490, 484, -1, 486, 494, -1, 
160.70, 1, 7, -1, -1, -1, 9, 5, 3, -1, -1, -1, 488, 482, 496, 490, 484, -1, 486, 494, -1, 
160.75, 1, 7, -1, -1, 11, 9, 5, 3, -1, -1, -1, 488, 482, 496, 490, 484, -1, 486, 494, -1, 
160.80, 13, 7, -1, -1, 11, 9, 5, 3, -1, -1, -1, 488, 482, 496, 490, 484, -1, 486, 494, -1, 
160.85, 13, 15, -1, -1, 11, 9, 5, 3, -1, -1, -1, 488, 482, 496, 490, 484, -1, 486, 494, -1, 
160.90, 13, 15, -1, -1, 11, 9, 5, 3, -1, -1, -1, 488, 482, 496, 480, 484, -1, 486, 494, -1, 
160.95, 13, 15, -1, -1, 11, 9, 5, 3, 17, -1, -1, 488, 482, 496, 480, 484, -1, 486, 494, -1, 
161.00, 13, 15, -1, -1, 11, 9, 5, 3, 17, -1, 478, 488, 482, 496, 480, 484, -1, 486, 494, -1, 
161.05, 13, 15, -1, 19, 11, 9, 5, 3, 17, -1, 478, 488, 482, 496, 480, 484, -1, 486, 494, -1, 
161.10, 13, 15, -1, 19, 11, 9, 5, 3, 17, -1, 478, 488, 482, 496, 476, 484, -1, 486, 494, -1, 
161.15, 13, 15, -1, 19, 11, 9, 5, 21, 17, -1, 478, 488, 482, 496, 476, 484, -1, 486, 494, -1, 
161.20, 13, 15, -1, 19, 11, 9, 24, 21, 17, -1, 478, 488, 482, 496, 476, 484, -1, 486, 494, -1, 
161.25, 13, 15, -1, 19, 11, 9, 24, 21, 17, -1, 478, 488, 482, 496, 476, 473, -1, 486, 494, -1, 
161.30, 13, 15, -1, 19, 11, 9, 24, 21, 17, -1, 478, 488, 482, 496, 470, 473, -1, 486, 494, -1, 
161.35, 13, 15, -1, 19, 11, 9, 24, 21, 17, -1, 478, 488, 467, 496, 470, 473, -1, 486, 494, -1, 
161.40, 13, 15, -1, 19, 11, 9, 24, 21, 17, -1, 478, 464, 467, 496, 470, 473, -1, 486, 494, -1, 
161.45, 13, 15, -1, 19, 11, 27, 24, 21, 17, -1, 478, 464, 467, 496, 470, 473, -1, 486, 494, -1, 
161.50, 13, 15, -1, 19, 11, 27, 24, 21, 17, -1, 478, 464, 467, 496, 470, 473, 461, 486, 494, -1, 
161.55, 13, 15, -1, 19, 11, 27, 24, 21, 17, -1, 478, 464, 458, 496, 470, 473, 461, 486, 494, -1, 
161.60, 13, 15, -1, 19, 11, 27, 24, 21, 17, -1, 478, 455, 458, 496, 470, 473, 461, 486, 494, -1, 
161.65, 13, 15, -1, 19, 30, 27, 24, 21, 17, -1, 478, 455, 458, 496, 470, 473, 461, 486, 494, -1, 
161.70, 13, 15, -1, 19, 30, 27, 24, 33, 17, -1, 478, 455, 458, 496, 470, 473, 461, 486, 494, -1, 
161.75, 13, 15, -1, 19, 30, 27, 24, 33, 36, -1, 478, 455, 458, 496, 470, 473, 461, 486, 494, -1, 
161.80, 13, 15, -1, 19, 30, 27, 24, 33, 36, -1, 478, 455, 458, 496, 470, 473, 461, 486, 452, -1, 
161.85, 13, 15, -1, 19, 30, 27, 24, 33, 36, 39, 478, 455, 458, 496, 470, 473, 461, 486, 452, -1, 
161.90, 13, 15, -1, 19, 30, 27, 24, 33, 36, 39, 478, 455, 458, 496, 470, 473, 461, 486, 449, -1, 
161.95, 42, 15, -1, 19, 30, 27, 24, 33, 36, 39, 478, 455, 458, 496, 470, 473, 461, 486, 449, -1, 
162.00, 42, 15, -1, 45, 30, 27, 24, 33, 36, 39, 478, 455, 458, 496, 470, 473, 461, 486, 449, -1, 
162.05, 42, 15, -1, 45, 30, 27, 48, 33, 36, 39, 478, 455, 458, 496, 470, 473, 461, 486, 449, -1, 
162.10, 42, 15, -1, 45, 30, 27, 48, 33, 36, 51, 478, 455, 458, 496, 470, 473, 461, 486, 449, -1, 
162.15, 42, 15, -1, 45, 30, 27, 48, 54, 36, 51, 478, 455, 458, 496, 470, 473, 461, 486, 449, -1, 
162.20, 42, 15, -1, 45, 30, 27, 48, 54, 36, 51, 478, 455, 458, 496, 470, 473, 461, 486, 449, 446, 
162.25, 42, 15, -1, 45, 30, 27, 48, 54, 36, 51, 478, 455, 443, 496, 470, 473, 461, 486, 449, 446, 
162.30, 42, 15, 57, 45, 30, 27, 48, 54, 36, 51, 478, 455, 443, 496, 470, 473, 461, 486, 449, 446, 
162.35, 42, 15, 57, 45, 30, 27, 48, 54, 36, 51, 478, 455, 443, 440, 470, 473, 461, 486, 449, 446, 
162.40, 42, 15, 57, 45, 30, 27, 48, 54, 36, 51, 478, 455, 443, 440, 470, 437, 461, 486, 449, 446, 
162.45, 42, 15, 57, 45, 30, 27, 48, 54, 36, 60, 478, 455, 443, 440, 470, 437, 461, 486, 449, 446, 
162.50, 42, 15, 57, 45, 30, 27, 48, 54, 36, 60, 434, 455, 443, 440, 470, 437, 461, 486, 449, 446, 
162.55, 42, 15, 57, 45, 30, 27, 48, 54, 36, 60, 434, 455, 443, 440, 470, 437, 461, 431, 449, 446, 
162.60, 42, 15, 57, 45, 30, 27, 48, 54, 63, 60, 434, 455, 443, 440, 470, 437, 461, 431, 449, 446, 
162.65, 42, 15, 57, 45, 30, 27, 48, 54, 63, 60, 434, 455, 443, 440, 470, 437, 461, 431, 428, 446, 
162.70, 42, 15, 57, 45, 30, 27, 48, 54, 63, 60, 434, 455, 443, 440, 425, 437, 461, 431, 428, 446, 
162.75, 42, 15, 57, 45, 30, 66, 48, 54, 63, 60, 434, 455, 443, 440, 425, 437, 461, 431, 428, 446, 
162.80, 42, 15, 57, 45, 30, 66, 48, 69, 63, 60, 434, 455, 443, 440, 425, 437, 461, 431, 428, 446, 
162.85, 72, 15, 57, 45, 30, 66, 48, 69, 63, 60, 434, 455, 443, 440, 425, 437, 461, 431, 428, 446, 
162.90, 72, 15, 57, 45, 30, 75, 48, 69, 63, 60, 434, 455, 443, 440, 425, 437, 461, 431, 428, 446, 
162.95, 72, 15, 57, 45, 30, 75, 48, 69, 63, 60, 422, 455, 443, 440, 425, 437, 461, 431, 428, 446, 
163.00, 72, 15, 57, 45, 30, 75, 48, 69, 63, 60, 422, 419, 443, 440, 425, 437, 461, 431, 428, 446, 
163.05, 72, 15, 57, 45, 30, 75, 48, 69, 63, 60, 422, 419, 443, 440, 425, 437, 461, 431, 416, 446, 
163.10, 72, 15, 57, 45, 30, 75, 48, 69, 63, 78, 422, 419, 443, 440, 425, 437, 461, 431, 416, 446, 
163.15, 72, 15, 57, 45, 30, 75, 48, 69, 63, 78, 413, 419, 443, 440, 425, 437, 461, 431, 416, 446, 
163.20, 72, 15, 57, 45, 30, 81, 48, 69, 63, 78, 413, 419, 443, 440, 425, 437, 461, 431, 416, 446, 
163.25, 72, 15, 57, 84, 30, 81, 48, 69, 63, 78, 413, 419, 443, 440, 425, 437, 461, 431, 416, 446, 
163.30, 72, 15, 57, 84, 30, 81, 87, 69, 63, 78, 413, 419, 443, 440, 425, 437, 461, 431, 416, 446, 
163.35, 72, 15, 57, 84, 30, 81, 87, 69, 63, 78, 413, 419, 443, 440, 410, 437, 461, 431, 416, 446, 
163.40, 72, 15, 57, 84, 30, 81, 87, 69, 63, 78, 413, 419, 443, 440, 410, 437, 461, 431, 416, 407, 
163.45, 72, 15, 57, 84, 30, 81, 87, 69, 63, 78, 413, 419, 443, 440, 404, 437, 461, 431, 416, 407, 
163.50, 72, 15, 57, 84, 30, 81, 87, 69, 63, 78, 413, 419, 401, 440, 404, 437, 461, 431, 416, 407, 
163.55, 72, 15, 57, 84, 30, 81, 87, 69, 63, 78, 413, 419, 401, 440, 398, 437, 461, 431, 416, 407, 
163.60, 72, 15, 57, 84, 30, 81, 87, 69, 63, 78, 413, 419, 401, 440, 398, 437, 461, 395, 416, 407, 
163.65, 72, 15, 57, 84, 30, 81, 87, 90, 63, 78, 413, 419, 401, 440, 398, 437, 461, 395, 416, 407, 
163.70, 72, 93, 57, 84, 30, 81, 87, 90, 63, 78, 413, 419, 401, 440, 398, 437, 461, 395, 416, 407, 
163.75, 72, 93, 57, 84, 30, 81, 87, 90, 63, 78, 413, 419, 401, 392, 398, 437, 461, 395, 416, 407, 
163.80, 72, 93, 96, 84, 30, 81, 87, 90, 63, 78, 413, 419, 401, 392, 398, 437, 461, 395, 416, 407, 
163.85, 72, 99, 96, 84, 30, 81, 87, 90, 63, 78, 413, 419, 401, 392, 398, 437, 461, 395, 416, 407, 
163.90, 72, 99, 96, 84, 30, 81, 87, 90, 63, 78, 389, 419, 401, 392, 398, 437, 461, 395, 416, 407, 
163.95, 72, 99, 96, 84, 30, 81, 87, 90, 63, 78, 389, 419, 401, 392, 398, 437, 386, 395, 416, 407, 
164.00, 72, 99, 96, 84, 30, 81, 87, 90, 102, 78, 389, 419, 401, 392, 398, 437, 386, 395, 416, 407, 
164.05, 72, 99, 96, 84, 30, 81, 87, 90, 102, 78, 389, 419, 401, 392, 398, 437, 386, 395, 383, 407, 
164.10, 105, 99, 96, 84, 30, 81, 87, 90, 102, 78, 389, 419, 401, 392, 398, 437, 386, 395, 383, 407, 
164.15, 105, 99, 96, 84, 30, 81, 87, 108, 102, 78, 389, 419, 401, 392, 398, 437, 386, 395, 383, 407, 
164.20, 105, 99, 96, 84, 30, 81, 87, 108, 102, 78, 389, 419, 401, 392, 398, 437, 386, 380, 383, 407, 
164.25, 105, 99, 96, 84, 30, 81, 87, 108, 102, 78, 389, 377, 401, 392, 398, 437, 386, 380, 383, 407, 
164.30, 105, 99, 111, 84, 30, 81, 87, 108, 102, 78, 389, 377, 401, 392, 398, 437, 386, 380, 383, 407, 
164.35, 105, 99, 111, 84, 114, 81, 87, 108, 102, 78, 389, 377, 401, 392, 398, 437, 386, 380, 383, 407, 
164.40, 105, 99, 111, 84, 114, 81, 87, 108, 102, 78, 389, 377, 374, 392, 398, 437, 386, 380, 383, 407, 
164.45, 105, 99, 111, 84, 114, 81, 87, 108, 102, 78, 389, 377, 374, 392, 398, 437, 386, 371, 383, 407, 
164.50, 105, 99, 111, 84, 114, 81, 87, 108, 102, 78, 389, 377, 368, 392, 398, 437, 386, 371, 383, 407, 
164.55, 105, 99, 111, 84, 114, 81, 87, 108, 117, 78, 389, 377, 368, 392, 398, 437, 386, 371, 383, 407, 
164.60, 105, 99, 111, 84, 114, 81, 87, 108, 117, 78, 389, 365, 368, 392, 398, 437, 386, 371, 383, 407, 
164.65, 105, 99, 111, 84, 120, 81, 87, 108, 117, 78, 389, 365, 368, 392, 398, 437, 386, 371, 383, 407, 
164.70, 105, 99, 111, 84, 120, 81, 87, 108, 123, 78, 389, 365, 368, 392, 398, 437, 386, 371, 383, 407, 
164.75, 105, 99, 111, 84, 120, 81, 87, 108, 123, 78, 389, 365, 368, 392, 362, 437, 386, 371, 383, 407, 
164.80, 105, 99, 111, 84, 120, 81, 87, 108, 123, 78, 389, 359, 368, 392, 362, 437, 386, 371, 383, 407, 
164.85, 105, 99, 111, 84, 120, 81, 87, 108, 123, 78, 389, 359, 368, 392, 362, 437, 386, 356, 383, 407, 
164.90, 105, 99, 111, 84, 120, 81, 126, 108, 123, 78, 389, 359, 368, 392, 362, 437, 386, 356, 383, 407, 
164.95, 105, 99, 111, 84, 120, 81, 126, 108, 129, 78, 389, 359, 368, 392, 362, 437, 386, 356, 383, 407, 
165.00, 105, 99, 111, 84, 120, 81, 126, 108, 129, 78, 353, 359, 368, 392, 362, 437, 386, 356, 383, 407, 
165.05, 105, 99, 111, 84, 120, 81, 126, 108, 129, 78, 353, 359, 350, 392, 362, 437, 386, 356, 383, 407, 
165.10, 105, 99, 111, 84, 120, 81, 126, 108, 129, 78, 353, 359, 350, 347, 362, 437, 386, 356, 383, 407, 
165.15, 105, 99, 111, 84, 120, 81, 126, 108, 129, 78, 353, 359, 344, 347, 362, 437, 386, 356, 383, 407, 
165.20, 105, 99, 111, 84, 120, 81, 126, 108, 129, 78, 353, 359, 344, 347, 362, 437, 341, 356, 383, 407, 
165.25, 105, 99, 111, 84, 120, 81, 126, 108, 129, 78, 353, 359, 338, 347, 362, 437, 341, 356, 383, 407, 
165.30, 105, 99, 111, 84, 120, 81, 126, 108, 129, 78, 353, 335, 338, 347, 362, 437, 341, 356, 383, 407, 
165.35, 105, 99, 111, 84, 120, 81, 126, 108, 129, 78, 353, 335, 338, 347, 362, 437, 341, 356, 383, 332, 
165.40, 105, 99, 111, 84, 120, 81, 126, 108, 129, 132, 353, 335, 338, 347, 362, 437, 341, 356, 383, 332, 
165.45, 105, 99, 111, 84, 120, 81, 126, 108, 129, 132, 353, 335, 338, 347, 362, 329, 341, 356, 383, 332, 
165.50, 105, 99, 111, 84, 135, 81, 126, 108, 129, 132, 353, 335, 338, 347, 362, 329, 341, 356, 383, 332, 
165.55, 105, 99, 111, 138, 135, 81, 126, 108, 129, 132, 353, 335, 338, 347, 362, 329, 341, 356, 383, 332, 
165.60, 105, 99, 111, 138, 135, 81, 126, 108, 129, 132, 353, 335, 338, 326, 362, 329, 341, 356, 383, 332, 
165.65, 105, 99, 111, 138, 135, 81, 126, 108, 129, 132, 353, 335, 338, 326, 362, 329, 341, 356, 383, 323, 
165.70, 105, 99, 111, 138, 135, 81, 126, 108, 129, 132, 353, 335, 338, 326, 362, 329, 341, 356, 320, 323, 
165.75, 105, 99, 111, 138, 135, 81, 126, 141, 129, 132, 353, 335, 338, 326, 362, 329, 341, 356, 320, 323, 
165.80, 105, 99, 111, 138, 135, 81, 126, 141, 129, 132, 353, 335, 338, 326, 362, 317, 341, 356, 320, 323, 
165.85, 105, 99, 111, 138, 135, 81, 126, 141, 129, 132, 353, 335, 338, 326, 314, 317, 341, 356, 320, 323, 
165.90, 144, 99, 111, 138, 135, 81, 126, 141, 129, 132, 353, 335, 338, 326, 314, 317, 341, 356, 320, 323, 
165.95, 144, 99, 147, 138, 135, 81, 126, 141, 129, 132, 353, 335, 338, 326, 314, 317, 341, 356, 320, 323, 
166.00, 144, 99, 147, 138, 135, 81, 126, 141, 150, 132, 353, 335, 338, 326, 314, 317, 341, 356, 320, 323, 
166.05, 144, 99, 147, 138, 135, 81, 126, 141, 150, 132, 353, 335, 338, 311, 314, 317, 341, 356, 320, 323, 
166.10, 144, 99, 147, 138, 150.0, 81, 126, 141, 150, 132, 353, 335, 338, 311, 314, 317, 341, 356, 320, 323, 
166.15, 144, 99, 147, 138, 150.0, 81, 126, 141, 150, 132, 353, 335, 338, 311, 314, 317, 341, 356, 308, 323, 
166.20, 144, 99, 147, 138, 150.0, 81, 126, 141, 150, 132, 353, 335, 305, 311, 314, 317, 341, 356, 308, 323, 
166.25, 144, 99, 147, 138, 150.0, 81, 126, 141, 150, 132, 353, 335, 305, 311, 314, 317, 302, 356, 308, 323, 
166.30, 144, 99, 147, 138, 150.0, 81, 126, 141, 150, 132, 353, 299, 305, 311, 314, 317, 302, 356, 308, 323, 
166.35, 144, 99, 147, 138, 150.0, 81, 126, 141, 150, 132, 296, 299, 305, 311, 314, 317, 302, 356, 308, 323, 
166.40, 144, 99, 147, 138, 150.0, 81, 126, 141, 150, 132, 296, 299, 305, 311, 314, 317, 293, 356, 308, 323, 
166.45, 144, 99, 147, 138, 150.0, 81, 126, 141, 150, 132, 296, 299, 305, 311, 290, 317, 293, 356, 308, 323, 
166.50, 144, 99, 147, 138, 150.0, 81, 126, 141, 150.0, 132, 296, 299, 305, 311, 290, 317, 293, 356, 308, 323, 
166.55, 144, 150.0, 147, 138, 150.0, 81, 126, 141, 150.0, 132, 296, 299, 305, 311, 290, 317, 293, 356, 308, 323, 
166.60, 144, 150.0, 147, 138, 150.0, 81, 126, 141, 150.0, 132, 296, 299, 305, 311, 290, 317, 293, 356, 308, 323, 
166.65, 144, 150.0, 150.0, 138, 150.0, 81, 126, 141, 150.0, 132, 296, 299, 305, 311, 290, 317, 293, 356, 308, 323, 
166.70, 144, 150.0, 150.0, 138, 150.0, 150.0, 126, 141, 150.0, 132, 296, 299, 305, 311, 290, 317, 293, 356, 308, 323, 
166.75, 144, 150.0, 150.0, 138, 150.0, 150.0, 150.0, 141, 150.0, 132, 296, 299, 305, 311, 290, 317, 293, 356, 308, 323, 
166.80, 144, 150.0, 150.0, 138, 150.0, 150.0, 150.0, 141, 150.0, 150.0, 296, 299, 305, 311, 290, 317, 293, 356, 308, 323, 
166.85, 144, 150.0, 150.0, 150.0, 150.0, 150.0, 150.0, 141, 150.0, 150.0, 296, 299, 305, 311, 290, 317, 293, 356, 308, 323, 
166.90, 144, 150.0, 150.0, 150.0, 150.0, 150.0, 150.0, 141, 150.0, 150.0, 296, 299, 305, 311, 290, 317, 293, 356, 308, 323, 
166.95, 144, 150.0, 150.0, 150.0, 150.0, 150.0, 150.0, 141, 150.0, 150.0, 296, 299, 305, 287, 290, 317, 293, 356, 308, 323, 
167.00, 144, 150.0, 150.0, 150.0, 150.0, 150.0, 150.0, 141, 150.0, 150.0, 296, 299, 305, 287, 290, 317, 293, 356, 284, 323, 
167.05, 144, 150.0, 150.0, 150.0, 150.0, 150.0, 150.0, 141, 150.0, 150.0, 296, 299, 305, 287, 290, 317, 281, 356, 284, 323, 
167.10, 144, 150.0, 150.0, 150.0, 150.0, 150.0, 150.0, 141, 150.0, 150.0, 296, 299, 305, 287, 290, 278, 281, 356, 284, 323, 
167.15, 144, 150.0, 150.0, 150.0, 150.0, 150.0, 150.0, 141, 150.0, 150.0, 275, 299, 305, 287, 290, 278, 281, 356, 284, 323, 
167.20, 150.0, 150.0, 150.0, 150.0, 150.0, 150.0, 150.0, 141, 150.0, 150.0, 275, 299, 305, 287, 290, 278, 281, 356, 284, 323, 
167.25, 150.0, 150.0, 150.0, 150.0, 150.0, 150.0, 150.0, 141, 150.0, 150.0, 275, 299, 305, 287, 290, 278, 281, 356, 284, 323, 
167.30, 150.0, 150.0, 150.0, 150.0, 150.0, 150.0, 150.0, 141, 150.0, 150.0, 275, 299, 305, 287, 272, 278, 281, 356, 284, 323, 
167.35, 150.0, 150.0, 150.0, 150.0, 150.0, 150.0, 150.0, 150.0, 150.0, 150.0, 275, 299, 305, 287, 272, 278, 281, 356, 284, 323, 
167.40, 150.0, 150.0, 150.0, 150.0, 150.0, 150.0, 150.0, 150.0, 150.0, 150.0, 275, 299, 305, 287, 272, 278, 281, 356, 284, 323, 
167.45, 150.0, 150.0, 150.0, 150.0, 150.0, 150.0, 150.0, 150.0, 150.0, 150.0, 275, 299, 305, 287, 272, 278, 281, 356, 284, 323, 
167.50, 150.0, 150.0, 150.0, 150.0, 150.0, 150.0, 150.0, 150.0, 150.0, 150.0, 275, 299, 305, 287, 272, 278, 281, 356, 269, 323, 
167.55, 150.0, 150.0, 150.0, 150.0, 150.0, 150.0, 150.0, 150.0, 150.0, 150.0, 275, 299, 266, 287, 272, 278, 281, 356, 269, 323, 
167.60, 150.0, 150.0, 150.0, 150.0, 150.0, 150.0, 150.0, 150.0, 150.0, 150.0, 275, 299, 266, 287, 272, 278, 281, 263, 269, 323, 
167.65, 150.0, 150.0, 150.0, 150.0, 150.0, 150.0, 150.0, 150.0, 150.0, 150.0, 275, 299, 266, 287, 272, 278, 281, 263, 269, 260, 
167.70, 150.0, 150.0, 150.0, 150.0, 150.0, 150.0, 150.0, 150.0, 150.0, 150.0, 275, 299, 266, 287, 257, 278, 281, 263, 269, 260, 
167.75, 150.0, 150.0, 150.0, 150.0, 150.0, 150.0, 150.0, 150.0, 150.0, 150.0, 275, 299, 266, 287, 257, 278, 281, 263, 269, 260, 
167.80, 150.0, 150.0, 150.0, 150.0, 150.0, 150.0, 150.0, 150.0, 150.0, 150.0, 275, 299, 266, 287, 257, 278, 281, 263, 269, 260, 
167.85, 150.0, 150.0, 150.0, 150.0, 150.0, 150.0, 150.0, 150.0, 150.0, 150.0, 275, 299, 266, 287, 257, 278, 281, 263, 269, 260, 
167.90, 150.0, 150.0, 150.0, 150.0, 150.0, 150.0, 150.0, 150.0, 150.0, 150.0, 275, 299, 266, 287, 257, 278, 281, 263, 269, 260, 
167.95, 150.0, 150.0, 150.0, 150.0, 150.0, 150.0, 150.0, 150.0, 150.0, 150.0, 275, 299, 266, 287, 257, 278, 281, 263, 269, 260, 
168.00, 150.0, 150.0, 150.0, 150.0, 150.0, 150.0, 150.0, 150.0, 150.0, 150.0, 275, 299, 266, 287, 257, 278, 281, 263, 269, 260, 
168.05, 150.0, 150.0, 150.0, 150.0, 150.0, 150.0, 150.0, 150.0, 150.0, 150.0, 275, 299, 266, 287, 257, 278, 254, 263, 269, 260, 
168.10, 150.0, 150.0, 150.0, 150.0, 150.0, 150.0, 150.0, 150.0, 150.0, 150.0, 275, 299, 266, 287, 257, 278, 254, 251, 269, 260, 
168.15, 150.0, 150.0, 150.0, 150.0, 150.0, 150.0, 150.0, 150.0, 150.0, 150.0, 275, 299, 266, 287, 257, 278, 254, 251, 269, 260, 
168.20, 150.0, 150.0, 150.0, 150.0, 150.0, 150.0, 150.0, 150.0, 150.0, 150.0, 275, 299, 266, 287, 257, 248, 254, 251, 269, 260, 
168.25, 150.0, 150.0, 150.0, 150.0, 150.0, 150.0, 150.0, 150.0, 150.0, 150.0, 275, 245, 266, 287, 257, 248, 254, 251, 269, 260, 
168.30, 150.0, 150.0, 150.0, 150.0, 150.0, 150.0, 150.0, 150.0, 150.0, 150.0, 275, 245, 266, 287, 257, 248, 254, 251, 269, 260, 
168.35, 150.0, 150.0, 150.0, 150.0, 150.0, 150.0, 150.0, 150.0, 150.0, 150.0, 275, 245, 266, 287, 257, 248, 254, 251, 269, 260, 
168.40, 150.0, 150.0, 150.0, 150.0, 150.0, 150.0, 150.0, 150.0, 150.0, 150.0, 275, 245, 266, 287, 242, 248, 254, 251, 269, 260, 
168.45, 150.0, 150.0, 150.0, 150.0, 150.0, 150.0, 150.0, 150.0, 150.0, 150.0, 275, 245, 266, 287, 242, 248, 254, 251, 269, 260, 
168.50, 150.0, 150.0, 150.0, 150.0, 150.0, 150.0, 150.0, 150.0, 150.0, 150.0, 275, 245, 266, 287, 242, 248, 254, 251, 269, 260, 
168.55, 150.0, 150.0, 150.0, 150.0, 150.0, 150.0, 150.0, 150.0, 150.0, 150.0, 275, 245, 266, 287, 242, 248, 254, 251, 269, 260, 
168.60, 150.0, 150.0, 150.0, 150.0, 150.0, 150.0, 150.0, 150.0, 150.0, 150.0, 275, 245, 266, 239, 242, 248, 254, 251, 269, 260, 
168.65, 150.0, 150.0, 150.0, 150.0, 150.0, 150.0, 150.0, 150.0, 150.0, 150.0, 275, 236, 266, 239, 242, 248, 254, 251, 269, 260, 
168.70, 150.0, 150.0, 150.0, 150.0, 150.0, 150.0, 150.0, 150.0, 150.0, 150.0, 275, 236, 266, 239, 242, 248, 254, 251, 269, 233, 
168.75, 150.0, 150.0, 150.0, 150.0, 150.0, 150.0, 150.0, 150.0, 150.0, 150.0, 275, 236, 266, 239, 242, 248, 254, 251, 269, 233, 
168.80, 150.0, 150.0, 150.0, 150.0, 150.0, 150.0, 150.0, 150.0, 150.0, 150.0, 275, 230, 266, 239, 242, 248, 254, 251, 269, 233, 
168.85, 150.0, 150.0, 150.0, 150.0, 150.0, 150.0, 150.0, 150.0, 150.0, 150.0, 275, 230, 266, 239, 242, 248, 254, 251, 269, 233, 
168.90, 150.0, 150.0, 150.0, 150.0, 150.0, 150.0, 150.0, 150.0, 150.0, 150.0, 275, 230, 266, 239, 242, 248, 254, 227, 269, 233, 
168.95, 150.0, 150.0, 150.0, 150.0, 150.0, 150.0, 150.0, 150.0, 150.0, 150.0, 275, 230, 266, 239, 242, 248, 254, 227, 269, 233, 
169.00, 150.0, 150.0, 150.0, 150.0, 150.0, 150.0, 150.0, 150.0, 150.0, 150.0, 275, 230, 266, 224, 242, 248, 254, 227, 269, 233, 
169.05, 150.0, 150.0, 150.0, 150.0, 150.0, 150.0, 150.0, 150.0, 150.0, 150.0, 275, 230, 266, 224, 242, 248, 254, 227, 269, 233, 
169.10, 150.0, 150.0, 150.0, 150.0, 150.0, 150.0, 150.0, 150.0, 150.0, 150.0, 275, 230, 266, 224, 242, 248, 254, 227, 269, 233, 
169.15, 150.0, 150.0, 150.0, 150.0, 150.0, 150.0, 150.0, 150.0, 150.0, 150.0, 221, 230, 266, 224, 242, 248, 254, 227, 269, 233, 
169.20, 150.0, 150.0, 150.0, 150.0, 150.0, 150.0, 150.0, 150.0, 150.0, 150.0, 221, 230, 266, 224, 242, 248, 254, 227, 269, 233, 
169.25, 150.0, 150.0, 150.0, 150.0, 150.0, 150.0, 150.0, 150.0, 150.0, 150.0, 221, 230, 266, 224, 242, 248, 218, 227, 269, 233, 
169.30, 150.0, 150.0, 150.0, 150.0, 150.0, 150.0, 150.0, 150.0, 150.0, 150.0, 221, 230, 266, 224, 242, 248, 218, 227, 269, 233, 
169.35, 150.0, 150.0, 150.0, 150.0, 150.0, 150.0, 150.0, 150.0, 150.0, 150.0, 221, 230, 266, 224, 242, 248, 218, 215, 269, 233, 
169.40, 150.0, 150.0, 150.0, 150.0, 150.0, 150.0, 150.0, 150.0, 150.0, 150.0, 221, 230, 266, 224, 242, 248, 218, 215, 269, 233, 
169.45, 150.0, 150.0, 150.0, 150.0, 150.0, 150.0, 150.0, 150.0, 150.0, 150.0, 221, 230, 266, 224, 242, 248, 212, 215, 269, 233, 
169.50, 150.0, 150.0, 150.0, 150.0, 150.0, 150.0, 150.0, 150.0, 150.0, 150.0, 221, 230, 266, 224, 242, 248, 212, 215, 269, 233, 
169.55, 150.0, 150.0, 150.0, 150.0, 150.0, 150.0, 150.0, 150.0, 150.0, 150.0, 221, 230, 266, 224, 242, 248, 212, 215, 269, 233, 
169.60, 150.0, 150.0, 150.0, 150.0, 150.0, 150.0, 150.0, 150.0, 150.0, 150.0, 221, 230, 266, 224, 242, 248, 212, 215, 269, 233, 
169.65, 150.0, 150.0, 150.0, 150.0, 150.0, 150.0, 150.0, 150.0, 150.0, 150.0, 221, 230, 266, 224, 242, 248, 212, 215, 269, 233, 
169.70, 150.0, 150.0, 150.0, 150.0, 150.0, 150.0, 150.0, 150.0, 150.0, 150.0, 221, 230, 266, 224, 242, 248, 212, 215, 269, 233, 
169.75, 150.0, 150.0, 150.0, 150.0, 150.0, 150.0, 150.0, 150.0, 150.0, 150.0, 221, 230, 209, 224, 242, 248, 212, 215, 269, 233, 
169.80, 150.0, 150.0, 150.0, 150.0, 150.0, 150.0, 150.0, 150.0, 150.0, 150.0, 221, 230, 209, 224, 206, 248, 212, 215, 269, 233, 
169.85, 150.0, 150.0, 150.0, 150.0, 150.0, 150.0, 150.0, 150.0, 150.0, 150.0, 221, 230, 209, 224, 206, 248, 212, 203, 269, 233, 
169.90, 150.0, 150.0, 150.0, 150.0, 150.0, 150.0, 150.0, 150.0, 150.0, 150.0, 221, 230, 209, 224, 206, 248, 212, 203, 269, 200, 
169.95, 150.0, 150.0, 150.0, 150.0, 150.0, 150.0, 150.0, 150.0, 150.0, 150.0, 197, 230, 209, 224, 206, 248, 212, 203, 269, 200, 
170.00, 150.0, 150.0, 150.0, 150.0, 150.0, 150.0, 150.0, 150.0, 150.0, 150.0, 197, 230, 194, 224, 206, 248, 212, 203, 269, 200, 
170.05, 150.0, 150.0, 150.0, 150.0, 150.0, 150.0, 150.0, 150.0, 150.0, 150.0, 197, 230, 194, 224, 206, 248, 212, 203, 269, 200, 
170.10, 150.0, 150.0, 150.0, 150.0, 150.0, 150.0, 150.0, 150.0, 150.0, 150.0, 197, 230, 194, 224, 206, 248, 212, 203, 269, 200, 
170.15, 150.0, 150.0, 150.0, 150.0, 150.0, 150.0, 150.0, 150.0, 150.0, 150.0, 197, 230, 194, 224, 206, 248, 212, 191, 269, 200, 
170.20, 150.0, 150.0, 150.0, 150.0, 150.0, 150.0, 150.0, 150.0, 150.0, 150.0, 197, 230, 194, 224, 206, 248, 212, 191, 188, 200, 
170.25, 150.0, 150.0, 150.0, 150.0, 150.0, 150.0, 150.0, 150.0, 150.0, 150.0, 197, 230, 194, 224, 206, 248, 212, 191, 188, 200, 
170.30, 150.0, 150.0, 150.0, 150.0, 150.0, 150.0, 150.0, 150.0, 150.0, 150.0, 197, 230, 194, 224, 206, 248, 212, 191, 188, 200, 
170.35, 150.0, 150.0, 150.0, 150.0, 150.0, 150.0, 150.0, 150.0, 150.0, 150.0, 197, 230, 194, 224, 206, 248, 212, 191, 188, 200, 
170.40, 150.0, 150.0, 150.0, 150.0, 150.0, 150.0, 150.0, 150.0, 150.0, 150.0, 197, 230, 194, 224, 206, 248, 212, 191, 185, 200, 
170.45, 150.0, 150.0, 150.0, 150.0, 150.0, 150.0, 150.0, 150.0, 150.0, 150.0, 197, 230, 194, 224, 206, 248, 212, 191, 185, 200, 
170.50, 150.0, 150.0, 150.0, 150.0, 150.0, 150.0, 150.0, 150.0, 150.0, 150.0, 197, 230, 194, 224, 206, 248, 212, 191, 185, 200, 
170.55, 150.0, 150.0, 150.0, 150.0, 150.0, 150.0, 150.0, 150.0, 150.0, 150.0, 197, 230, 182, 224, 206, 248, 212, 191, 185, 200, 
170.60, 150.0, 150.0, 150.0, 150.0, 150.0, 150.0, 150.0, 150.0, 150.0, 150.0, 197, 230, 182, 224, 206, 248, 212, 191, 185, 200, 
170.65, 150.0, 150.0, 150.0, 150.0, 150.0, 150.0, 150.0, 150.0, 150.0, 150.0, 197, 230, 182, 224, 206, 248, 212, 191, 185, 200, 
170.70, 150.0, 150.0, 150.0, 150.0, 150.0, 150.0, 150.0, 150.0, 150.0, 150.0, 197, 230, 182, 224, 206, 248, 212, 191, 185, 200, 
170.75, 150.0, 150.0, 150.0, 150.0, 150.0, 150.0, 150.0, 150.0, 150.0, 150.0, 197, 230, 182, 224, 206, 248, 212, 191, 185, 200, 
170.80, 150.0, 150.0, 150.0, 150.0, 150.0, 150.0, 150.0, 150.0, 150.0, 150.0, 197, 230, 182, 224, 206, 248, 212, 191, 179, 200, 
170.85, 150.0, 150.0, 150.0, 150.0, 150.0, 150.0, 150.0, 150.0, 150.0, 150.0, 197, 230, 182, 224, 206, 248, 212, 191, 179, 200, 
170.90, 150.0, 150.0, 150.0, 150.0, 150.0, 150.0, 150.0, 150.0, 150.0, 150.0, 197, 230, 176, 224, 206, 248, 212, 191, 179, 200, 
170.95, 150.0, 150.0, 150.0, 150.0, 150.0, 150.0, 150.0, 150.0, 150.0, 150.0, 197, 230, 176, 224, 206, 248, 212, 191, 179, 200, 
171.00, 150.0, 150.0, 150.0, 150.0, 150.0, 150.0, 150.0, 150.0, 150.0, 150.0, 197, 230, 176, 224, 206, 248, 212, 191, 179, 200, 
171.05, 150.0, 150.0, 150.0, 150.0, 150.0, 150.0, 150.0, 150.0, 150.0, 150.0, 197, 230, 176, 224, 206, 248, 212, 191, 179, 200, 
171.10, 150.0, 150.0, 150.0, 150.0, 150.0, 150.0, 150.0, 150.0, 150.0, 150.0, 197, 230, 176, 224, 206, 248, 212, 191, 179, 200, 
171.15, 150.0, 150.0, 150.0, 150.0, 150.0, 150.0, 150.0, 150.0, 150.0, 150.0, 197, 230, 176, 224, 206, 248, 212, 191, 179, 200, 
171.20, 150.0, 150.0, 150.0, 150.0, 150.0, 150.0, 150.0, 150.0, 150.0, 150.0, 197, 230, 176, 224, 172, 248, 212, 191, 179, 200, 
171.25, 150.0, 150.0, 150.0, 150.0, 150.0, 150.0, 150.0, 150.0, 150.0, 150.0, 197, 230, 176, 224, 172, 248, 212, 191, 179, 200, 
171.30, 150.0, 150.0, 150.0, 150.0, 150.0, 150.0, 150.0, 150.0, 150.0, 150.0, 197, 230, 176, 224, 172, 248, 212, 191, 179, 200, 
171.35, 150.0, 150.0, 150.0, 150.0, 150.0, 150.0, 150.0, 150.0, 150.0, 150.0, 197, 230, 176, 224, 172, 248, 212, 191, 179, 200, 
171.40, 150.0, 150.0, 150.0, 150.0, 150.0, 150.0, 150.0, 150.0, 150.0, 150.0, 197, 230, 176, 224, 168, 248, 212, 191, 179, 200, 
171.45, 150.0, 150.0, 150.0, 150.0, 150.0, 150.0, 150.0, 150.0, 150.0, 150.0, 197, 230, 176, 224, 168, 248, 212, 191, 179, 200, 
171.50, 150.0, 150.0, 150.0, 150.0, 150.0, 150.0, 150.0, 150.0, 150.0, 150.0, 197, 230, 176, 224, 168, 248, 212, 191, 179, 164, 
171.55, 150.0, 150.0, 150.0, 150.0, 150.0, 150.0, 150.0, 150.0, 150.0, 150.0, 197, 230, 176, 224, 168, 248, 212, 191, 179, 164, 
171.60, 150.0, 150.0, 150.0, 150.0, 150.0, 150.0, 150.0, 150.0, 150.0, 150.0, 197, 230, 176, 224, 168, 248, 212, 160, 179, 164, 
171.65, 150.0, 150.0, 150.0, 150.0, 150.0, 150.0, 150.0, 150.0, 150.0, 150.0, 197, 230, 176, 224, 168, 248, 212, 160, 179, 156, 
171.70, 150.0, 150.0, 150.0, 150.0, 150.0, 150.0, 150.0, 150.0, 150.0, 150.0, 197, 230, 176, 224, 152, 248, 212, 160, 179, 156, 
171.75, 150.0, 150.0, 150.0, 150.0, 150.0, 150.0, 150.0, 150.0, 150.0, 150.0, 197, 230, 176, 224, 152, 248, 148, 160, 179, 156, 
171.80, 150.0, 150.0, 150.0, 150.0, 150.0, 150.0, 150.0, 150.0, 150.0, 150.0, 197, 230, 176, 224, 152, 248, 148, 160, 179, 156, 
171.85, 150.0, 150.0, 150.0, 150.0, 150.0, 150.0, 150.0, 150.0, 150.0, 150.0, 197, 230, 176, 224, 148, 248, 148, 160, 179, 156, 
171.90, 150.0, 150.0, 150.0, 150.0, 150.0, 150.0, 150.0, 150.0, 150.0, 150.0, 197, 152, 176, 224, 148, 248, 148, 160, 179, 156, 
172.00, 150.0, 150.0, 150.0, 150.0, 150.0, 150.0, 150.0, 150.0, 150.0, 150.0, 197, 152, 176, 224, 148, 148, 148, 160, 179, 156, 
172.05, 150.0, 150.0, 150.0, 150.0, 150.0, 150.0, 150.0, 150.0, 150.0, 150.0, 197, 152, 176, 224, 148, 148, 148, 160, 179, 156, 
172.20, 150.0, 150.0, 150.0, 150.0, 150.0, 150.0, 150.0, 150.0, 150.0, 150.0, 197, 152, 176, 224, 148, 148, 148, 160, 179, 156, 
172.25, 150.0, 150.0, 150.0, 150.0, 150.0, 150.0, 150.0, 150.0, 150.0, 150.0, 197, 152, 148, 224, 148, 148, 148, 160, 179, 156, 
172.35, 150.0, 150.0, 150.0, 150.0, 150.0, 150.0, 150.0, 150.0, 150.0, 150.0, 148, 152, 148, 224, 148, 148, 148, 160, 179, 156, 
172.40, 150.0, 150.0, 150.0, 150.0, 150.0, 150.0, 150.0, 150.0, 150.0, 150.0, 148, 152, 148, 224, 148, 148, 148, 160, 179, 156, 
172.45, 150.0, 150.0, 150.0, 150.0, 150.0, 150.0, 150.0, 150.0, 150.0, 150.0, 148, 152, 148, 224, 148, 148, 148, 160, 179, 156, 
172.50, 150.0, 150.0, 150.0, 150.0, 150.0, 150.0, 150.0, 150.0, 150.0, 150.0, 148, 152, 148, 224, 148, 148, 148, 148, 179, 156, 
172.55, 150.0, 150.0, 150.0, 150.0, 150.0, 150.0, 150.0, 150.0, 150.0, 150.0, 148, 152, 148, 224, 148, 148, 148, 148, 179, 156, 
172.65, 150.0, 150.0, 150.0, 150.0, 150.0, 150.0, 150.0, 150.0, 150.0, 150.0, 148, 152, 148, 224, 148, 148, 148, 148, 179, 148, 
172.75, 150.0, 150.0, 150.0, 150.0, 150.0, 150.0, 150.0, 150.0, 150.0, 150.0, 148, 152, 148, 224, 148, 148, 148, 148, 179, 148, 
172.80, 150.0, 150.0, 150.0, 150.0, 150.0, 150.0, 150.0, 150.0, 150.0, 150.0, 148, 148, 148, 224, 148, 148, 148, 148, 179, 148, 
173.15, 150.0, 150.0, 150.0, 150.0, 150.0, 150.0, 150.0, 150.0, 150.0, 150.0, 148, 148, 148, 224, 148, 148, 148, 148, 179, 148, 
173.20, 150.0, 150.0, 150.0, 150.0, 150.0, 150.0, 150.0, 150.0, 150.0, 150.0, 148, 148, 148, 224, 148, 148, 148, 148, 175, 148, 
173.40, 150.0, 150.0, 150.0, 150.0, 150.0, 150.0, 150.0, 150.0, 150.0, 150.0, 148, 148, 148, 224, 148, 148, 148, 148, 175, 148, 
173.45, 150.0, 150.0, 150.0, 150.0, 150.0, 150.0, 150.0, 150.0, 150.0, 150.0, 148, 148, 148, 224, 148, 148, 148, 148, 175, 148, 
173.55, 150.0, 150.0, 150.0, 150.0, 150.0, 150.0, 150.0, 150.0, 150.0, 150.0, 148, 148, 148, 224, 148, 148, 148, 148, 175, 148, 
173.75, 150.0, 150.0, 150.0, 150.0, 150.0, 150.0, 150.0, 150.0, 150.0, 150.0, 148, 148, 148, 224, 148, 148, 148, 148, 171, 148, 
173.95, 150.0, 150.0, 150.0, 150.0, 150.0, 150.0, 150.0, 150.0, 150.0, 150.0, 148, 148, 148, 224, 148, 148, 148, 148, 171, 148, 
174.05, 150.0, 150.0, 150.0, 150.0, 150.0, 150.0, 150.0, 150.0, 150.0, 150.0, 148, 148, 148, 224, 148, 148, 148, 148, 171, 148, 
174.45, 150.0, 150.0, 150.0, 150.0, 150.0, 150.0, 150.0, 150.0, 150.0, 150.0, 148, 148, 148, 167, 148, 148, 148, 148, 171, 148, 
174.50, 150.0, 150.0, 150.0, 150.0, 150.0, 150.0, 150.0, 150.0, 150.0, 150.0, 148, 148, 148, 167, 148, 148, 148, 148, 171, 148, 
174.65, 150.0, 150.0, 150.0, 150.0, 150.0, 150.0, 150.0, 150.0, 150.0, 150.0, 148, 148, 148, 167, 148, 148, 148, 148, 163, 148, 
174.70, 150.0, 150.0, 150.0, 150.0, 150.0, 150.0, 150.0, 150.0, 150.0, 150.0, 148, 148, 148, 167, 148, 148, 148, 148, 163, 148, 
175.10, 150.0, 150.0, 150.0, 150.0, 150.0, 150.0, 150.0, 150.0, 150.0, 150.0, 148, 148, 148, 167, 148, 148, 148, 148, 163, 148, 
175.15, 150.0, 150.0, 150.0, 150.0, 150.0, 150.0, 150.0, 150.0, 150.0, 150.0, 148, 159, 148, 167, 148, 148, 148, 148, 163, 148, 
175.25, 150.0, 150.0, 150.0, 150.0, 150.0, 150.0, 150.0, 150.0, 150.0, 150.0, 148, 159, 148, 167, 148, 148, 148, 148, 163, 148, 
175.30, 150.0, 150.0, 150.0, 150.0, 150.0, 150.0, 150.0, 150.0, 150.0, 150.0, 148, 159, 148, 167, 148, 148, 148, 148, 163, 148, 
175.40, 150.0, 150.0, 150.0, 150.0, 150.0, 150.0, 150.0, 150.0, 150.0, 150.0, 148, 159, 148, 167, 148, 148, 148, 148, 163, 148, 
175.45, 150.0, 150.0, 150.0, 150.0, 150.0, 150.0, 150.0, 150.0, 150.0, 150.0, 148, 159, 148, 167, 148, 148, 148, 148, 163, 148, 
175.70, 150.0, 150.0, 150.0, 150.0, 150.0, 150.0, 150.0, 150.0, 150.0, 150.0, 148, 159, 148, 167, 148, 148, 148, 148, 163, 148, 
175.75, 150.0, 150.0, 150.0, 150.0, 150.0, 150.0, 150.0, 150.0, 150.0, 150.0, 148, 159, 148, 155, 148, 148, 148, 148, 163, 148, 
175.85, 150.0, 150.0, 150.0, 150.0, 150.0, 150.0, 150.0, 150.0, 150.0, 150.0, 148, 159, 148, 155, 151, 148, 148, 148, 163, 148, 
175.95, 150.0, 150.0, 150.0, 150.0, 150.0, 150.0, 150.0, 150.0, 150.0, 150.0, 148, 159, 148, 147, 151, 148, 148, 148, 163, 148, 
176.10, 150.0, 150.0, 150.0, 150.0, 150.0, 150.0, 150.0, 150.0, 150.0, 150.0, 148, 159, 148, 147, 151, 148, 148, 148, 163, 148, 
176.15, 150.0, 150.0, 150.0, 150.0, 150.0, 150.0, 150.0, 150.0, 150.0, 150.0, 148, 159, 148, 147, 147, 148, 148, 148, 163, 148, 
176.20, 150.0, 150.0, 150.0, 150.0, 150.0, 150.0, 150.0, 150.0, 150.0, 150.0, 155, 159, 148, 147, 147, 148, 148, 148, 163, 148, 
176.40, 150.0, 150.0, 150.0, 150.0, 150.0, 150.0, 150.0, 150.0, 150.0, 150.0, 155, 159, 148, 147, 147, 148, 148, 148, 163, 148, 
176.85, 150.0, 150.0, 150.0, 150.0, 150.0, 150.0, 150.0, 150.0, 150.0, 150.0, 155, 159, 148, 147, 147, 148, 148, 148, 163, 148, 
176.90, 150.0, 150.0, 150.0, 150.0, 150.0, 150.0, 150.0, 150.0, 150.0, 150.0, 155, 159, 148, 147, 147, 148, 148, 148, 151, 148, 
177.00, 150.0, 150.0, 150.0, 150.0, 150.0, 150.0, 150.0, 150.0, 150.0, 150.0, 155, 159, 148, 147, 147, 148, 148, 148, 151, 148, 
177.15, 150.0, 150.0, 150.0, 150.0, 150.0, 150.0, 150.0, 150.0, 150.0, 150.0, 155, 147, 148, 147, 147, 148, 148, 148, 151, 148, 
177.30, 150.0, 150.0, 150.0, 150.0, 150.0, 150.0, 150.0, 150.0, 150.0, 150.0, 146, 147, 148, 147, 147, 148, 148, 148, 151, 148, 
177.50, 150.0, 150.0, 150.0, 150.0, 150.0, 150.0, 150.0, 150.0, 150.0, 150.0, 146, 147, 148, 147, 147, 148, 148, 148, 141, 148, 
177.80, 1, 150.0, 150.0, 150.0, 150.0, 150.0, 150.0, 150.0, 150.0, 150.0, 146, 147, 148, 147, 147, 148, 148, 148, 141, 148, 
178.40, 1, 150.0, 150.0, 150.0, 150.0, 150.0, 150.0, 150.0, 150.0, 150.0, 146, 147, 148, 147, 147, 148, 148, 148, 136, 148, 
178.70, 1, 150.0, 150.0, 150.0, 150.0, 150.0, 150.0, 150.0, 150.0, 150.0, 131, 147, 148, 147, 147, 148, 148, 148, 136, 148, 
178.75, 1, 150.0, 150.0, 150.0, 150.0, 6, 150.0, 150.0, 150.0, 150.0, 131, 147, 148, 147, 147, 148, 148, 148, 136, 148, 
178.85, 1, 150.0, 150.0, 150.0, 150.0, 11, 150.0, 150.0, 150.0, 150.0, 131, 147, 148, 147, 147, 148, 148, 148, 136, 148, 
179.05, 1, 150.0, 150.0, 150.0, 150.0, 11, 150.0, 150.0, 150.0, 150.0, 131, 147, 148, 147, 147, 148, 148, 148, 126, 148, 
179.10, 16, 150.0, 150.0, 150.0, 150.0, 11, 150.0, 150.0, 150.0, 150.0, 131, 147, 148, 147, 147, 148, 148, 148, 126, 148, 
179.30, 16, 150.0, 150.0, 150.0, 150.0, 21, 150.0, 150.0, 150.0, 150.0, 131, 147, 148, 147, 147, 148, 148, 148, 126, 148, 
179.85, 16, 150.0, 150.0, 150.0, 150.0, 26, 150.0, 150.0, 150.0, 150.0, 131, 147, 148, 147, 147, 148, 148, 148, 126, 148, 
180.00, 31, 150.0, 150.0, 150.0, 150.0, 26, 150.0, 150.0, 150.0, 150.0, 131, 147, 148, 147, 147, 148, 148, 148, 126, 148, 
180.05, 31, 150.0, 150.0, 36, 150.0, 26, 150.0, 150.0, 150.0, 150.0, 131, 147, 148, 147, 147, 148, 148, 148, 126, 148, 
180.10, 31, 150.0, 150.0, 36, 150.0, 26, 150.0, 150.0, 150.0, 150.0, 121, 147, 148, 147, 147, 148, 148, 148, 126, 148, 
180.30, 31, 150.0, 150.0, 36, 150.0, 26, 150.0, 150.0, 150.0, 150.0, 116, 147, 148, 147, 147, 148, 148, 148, 126, 148, 
180.40, 31, 150.0, 150.0, 36, 150.0, 41, 150.0, 150.0, 150.0, 150.0, 116, 147, 148, 147, 147, 148, 148, 148, 126, 148, 
180.70, 31, 150.0, 150.0, 36, 150.0, 41, 150.0, 150.0, 150.0, 150.0, 116, 147, 111, 147, 147, 148, 148, 148, 126, 148, 
180.90, 31, 150.0, 150.0, 36, 150.0, 41, 150.0, 150.0, 150.0, 150.0, 116, 147, 111, 147, 147, 148, 148, 148, 126, 106, 
181.15, 31, 150.0, 150.0, 36, 150.0, 41, 150.0, 150.0, 150.0, 150.0, 116, 147, 111, 147, 147, 148, 148, 148, 101, 106, 
181.20, 31, 150.0, 150.0, 36, 150.0, 41, 150.0, 150.0, 150.0, 150.0, 116, 147, 111, 147, 147, 148, 148, 148, 101, 95, 
181.25, 31, 150.0, 150.0, 36, 150.0, 41, 150.0, 150.0, 150.0, 150.0, 116, 147, 111, 147, 147, 148, 148, 89, 101, 95, 
181.35, 31, 150.0, 150.0, 36, 150.0, 41, 150.0, 150.0, 150.0, 150.0, 116, 147, 111, 147, 147, 148, 148, 89, 83, 95, 
181.45, 31, 150.0, 150.0, 47, 150.0, 41, 150.0, 150.0, 150.0, 150.0, 116, 147, 111, 147, 147, 148, 148, 89, 83, 95, 
181.50, 31, 150.0, 150.0, 47, 150.0, 53, 150.0, 150.0, 150.0, 150.0, 116, 147, 111, 147, 147, 148, 148, 89, 83, 95, 
181.55, 31, 150.0, 150.0, 59, 150.0, 53, 150.0, 150.0, 150.0, 150.0, 116, 147, 111, 147, 147, 148, 148, 89, 83, 95, 
181.65, 65, 150.0, 150.0, 59, 150.0, 53, 150.0, 150.0, 150.0, 150.0, 116, 147, 111, 147, 147, 148, 148, 89, 83, 95, 
181.80, 65, 150.0, 150.0, 59, 150.0, 53, 150.0, 150.0, 150.0, 150.0, 116, 147, 111, 147, 147, 148, 148, 89, 83, 77, 
181.90, 65, 150.0, 150.0, 59, 150.0, 53, 150.0, 150.0, 150.0, 150.0, 116, 147, 111, 147, 147, 148, 148, 89, 83, 71, 
181.95, 65, 150.0, 150.0, 59, 150.0, 53, 150.0, 150.0, 150.0, 150.0, 116, 147, 65, 147, 147, 148, 148, 89, 83, 71, 
182.05, 65, 150.0, 150.0, 59, 150.0, 53, 150.0, 150.0, 150.0, 150.0, 65, 147, 65, 147, 147, 148, 148, 89, 83, 71, 
182.10, 65, 150.0, 150.0, 59, 150.0, 53, 150.0, 150.0, 150.0, 150.0, 65, 147, 65, 147, 147, 148, 148, 89, 83, 59, 
182.15, 65, 150.0, 59, 59, 150.0, 53, 150.0, 150.0, 150.0, 150.0, 65, 147, 65, 147, 147, 148, 148, 89, 83, 59, 
182.50, 65, 150.0, 59, 59, 150.0, 53, 150.0, 150.0, 150.0, 150.0, 65, 147, 65, 147, 147, 148, 148, 89, 59, 59, 
182.65, 65, 150.0, 59, 59, 150.0, 59, 150.0, 150.0, 150.0, 150.0, 65, 147, 65, 147, 147, 148, 148, 89, 59, 59, 
182.75, 65, 150.0, 59, 59, 150.0, 59, 150.0, 150.0, 150.0, 150.0, 59, 147, 65, 147, 147, 148, 148, 89, 59, 59, 
183.25, 65, 150.0, 59, 59, 150.0, 59, 150.0, 150.0, 150.0, 150.0, 59, 147, 65, 147, 147, 148, 148, 83, 59, 59, 
183.35, 65, 150.0, 59, 59, 150.0, 59, 150.0, 150.0, 150.0, 150.0, 59, 147, 65, 147, 147, 148, 148, 77, 59, 59, 
183.40, 65, 150.0, 59, 59, 150.0, 59, 150.0, 150.0, 150.0, 150.0, 59, 147, 65, 71, 147, 148, 148, 77, 59, 59, 
183.85, 65, 150.0, 59, 59, 150.0, 59, 150.0, 150.0, 150.0, 150.0, 59, 147, 65, 65, 147, 148, 148, 77, 59, 59, 
183.95, 65, 150.0, 59, 59, 150.0, 59, 150.0, 150.0, 150.0, 150.0, 59, 147, 65, 59, 147, 148, 148, 77, 59, 59, 
184.50, 1, 150.0, 59, 59, 150.0, 59, 150.0, 150.0, 150.0, 150.0, 59, 147, 65, 59, 147, 148, 148, 77, 59, 59, 
184.65, 1, 150.0, 59, 59, 150.0, 59, 150.0, 150.0, 150.0, 150.0, 59, 147, 65, 59, 147, 148, 148, 52, 59, 59, 
184.75, 1, 150.0, 59, 59, 150.0, 59, 150.0, 150.0, 150.0, 150.0, 59, 147, 65, 59, 147, 148, 148, 52, 50.0, 59, 
184.85, 1, 150.0, 59, 59, 150.0, 59, 150.0, 150.0, 150.0, 150.0, 59, 147, 65, 59, 147, 148, 148, 50.0, 50.0, 59, 
185.35, 8, 150.0, 59, 59, 150.0, 59, 150.0, 150.0, 150.0, 150.0, 59, 147, 65, 59, 147, 148, 148, 50.0, 50.0, 59, 
185.60, 8, 150.0, 59, 59, 150.0, 59, 150.0, 150.0, 150.0, 150.0, 59, 147, 65, 59, 147, 148, 148, 50.0, 50.0, 59, 
185.75, 8, 150.0, 59, 59, 150.0, 15, 150.0, 150.0, 150.0, 150.0, 59, 147, 65, 59, 147, 148, 148, 50.0, 50.0, 59, 
185.80, 8, 150.0, 59, 59, 150.0, 15, 150.0, 150.0, 150.0, 150.0, 59, 147, 65, 59, 147, 148, 148, 50.0, 50.0, 59, 
185.90, 8, 150.0, 59, 59, 150.0, 22, 150.0, 150.0, 150.0, 150.0, 59, 147, 65, 59, 147, 148, 148, 50.0, 50.0, 59, 
185.95, 8, 150.0, 59, 59, 150.0, 22, 150.0, 150.0, 150.0, 150.0, 59, 147, 65, 50.0, 147, 148, 148, 50.0, 50.0, 59, 
186.00, 8, 150.0, 59, 59, 150.0, 29, 150.0, 150.0, 150.0, 150.0, 59, 147, 65, 50.0, 147, 148, 148, 50.0, 50.0, 59, 
186.30, 8, 150.0, 59, 59, 150.0, 37, 150.0, 150.0, 150.0, 150.0, 59, 147, 65, 50.0, 147, 148, 148, 50.0, 50.0, 59, 
186.35, 45, 150.0, 59, 59, 150.0, 37, 150.0, 150.0, 150.0, 150.0, 59, 147, 65, 50.0, 147, 148, 148, 50.0, 50.0, 59, 
186.45, 53, 150.0, 59, 59, 150.0, 37, 150.0, 150.0, 150.0, 150.0, 59, 147, 65, 50.0, 147, 148, 148, 50.0, 50.0, 59, 
186.55, 53, 150.0, 59, 59, 150.0, 45, 150.0, 150.0, 150.0, 150.0, 59, 147, 65, 50.0, 147, 148, 148, 50.0, 50.0, 59, 
187.45, 53, 150.0, 59, 59, 150.0, 45, 150.0, 150.0, 150.0, 150.0, 59, 147, 65, 50.0, 147, 148, 148, 50.0, 50.0, 59, 
187.55, 53, 150.0, 59, 59, 150.0, 53, 150.0, 150.0, 150.0, 150.0, 59, 147, 65, 50.0, 147, 148, 148, 50.0, 50.0, 59, 
188.05, 53, 150.0, 59, 59, 150.0, 53, 150.0, 150.0, 150.0, 150.0, 59, 147, 65, 50.0, 147, 148, 148, 50.0, 50.0, 50.0, 
188.30, 53, 150.0, 59, 59, 150.0, 53, 150.0, 150.0, 150.0, 150.0, 59, 147, 65, 50.0, 147, 148, 148, 50.0, 50.0, 50.0, 
188.35, 53, 150.0, 59, 59, 150.0, 53, 150.0, 150.0, 150.0, 150.0, 59, 147, 65, 50.0, 147, 148, 148, 50.0, 50.0, 50.0, 
188.55, 53, 150.0, 59, 59, 150.0, 53, 150.0, 150.0, 150.0, 150.0, 59, 147, 65, 50.0, 147, 148, 148, 50.0, 50.0, 50.0, 
188.85, 53, 150.0, 59, 59, 150.0, 53, 150.0, 150.0, 150.0, 150.0, 59, 147, 65, 50.0, 147, 148, 148, 50.0, 50.0, 50.0, 
189.55, 53, 150.0, 59, 59, 150.0, 53, 150.0, 150.0, 150.0, 150.0, 59, 147, 65, 50.0, 147, 148, 148, 50.0, 50.0, 50.0, 
189.90, 53, 150.0, 59, 59, 150.0, 53, 150.0, 150.0, 150.0, 150.0, 59, 147, 65, 50.0, 147, 148, 148, 50.0, 50.0, 50.0, 
190.05, 53, 150.0, 59, 59, 150.0, 53, 150.0, 150.0, 150.0, 150.0, 59, 147, 65, 50.0, 147, 148, 148, 50.0, 50.0, 50.0, 
190.25, 53, 150.0, 59, 59, 150.0, 53, 150.0, 150.0, 150.0, 150.0, 59, 147, 65, 50.0, 147, 148, 148, 50.0, 50.0, 50.0, 
190.40, 53, 150.0, 1, 59, 150.0, 53, 150.0, 150.0, 150.0, 150.0, 59, 147, 65, 50.0, 147, 148, 148, 50.0, 50.0, 50.0, 
190.45, 53, 150.0, 1, 59, 150.0, 53, 150.0, 150.0, 150.0, 150.0, 59, 147, 65, 50.0, 147, 148, 148, 50.0, 50.0, 50.0, 
190.90, 53, 150.0, 1, 59, 150.0, 53, 150.0, 150.0, 150.0, 150.0, 59, 147, 65, 50.0, 147, 148, 148, 50.0, 50.0, 50.0, 
191.05, 53, 150.0, 1, 59, 150.0, 53, 150.0, 150.0, 150.0, 150.0, 59, 50.0, 65, 50.0, 147, 148, 148, 50.0, 50.0, 50.0, 
191.30, 53, 150.0, 1, 59, 150.0, 53, 150.0, 150.0, 150.0, 150.0, 59, 50.0, 65, 50.0, 147, 148, 148, 50.0, 50.0, 50.0, 
191.40, 53, 150.0, 1, 59, 150.0, 53, 150.0, 150.0, 13, 150.0, 59, 50.0, 65, 50.0, 147, 148, 148, 50.0, 50.0, 50.0, 
191.45, 53, 150.0, 1, 59, 150.0, 53, 150.0, 150.0, 13, 150.0, 59, 50.0, 50.0, 50.0, 147, 148, 148, 50.0, 50.0, 50.0, 
191.55, 53, 150.0, 25, 59, 150.0, 53, 150.0, 150.0, 13, 150.0, 59, 50.0, 50.0, 50.0, 147, 148, 148, 50.0, 50.0, 50.0, 
191.70, 53, 150.0, 25, 59, 150.0, 53, 150.0, 150.0, 37, 150.0, 59, 50.0, 50.0, 50.0, 147, 148, 148, 50.0, 50.0, 50.0, 
191.90, 53, 150.0, 25, 59, 150.0, 53, 150.0, 150.0, 37, 150.0, 59, 50.0, 50.0, 50.0, 147, 148, 148, 50.0, 50.0, 50.0, 
192.30, 53, 150.0, 25, 59, 150.0, 53, 150.0, 150.0, 37, 150.0, 59, 50.0, 50.0, 50.0, 147, 148, 148, 50.0, 50.0, 50.0, 
192.50, 53, 150.0, 50, 59, 150.0, 53, 150.0, 150.0, 37, 150.0, 59, 50.0, 50.0, 50.0, 147, 148, 148, 50.0, 50.0, 50.0, 
192.55, 53, 150.0, 50, 59, 150.0, 53, 150.0, 150.0, 50, 150.0, 59, 50.0, 50.0, 50.0, 147, 148, 148, 50.0, 50.0, 50.0, 
192.75, 53, 150.0, 50, 59, 150.0, 53, 150.0, 150.0, 50, 150.0, 59, 50.0, 50.0, 50.0, 147, 148, 148, 50.0, 50.0, 50.0, 
193.25, 53, 150.0, 50, 59, 150.0, 53, 150.0, 150.0, 50, 150.0, 59, 50.0, 50.0, 50.0, 147, 148, 148, 50.0, 50.0, 50.0, 
193.85, 53, 150.0, 50, 59, 150.0, 53, 150.0, 150.0, 50, 150.0, 59, 50.0, 50.0, 50.0, 147, 148, 148, 50.0, 50.0, 50.0, 
193.95, 53, 150.0, 50, 59, 150.0, 53, 150.0, 150.0, 50, 150.0, 59, 50.0, 50.0, 50.0, 147, 148, 148, 50.0, 50.0, 50.0, 
194.10, 53, 150.0, 50, 59, 150.0, 53, 150.0, 150.0, 50, 150.0, 59, 50.0, 50.0, 50.0, 147, 148, 148, 50.0, 50.0, 50.0, 
194.55, 53, 150.0, 50, 59, 150.0, 53, 150.0, 150.0, 50, 150.0, 50.0, 50.0, 50.0, 50.0, 147, 148, 148, 50.0, 50.0, 50.0, 
195.05, 53, 150.0, 50, 59, 150.0, 53, 150.0, 150.0, 50, 150.0, 50.0, 50.0, 50.0, 50.0, 147, 148, 148, 50.0, 50.0, 50.0, 
195.15, 53, 150.0, 50, 59, 150.0, 53, 150.0, 150.0, 50, 150.0, 50.0, 50.0, 50.0, 50.0, 147, 148, 148, 50.0, 50.0, 50.0, 
195.30, 53, 150.0, 50, 59, 150.0, 53, 150.0, 150.0, 50, 150.0, 50.0, 50.0, 50.0, 50.0, 147, 148, 148, 50.0, 50.0, 50.0, 
195.40, 53, 150.0, 50, 59, 150.0, 53, 150.0, 150.0, 50, 150.0, 50.0, 50.0, 50.0, 50.0, 147, 148, 148, 50.0, 50.0, 50.0, 
195.55, 53, 150.0, 50, 59, 150.0, 53, 150.0, 150.0, 50, 150.0, 50.0, 50.0, 50.0, 50.0, 147, 148, 148, 50.0, 50.0, 50.0, 
195.70, 53, 150.0, 50, 59, 150.0, 53, 150.0, 150.0, 50, 150.0, 50.0, 50.0, 50.0, 50.0, 147, 148, 148, 50.0, 50.0, 50.0, 
195.85, 53, 150.0, 50, 59, 150.0, 53, 150.0, 150.0, 50, 150.0, 50.0, 50.0, 50.0, 50.0, 147, 148, 148, 50.0, 50.0, 50.0, 
195.95, 53, 150.0, 50, 59, 150.0, 53, 150.0, 150.0, 50, 150.0, 50.0, 50.0, 50.0, 50.0, 147, 148, 148, 50.0, 50.0, 50.0, 
196.20, 53, 150.0, 50, 59, 150.0, 53, 150.0, 150.0, 50, 150.0, 50.0, 50.0, 50.0, 50.0, 147, 148, 148, 50.0, 50.0, 50.0, 
196.40, 53, 150.0, 50, 59, 150.0, 53, 150.0, 150.0, 50, 150.0, 50.0, 50.0, 50.0, 50.0, 147, 148, 148, 50.0, 50.0, 50.0, 
196.65, 53, 150.0, 50, 59, 150.0, 53, 150.0, 150.0, 50, 150.0, 50.0, 50.0, 50.0, 50.0, 147, 148, 148, 50.0, 50.0, 50.0, 
196.85, 53, 150.0, 50, 59, 150.0, 53, 150.0, 150.0, 50, 150.0, 50.0, 50.0, 50.0, 50.0, 147, 148, 148, 50.0, 50.0, 50.0, 
197.05, 53, 150.0, 50, 59, 150.0, 53, 150.0, 150.0, 50, 150.0, 50.0, 50.0, 50.0, 50.0, 147, 148, 148, 50.0, 50.0, 50.0, 
197.15, 53, 150.0, 50, 59, 150.0, 53, 150.0, 150.0, 50, 150.0, 50.0, 50.0, 50.0, 50.0, 147, 148, 148, 50.0, 50.0, 50.0, 
197.25, 53, 150.0, 50, 59, 150.0, 53, 150.0, 150.0, 50, 150.0, 50.0, 50.0, 50.0, 50.0, 147, 148, 50.0, 50.0, 50.0, 50.0, 
197.55, 53, 150.0, 50, 59, 150.0, 53, 150.0, 150.0, 50, 150.0, 50.0, 50.0, 50.0, 50.0, 147, 148, 50.0, 50.0, 50.0, 50.0, 
198.35, 53, 150.0, 50, 59, 150.0, 53, 150.0, 150.0, 50, 150.0, 50.0, 50.0, 50.0, 50.0, 147, 148, 50.0, 50.0, 50.0, 50.0, 
198.40, 53, 150.0, 50, 1, 150.0, 53, 150.0, 150.0, 50, 150.0, 50.0, 50.0, 50.0, 50.0, 147, 148, 50.0, 50.0, 50.0, 50.0, 
198.50, 53, 150.0, 50, 1, 150.0, 53, 150.0, 150.0, 50, 150.0, 50.0, 50.0, 50.0, 50.0, 147, 148, 50.0, 50.0, 50.0, 50.0, 
198.65, 53, 150.0, 50, 1, 150.0, 53, 150.0, 150.0, 50, 150.0, 50.0, 50.0, 50.0, 50.0, 147, 148, 50.0, 50.0, 50.0, 50.0, 
198.80, 53, 150.0, 50, 1, 150.0, 53, 150.0, 150.0, 50, 51, 50.0, 50.0, 50.0, 50.0, 147, 148, 50.0, 50.0, 50.0, 50.0, 
199.00, 53, 150.0, 50, 55, 150.0, 53, 150.0, 150.0, 50, 51, 50.0, 50.0, 50.0, 50.0, 147, 148, 50.0, 50.0, 50.0, 50.0, 
199.25, 53, 150.0, 50, 55, 150.0, 53, 150.0, 150.0, 50, 51, 50.0, 50.0, 50.0, 50.0, 147, 148, 50.0, 50.0, 50.0, 50.0, 
199.45, 53, 150.0, 50, 55, 150.0, 53, 150.0, 150.0, 50, 51, 50.0, 50.0, 50.0, 50.0, 147, 148, 50.0, 50.0, 50.0, 50.0, 
